tree
version=v4
num_class=1
num_tree_per_iteration=1
label_index=0
max_feature_idx=29
objective=binary sigmoid:1
feature_names=Column_0 Column_1 Column_2 Column_3 Column_4 Column_5 Column_6 Column_7 Column_8 Column_9 Column_10 Column_11 Column_12 Column_13 Column_14 Column_15 Column_16 Column_17 Column_18 Column_19 Column_20 Column_21 Column_22 Column_23 Column_24 Column_25 Column_26 Column_27 Column_28 Column_29
feature_infos=[-0.19873887300491333:17.748861312866211] [-2.5429623126983643:14.257283210754395] [-2.3684990406036377:3.417130708694458] [-5.2116341590881348:1.9973404407501221] [-1.3125834465026855:3.8703055381774902] [-1.2179901599884033:7.201075553894043] [-0.49894404411315918:2.0042328834533691] [-0.10436694324016571:27.21246337890625] [-0.23471954464912415:15.449919700622559] [-0.10304126888513565:27.652080535888672] [-3.3339221477508545:3.166459321975708] [-1.5064201354980469:6.7684974670410156] [-2.6697907447814941:3.6360647678375244] [-1.4012824296951294:5.7528414726257324] [-1.3101245164871216:5.4673323631286621] [-2.4225170612335205:4.0585508346557617] [-0.75890547037124634:11.153684616088867] [-2.3721742630004883:5.0672883987426758] [-1.2870168685913086:6.2782254219055176] [-1.3569271564483643:9.9959554672241211] [-1.6789261102676392:1.4979574680328369] none none none none none [-2.3349833488464355:20.918832778930664] [-1.7740473747253418:8.331573486328125] [-5.2116341590881348:1.9973404407501221] [-2.5429623126983643:14.257283210754395]
tree_sizes=962 1069 1176 1616 1824 2490 2829 2937 3050 3052 3161 2953 3160 3506 3488 3508 3491 3505 3488 3400 3495 3497 3506 3510 3490 3491 3497 3501 3509 3529 3516 3405 3533 3514 3504 3525 3531 3524 3529 3525 3528 3530 3518 3502 3523 3537 3526 3525 3530 3507 3517 3492 3508 3500 3499 3524 3526 3526 3538 3537 3496 3502 3498 3519 3494 3487 3507 3508 3513 3506 3502 3514 3514 3530 3521 3504 3501 3516 3510 3519 3512 3516 3516 3517 3521 3513 3510 3529 3525 3551 3544 3542 3531 3535 3549 3543 3550 3543 3544 3553

Tree=0
num_leaves=8
num_cat=0
split_feature=26 13 2 6 12 0 0
split_gain=481.425 93.0662 56.9549 13.2065 0.247425 5.68434e-14 2.84217e-14
threshold=1.0000000180025095e-35 0.495779499411583 -0.023998836055397984 1.0000000180025095e-35 -1.7887440919876096 0.16981452703475955 -0.19543263316154477
decision_type=2 2 2 2 2 2 2
left_child=2 6 -1 4 -4 -6 -2
right_child=1 -3 3 -5 5 -7 -8
leaf_value=-1.3035957797944091 -1.3714230406697518 -1.1028270876033952 -1.0879050902108203 -1.1767882920709427 -1.0729830928182444 -1.0729830928182444 -1.3714230406697518
leaf_weight=3.6858337521553066 4.5235232412815085 3.3507579565048209 3.350757956504828 3.8533716499805442 12.900418132543566 3.3507579565048209 81.423418343067169
leaf_count=22 27 20 20 23 77 20 486
internal_value=-1.3079 -1.36134 -1.12088 -1.09217 -1.07553 -1.07298 -1.37142
internal_weight=0 89.2977 27.1411 23.4553 19.6019 16.2512 85.9469
internal_count=695 533 162 140 117 97 513
is_linear=0
shrinkage=1


Tree=1
num_leaves=9
num_cat=0
split_feature=14 13 3 26 12 19 7 0
split_gain=449.841 71.6279 7.39272 2.19981 0.289073 0.0259001 0.0087691 2.84217e-14
threshold=0.15971898287534717 0.30250519514083868 0.29989196360111242 1.0000000180025095e-35 1.3660307526588442 1.7858556509017947 -0.0051548136398196212 -0.08007402345538138
decision_type=2 2 2 2 2 2 2 2
left_child=1 3 -2 -1 5 6 -4 -5
right_child=2 -3 4 7 -6 -7 -8 -9
leaf_value=-0.022845903887969352 0.13368664070316266 0.15289730643592606 0.19639432071844809 -0.062687281864109365 0.18455957856387675 0.20227233385422166 0.19928489162144797 -0.062687281864109365
leaf_weight=3.617139756679534 6.0113403052091625 4.1007302254438391 4.3647936880588594 76.839872002601624 3.9752126634120932 5.7679284363985053 6.5779468715190879 5.3271339833736411
leaf_count=21 33 22 23 476 21 31 35 33
internal_value=0 -0.0512486 0.182495 -0.0610073 0.196678 0.199561 0.198132 -0.0626873
internal_weight=0 89.8849 26.6972 85.7841 20.6859 16.7107 10.9427 82.167
internal_count=695 552 143 530 110 89 58 509
is_linear=0
shrinkage=0.05


Tree=2
num_leaves=10
num_cat=0
split_feature=14 19 26 3 12 11 2 2 0
split_gain=381.45 49.8658 7.05129 5.32296 0.192545 0.0204264 0.00539855 2.97555e-05 2.84217e-14
threshold=0.15971898287534717 0.45549815893173223 1.0000000180025095e-35 0.29989196360111242 1.3660307526588442 0.30880382657051092 0.90591681003570568 -1.3757238984107969 -0.18270532786846158
decision_type=2 2 2 2 2 2 2 2 2
left_child=1 2 -1 -2 5 -5 -7 -4 -9
right_child=3 -3 7 4 -6 6 -8 8 -10
leaf_value=0.0031753683533135278 0.1186940310211364 0.12493222908830269 -0.062070095451579876 0.17512897439456213 0.16078362570072963 0.17027570912479753 0.17233249297751851 -0.061916364236731782 -0.061916364236731782
leaf_weight=4.3915624767541876 6.420527175068858 3.8782570213079444 3.2844940871000281 5.30283951759339 4.3247399181127539 5.6002120524644834 7.4140130132436752 38.854643702507019 36.678783655166626
leaf_count=25 33 20 21 26 21 27 36 250 236
internal_value=0 -0.0503189 -0.0584871 0.158878 0.170273 0.172513 0.171447 -0.0619228 -0.0619164
internal_weight=0 87.0877 83.2095 29.0623 22.6418 18.3171 13.0142 78.8179 75.5334
internal_count=695 552 532 143 110 89 63 507 486
is_linear=0
shrinkage=0.05


Tree=3
num_leaves=14
num_cat=0
split_feature=26 13 8 6 11 3 18 16 15 0 13 2 0
split_gain=305.604 65.7027 28.2788 7.90189 0.681499 0.275995 0.0847505 0.0137354 0.00271558 0.000106356 8.98683e-05 2.37645e-09 2.84217e-14
threshold=1.0000000180025095e-35 0.59092998504638683 -0.22526379674673078 1.0000000180025095e-35 2.6519032716751103 0.29989196360111242 0.44167216122150427 0.21363908052444461 0.6162400245666505 -0.04702463932335376 0.011456758715212347 -1.3083198666572569 -0.12799125164747235
decision_type=2 2 2 2 2 2 2 2 2 2 2 2 2
left_child=2 8 -1 4 5 -4 -7 -8 9 10 11 -2 -13
right_child=1 -3 3 -5 -6 6 7 -9 -10 -11 -12 12 -14
leaf_value=-0.0074601275601082059 -0.061199572762147381 0.14288375881647405 0.16887716441982803 0.082346247517897181 0.13554156099543466 0.16010846241939991 0.15463758538848782 0.15116738647459502 -0.062722192725378767 -0.061515403258503104 -0.061479212560284303 -0.061200921796670374 -0.061200921796670284
leaf_weight=3.4766846746206275 3.4387661069631568 4.152619704604148 4.1650804579258063 4.5618882626295081 4.3111027777194968 4.9348368644714382 4.3745167255401602 8.1901625245809537 3.1585703343152991 3.0265164822340003 3.0289645045995703 59.211098134517663 5.2333041280508104
leaf_count=20 23 19 20 22 20 23 20 37 20 20 20 396 35
internal_value=0 -0.0508515 0.127655 0.143038 0.153697 0.157309 0.154556 0.152376 -0.0612865 -0.0612251 -0.0612127 -0.0612009 -0.0612009
internal_weight=0 81.2498 34.0143 30.5376 25.9757 21.6646 17.4995 12.5647 77.0972 73.9386 70.9121 67.8832 64.4444
internal_count=695 533 162 142 120 100 80 57 514 494 474 454 431
is_linear=0
shrinkage=0.05


Tree=4
num_leaves=16
num_cat=0
split_feature=26 13 8 6 12 3 18 12 15 17 13 0 0 13 3
split_gain=269.815 59.3607 23.2782 6.3623 0.562197 0.225533 0.0629618 0.00739422 0.00229021 9.1674e-05 7.52959e-05 7.26556e-09 1.15004e-09 1.00115e-10 7.02016e-12
threshold=1.0000000180025095e-35 0.59092998504638683 -0.22526379674673078 1.0000000180025095e-35 -1.7887440919876096 0.29989196360111242 0.44167216122150427 0.41294881701469427 0.6162400245666505 1.372573256492615 0.020027300342917446 -0.06192429177463054 -0.19492817670106885 -0.066202796995639787 -0.85507264733314503
decision_type=2 2 2 2 2 2 2 2 2 2 2 2 2 2 2
left_child=2 8 -1 4 -4 -6 -7 -8 9 10 11 12 -2 14 -14
right_child=1 -3 3 -5 5 6 7 -9 -10 -11 -12 -13 13 -15 -16
leaf_value=-0.0071166680196674678 -0.06053513195520998 0.12946095359049983 0.12297827798535731 0.07568677029410309 0.15203824750566722 0.14407590985991084 0.13667860477463525 0.13917440127060457 -0.06195989822363606 -0.060833396636561288 -0.060795605012236908 -0.0605333218682685 -0.06053589256064193 -0.060535665761777852 -0.060535972663516083
leaf_weight=3.462618112564086 4.5998633056878964 4.3484728038310996 4.7555876225233105 4.7110183089971533 4.4090771377086666 5.2057933807373074 8.3518434911966306 4.60337971150875 3.0405486971139899 2.9110315442085257 2.9128050506114951 2.8745930194854799 2.8750503212213436 2.8750099539756837 52.038669586181641
leaf_count=20 32 19 21 22 20 23 36 20 20 20 20 20 20 20 362
internal_value=0 -0.0500836 0.116039 0.129351 0.138602 0.141894 0.139432 0.137565 -0.0606161 -0.0605586 -0.0605469 -0.0605358 -0.0605359 -0.060536 -0.060536
internal_weight=0 78.476 35.4993 32.0367 27.3257 22.5701 18.161 12.9552 74.1276 71.087 68.176 65.2632 62.3886 57.7887 54.9137
internal_count=695 533 162 142 120 99 79 56 514 494 474 454 434 402 382
is_linear=0
shrinkage=0.05


Tree=5
num_leaves=22
num_cat=0
split_feature=14 13 3 1 26 12 17 17 3 19 3 17 4 9 13 17 17 9 5 8 13
split_gain=260.594 32.129 12.3895 14.3694 1.64227 0.165037 0.0493426 0.0126042 0.0123498 0.000117607 1.95984e-05 9.56516e-08 3.97747e-08 2.72204e-08 1.59849e-08 3.6902e-09 3.73423e-09 5.36067e-09 1.95975e-10 4.9738e-14 7.10543e-15
threshold=0.0091088395565748232 0.32629279792308813 0.27150651812553411 -0.81352543830871571 1.0000000180025095e-35 1.7280540466308596 -0.88659089803695668 -2.0758272409439082 1.0134522914886477 0.13972511887550357 -1.4905775785446165 -0.62680625915527333 0.70298442244529735 -0.052138864994049065 -0.0067337629152461878 1.3302379846572878 -0.44207051396369929 -0.088140629231929765 -0.85844269394874562 -0.22526379674673078 -0.25650368630886072
decision_type=2 2 2 2 2 2 2 2 2 2 2 2 2 2 2 2 2 2 2 2 2
left_child=1 4 3 -2 -1 6 7 -4 -8 10 -6 12 -12 14 15 16 17 -13 -18 -20 -21
right_child=2 -3 5 -5 9 -7 8 -9 -10 -11 11 13 -14 -15 -16 -17 18 -19 19 20 -22
leaf_value=-0.026356263078459837 0.1222602637157566 0.11099521972570009 0.13030632098664385 -0.0089182389979327505 -0.060051132219631743 0.11917163790431028 0.12563369397489588 0.1339243643539855 0.12874287077816077 -0.060251086756239525 -0.059913838533668412 -0.05991417231797979 -0.059906247596683532 -0.059912435188388763 -0.05991287459296455 -0.059915049091427246 -0.059916662689306038 -0.059917088237672569 -0.05991709364912589 -0.059917088107493001 -0.059917088711920079
leaf_weight=3.8405415564775458 4.2703407853841782 2.9165323078632346 4.7255972474813461 4.0842929780483228 2.7824211567640296 4.7349490970373145 5.5105768144130725 4.9064956605434435 7.5967143028974533 2.8145345002412787 3.4522113502025595 2.8999227583408356 3.4504387378692627 4.280336067080504 2.7615908682346335 2.9000962972640982 2.9004113376140515 3.4529701173305432 4.5579214245080868 26.795047879219045 7.1821780204773189
leaf_count=22 19 13 20 22 20 20 23 21 32 20 25 21 25 31 20 21 21 25 33 194 52
internal_value=0 -0.051784 0.11145 0.0581316 -0.0581934 0.127664 0.129432 0.132149 0.127436 -0.0599344 -0.0599212 -0.0599156 -0.05991 -0.0599163 -0.0599166 -0.0599168 -0.0599169 -0.0599158 -0.0599171 -0.0599171 -0.0599171
internal_weight=0 76.9872 35.829 8.35463 74.0706 27.4743 22.7394 9.63209 13.1073 70.2301 67.4155 64.6331 6.90265 57.7305 53.4501 50.6885 47.7885 6.35289 41.4356 38.5351 33.9772
internal_count=700 543 157 41 530 116 96 41 55 508 488 468 50 418 387 367 346 46 300 279 246
is_linear=0
shrinkage=0.05


Tree=6
num_leaves=25
num_cat=0
split_feature=26 13 8 0 18 3 7 20 13 0 19 13 0 2 15 17 2 5 3 17 17 9 9 0
split_gain=215.831 46.8503 23.4643 1.64731 0.885236 0.0861394 0.0234849 0.00831474 0.00216299 0.000405309 9.76666e-05 3.85984e-06 1.48308e-06 4.4552e-06 1.91255e-07 3.06814e-09 1.99478e-09 3.01974e-10 2.04778e-11 3.59535e-12 3.05533e-13 1.84741e-13 1.6076e-13 7.10543e-15
threshold=1.0000000180025095e-35 0.59092998504638683 -0.22526379674673078 -0.16555932164192197 -0.026143180206418034 0.34423165023326879 -0.096663739532232271 0.75146761536598217 0.06462907046079637 -0.031402057036757462 0.11730336397886278 -0.036468276754021638 -0.1937829181551933 -0.97531357407569874 0.54965367913246166 1.2936757206916811 -1.3757238984107969 -0.745326668024063 0.35252641141414648 -0.65951988101005543 -0.43052452802658076 -0.07541503012180327 -0.088140629231929765 -0.16652473807334897
decision_type=2 2 2 2 2 2 2 2 2 2 2 2 2 2 2 2 2 2 2 2 2 2 2 2
left_child=2 8 -1 -4 -5 -6 -7 -8 9 10 11 12 13 16 15 17 -2 -14 19 -19 22 23 -21 -22
right_child=1 -3 3 4 5 6 7 -9 -10 -11 -12 -13 14 -15 -16 -17 -18 18 -20 20 21 -23 -24 -25
leaf_value=-0.023040726348530761 -0.059338173514534742 0.10947576158747951 0.087441631970023415 0.100914392920497 0.12676223660411465 0.12240249869210601 0.11967204196579376 0.11675288979576831 -0.06076225056906788 -0.059995736997087351 -0.059652928513330039 -0.059399327655164036 -0.059339786029564079 -0.05941576471145759 -0.05932726357252377 -0.059338550496340785 -0.059339943760300766 -0.05934039961775598 -0.059340202519323232 -0.059340361362973132 -0.059340338556055673 -0.059340352420773457 -0.059340343901447073 -0.059340338682689925
leaf_weight=3.5923451930284491 2.6521226763725281 4.3627491146326056 5.8988360017538062 6.8150118142366436 5.9515893161296871 5.0680305212736156 4.8606047183275169 4.8969501256942749 2.9728983938693991 2.5996094346046439 2.7035279870033255 3.1961224973201814 2.6524361073970715 2.6665371656417758 3.0474934726953498 2.6521962434053412 3.9787002056837082 2.9178108125924984 2.6525170952081671 2.6525481641292572 24.005518674850457 2.6525463163853038 2.6525445878505591 2.7851706892251995
leaf_count=21 20 18 25 29 25 21 20 20 21 19 20 24 20 20 23 20 30 22 20 20 181 20 20 21
internal_value=0 -0.0494574 0.0983987 0.111425 0.116552 0.121681 0.119641 0.118207 -0.0594428 -0.0593837 -0.0593588 -0.0593458 -0.0593429 -0.0593612 -0.0593394 -0.0593402 -0.0593392 -0.0593403 -0.0593403 -0.0593403 -0.0593403 -0.0593403 -0.0593404 -0.0593403
internal_weight=0 73.803 37.0834 33.491 27.5922 20.7772 14.8256 9.75755 69.4403 66.4674 63.8678 61.1643 57.9681 9.29736 48.6708 45.6233 6.63082 42.9711 40.3187 37.6661 34.7483 29.4432 5.30509 26.7907
internal_count=700 539 161 140 115 86 61 40 521 500 481 461 437 70 367 344 50 324 304 284 262 222 40 202
is_linear=0
shrinkage=0.05


Tree=7
num_leaves=26
num_cat=0
split_feature=14 13 3 1 26 12 17 3 2 19 2 15 13 0 17 0 5 13 19 15 17 9 5 5 0
split_gain=213.303 24.4029 10.6181 12.5463 1.54167 0.141709 0.0337557 0.00781561 0.00468865 8.3011e-05 1.39582e-05 4.20859e-07 1.35513e-07 3.81091e-08 3.79785e-09 6.12275e-10 1.41906e-10 2.19771e-11 1.71454e-11 4.85301e-12 4.26326e-13 1.63425e-13 1.42109e-14 9.76996e-15 3.55271e-15
threshold=1.0000000180025095e-35 0.32629279792308813 0.27150651812553411 -0.81352543830871571 1.0000000180025095e-35 1.7280540466308596 -0.88659089803695668 1.0134522914886477 1.0342621803283694 0.13972511887550357 -1.4314751029014585 0.59404459595680248 0.0051600427832454452 -0.06192429177463054 1.3475568890571596 -0.1937829181551933 -0.69684836268424977 -0.089990407228469835 -0.035911966115236275 0.49315625429153448 -0.45554082095623011 -0.07541503012180327 -0.40597850084304804 -0.5998917520046233 -0.18002969771623609
decision_type=2 2 2 2 2 2 2 2 2 2 2 2 2 2 2 2 2 2 2 2 2 2 2 2 2
left_child=1 4 3 -2 -1 6 8 -8 -4 10 -6 12 13 14 15 16 -12 18 19 20 -17 22 23 -22 -24
right_child=2 -3 5 -5 9 -7 7 -9 -10 -11 11 -13 -14 -15 -16 17 -18 -19 -20 -21 21 -23 24 -25 -26
leaf_value=-0.026011553864472559 0.10662402893159728 0.093130329029500566 0.11355172774479866 -0.012797843175198907 -0.058919419931240315 0.1030875002300862 0.10937908558913632 0.11179162693598355 0.11571043266239223 -0.059093873150261295 -0.058801405504365745 -0.058780373840160251 -0.05879044217026716 -0.05879575500819878 -0.05880014076004382 -0.058802220633758562 -0.058801883406891457 -0.058802054091242367 -0.058802109439956091 -0.05880226634500875 -0.058802205344403162 -0.05880221439942155 -0.058802200943971074 -0.058802200964376598 -0.058802201067814232
leaf_weight=3.791991487145423 4.4854994267225266 2.8187163174152365 5.1695761680603045 4.3150856792926771 2.5647581964731208 4.9276840537786475 5.7074888944625881 8.1516163945198041 4.8991458714008331 2.5951741933822623 2.9273486733436584 2.541252762079238 2.797626703977584 2.5443748533725801 2.5452648997306815 3.6912445574998776 3.3093020766973416 2.8002173155546251 4.7094773948192588 3.5639729499816886 2.5456830412149429 2.6729691624641552 12.855695098638533 2.5456821918487504 7.2551945000886944
leaf_count=22 19 12 21 24 20 20 23 33 20 20 23 20 22 20 20 29 26 22 37 28 20 21 101 20 57
internal_value=0 -0.0510407 0.0961459 0.0480693 -0.0569944 0.110809 0.112399 0.110798 0.114602 -0.0588168 -0.0588052 -0.0588003 -0.0588012 -0.0588017 -0.058802 -0.0588021 -0.0588017 -0.0588022 -0.0588022 -0.0588022 -0.0588022 -0.0588022 -0.0588022 -0.0588022 -0.0588022
internal_weight=0 71.0759 37.6561 8.80059 68.2572 28.8555 23.9278 13.8591 10.0687 64.4652 61.8701 59.3053 56.7641 53.9664 51.4221 48.8768 6.23665 42.6401 39.8399 35.1304 31.5665 27.8752 25.2023 5.09137 20.1109
internal_count=700 540 160 43 528 117 97 56 41 506 486 466 446 424 404 384 49 335 313 276 248 219 198 40 158
is_linear=0
shrinkage=0.05


Tree=8
num_leaves=27
num_cat=0
split_feature=14 13 28 1 26 2 17 5 14 19 28 15 13 0 17 2 0 13 19 15 17 9 5 0 0 0
split_gain=194.066 22.5868 9.45934 11.0044 1.5588 0.136079 0.0260042 0.0058756 0.00566268 6.98751e-05 1.18163e-05 3.52266e-07 1.13383e-07 3.1844e-08 3.13968e-09 9.17517e-10 1.32658e-10 1.99023e-11 1.28111e-11 3.44613e-12 2.98428e-13 2.84217e-14 2.13163e-14 7.10543e-15 7.10543e-15 3.55271e-15
threshold=1.0000000180025095e-35 0.32629279792308813 0.27150651812553411 -0.81352543830871571 1.0000000180025095e-35 2.1803799867630009 -0.4055082350969314 -0.42213794589042658 1.0048092603683474 0.13972511887550357 -1.4905775785446165 0.59404459595680248 0.0051600427832454452 -0.06192429177463054 1.3475568890571596 -1.2327987551689146 -0.1937829181551933 -0.089990407228469835 0.0089315432123839873 0.49315625429153448 -0.52096807956695546 -0.07541503012180327 -0.62817072868347157 -0.17173582315444944 -0.17909037321805951 -0.18347856402397153
decision_type=2 2 2 2 2 2 2 2 2 2 2 2 2 2 2 2 2 2 2 2 2 2 2 2 2 2
left_child=1 4 3 -2 -1 6 7 -4 -8 10 -6 12 13 14 15 -12 -17 18 19 20 -18 22 -22 24 25 -24
right_child=2 -3 5 -5 9 -7 8 -9 -10 -11 11 -13 -14 -15 -16 16 17 -19 -20 -21 21 -23 23 -25 -26 -27
leaf_value=-0.025068632367331162 0.099232767454560833 0.087008064950937145 0.10670832825908749 -0.01222900627113638 -0.058409650283985454 0.097723802377988389 0.10544344671892025 0.10896531887929804 0.10319712208703591 -0.058572741410455965 -0.058298508635988566 -0.058279137560625721 -0.058288544787543042 -0.058293510377262985 -0.05829761318037139 -0.058299221011916848 -0.05829955883125492 -0.058299398944727646 -0.058299431909968717 -0.058299595335816669 -0.058299544281060406 -0.058299545843022153 -0.058299539751012278 -0.05829954028377772 -0.05829954208118842 -0.058299541026952631
leaf_weight=3.739258036017417 4.576084166765213 2.8649167120456687 6.4670618325471887 4.2906522154808027 2.4604795947670928 6.2227653264999381 5.7328234016895312 5.2039695680141458 5.4944220781326294 2.4900119081139556 2.4416597411036411 2.4375769942998877 2.6835173889994612 2.4406074434518876 2.441471315920352 3.7848055511712948 2.5639750510454098 2.6860319152474537 2.5639470219612113 3.4186443984508506 2.4418773949146226 2.5639725551009311 14.162883110344412 4.3953778818249729 3.1744401082396534 2.686064437031745
leaf_count=22 19 12 26 24 20 25 23 21 22 20 20 20 22 20 20 31 21 22 21 28 20 21 116 36 26 22
internal_value=0 -0.0504139 0.0905127 0.0452959 -0.0564176 0.10428 0.106062 0.107715 0.104344 -0.0583133 -0.0583024 -0.0582977 -0.0582986 -0.0582991 -0.0582994 -0.0582995 -0.0582995 -0.0582995 -0.0582995 -0.0582995 -0.0582995 -0.0582995 -0.0582995 -0.0582995 -0.0582995 -0.0582995
internal_weight=0 68.4415 37.9878 8.86674 65.5766 29.121 22.8983 11.671 11.2272 61.8373 59.3473 56.8869 54.4493 51.7658 49.3252 46.8837 44.442 40.6572 37.9712 35.4072 31.9886 29.4246 26.8606 24.4188 20.0234 16.8489
internal_count=700 540 160 43 528 117 92 47 45 506 486 466 446 424 404 384 364 333 311 290 262 241 220 200 164 138
is_linear=0
shrinkage=0.05


Tree=9
num_leaves=27
num_cat=0
split_feature=14 19 28 1 28 9 12 26 20 7 7 14 2 15 19 10 0 15 2 0 17 20 11 17 8 17
split_gain=177.329 19.7323 8.54174 9.73346 2.69877 0.306416 0.132394 0.0393492 0.0158036 0.0110158 0.00491954 0.000315908 1.00146e-05 2.98901e-07 3.93401e-08 1.03775e-08 4.82535e-09 3.02716e-09 9.37582e-10 1.68959e-09 1.28686e-10 1.355e-10 5.0953e-11 4.00036e-12 1.42109e-12 3.8014e-13
threshold=1.0000000180025095e-35 0.45549815893173223 0.27150651812553411 -0.81352543830871571 0.97458308935165416 -0.020746881142258641 1.7280540466308596 1.0000000180025095e-35 0.25170933455228811 -0.096818480640649782 0.033579017966985709 -0.091297931969165788 -1.4314751029014585 0.58193799853324901 0.046301137655973441 0.14849310368299487 -0.1937829181551933 -0.30587947368621821 0.31601075828075414 -0.15563476830720899 1.212853789329529 0.74115082621574413 0.018785266205668453 -0.59986561536788929 -0.21941023319959638 -0.45554082095623011
decision_type=2 2 2 2 2 2 2 2 2 2 2 2 2 2 2 2 2 2 2 2 2 2 2 2 2 2
left_child=1 4 3 -2 5 7 8 -1 -4 -10 -11 12 -9 14 15 -14 17 -17 20 -20 21 22 23 -18 -25 -26
right_child=2 -3 6 -5 -6 -7 -8 11 9 10 -12 -13 13 -15 -16 16 18 -19 19 -21 -22 -23 -24 24 25 -27
leaf_value=-0.06382093080424743 0.092946464965330669 0.084842159911364776 0.102641127328414 -0.01168305453145551 -0.0023474870055207237 -0.040970338365957149 0.091339684545126032 -0.057933023536835139 0.1014735258928184 0.098059065347799623 0.10004717517649341 -0.058432463350303325 -0.057826112249487076 -0.057810174539499437 -0.057823291616031516 -0.057828664261444576 -0.057829580622025714 -0.057826372116453931 -0.057827729203326961 -0.057829387383478259 -0.057829071936975097 -0.05782911366155713 -0.057829273425539368 -0.057829474929758422 -0.057829534562639708 -0.057829513405631285
leaf_weight=2.9114155471324912 4.639516606926918 2.6125641614198676 5.4861094653606477 4.2672111243009549 2.3114123642444602 2.7148344665765753 4.9937660694122306 2.3592954203486363 5.4871077835559907 8.2463314980268425 4.9972006082534781 2.287379711866385 3.1595969200134268 2.3369615152478209 3.3927492648363105 3.7455995157361031 2.3411993011832228 2.3404989838600079 2.4578348770737648 4.0970251932740203 2.3410885706543914 2.5752071663737288 2.3411323353648177 2.3411763310432461 2.4582490026950898 14.749463453888909
leaf_count=18 19 12 22 24 16 22 20 20 22 33 20 19 27 20 29 32 20 20 21 35 20 22 20 20 21 126
internal_value=0 -0.0498177 0.0856825 0.0428185 -0.0553788 -0.0573898 0.0987524 -0.0581553 0.100281 0.0995897 0.0988092 -0.0578571 -0.0578323 -0.0578276 -0.0578285 -0.0578289 -0.0578291 -0.0578278 -0.0578293 -0.0578288 -0.0578294 -0.0578295 -0.0578295 -0.0578295 -0.0578295 -0.0578295
internal_weight=0 65.8747 38.1172 8.90673 63.2621 60.9507 29.2105 58.2359 24.2167 18.7306 13.2435 55.3245 53.0371 50.6778 48.3408 44.9481 41.7885 6.0861 35.7024 6.55486 29.1475 26.8064 24.2312 21.8901 19.5489 17.2077
internal_count=700 540 160 43 528 512 117 490 97 75 53 472 453 433 413 384 357 52 305 56 249 229 207 187 167 147
is_linear=0
shrinkage=0.05


Tree=10
num_leaves=28
num_cat=0
split_feature=26 13 14 6 11 3 14 14 9 19 3 9 3 15 13 14 17 13 0 12 15 17 9 10 2 0 4
split_gain=157.93 31.1713 16.0545 1.49998 0.737613 0.39584 0.106717 0.0115829 0.00269086 0.00039883 3.4774e-05 1.0615e-05 8.66909e-06 2.14354e-07 4.65637e-08 9.31783e-09 1.27894e-09 3.12674e-10 2.4022e-10 4.30234e-11 3.46034e-12 7.60281e-13 3.37508e-13 7.10543e-14 1.42109e-14 7.10543e-15 8.88178e-15
threshold=1.0000000180025095e-35 0.59092998504638683 -0.56544098258018483 1.0000000180025095e-35 2.5913958549499516 0.33876827359199529 0.29359468817710882 -0.013203775510191916 -0.086387611925601945 0.13972511887550357 0.84882059693336498 -0.024415230378508564 -1.3943981528282163 0.59404459595680248 0.011456758715212347 -0.10803239420056342 1.251340448856354 -0.07214969769120215 -0.1937829181551933 -0.62509766221046437 0.50526288151741039 -0.46516248583793635 -0.07541503012180327 0.18473349511623385 0.24052017927169803 -0.1907558590173721 -0.12883725017309186
decision_type=2 2 2 2 2 2 2 2 2 2 2 2 2 2 2 2 2 2 2 2 2 2 2 2 2 2 2
left_child=2 7 -1 4 5 -4 -7 9 -8 10 11 12 -2 14 15 16 17 18 -14 -20 21 -21 23 -23 25 26 -25
right_child=1 -3 3 -5 -6 6 8 -9 -10 -11 -12 -13 13 -15 -16 -17 -18 -19 19 20 -22 22 -24 24 -26 -27 -28
leaf_value=-0.023862973008424784 -0.057488336863700855 0.096213919712607066 0.11163483532173435 0.066959931098803702 0.078154179835493665 0.10230140234956053 0.094699688313503755 -0.060543237887154371 0.093256858902775144 -0.058071573464784844 -0.057592661967640596 -0.05750351261144946 -0.057389140341818301 -0.057373323153789763 -0.057381991747092922 -0.057386173956131027 -0.057388256849057677 -0.057388930777728997 -0.057389368193969781 -0.057389611123473738 -0.057389648793255324 -0.057389588808363139 -0.05738960090650972 -0.057389582685662327 -0.057389583234451064 -0.057389578166272617 -0.057389578369938445
leaf_weight=3.3230399489402762 2.2615646347403446 3.4934571087360373 5.108709439635283 5.3903117179870597 4.9864354580640784 4.93318644165993 4.9808177649974867 3.1736250296235076 9.200831651687615 2.3589959144592276 2.402123197913169 2.2691945508122506 3.5896693468093757 2.3519712388515464 2.3540271967649451 2.355018235743052 2.2433439642190924 2.3556707948446265 2.3557744473218838 2.5801967754960051 2.3558410704135886 2.2436444759368923 2.2436470538378002 2.2436432093381882 2.2436433956027022 10.881665356457232 2.6923708021640804
leaf_count=20 20 14 21 23 20 20 20 23 37 20 21 20 32 21 21 21 20 21 21 23 21 20 20 20 20 97 24
internal_value=0 -0.0488048 0.0811124 0.0911943 0.0956664 0.0992714 0.0959671 -0.0576071 0.0937636 -0.0574357 -0.0574069 -0.0573979 -0.0573928 -0.057388 -0.0573888 -0.0573892 -0.0573894 -0.0573895 -0.0573895 -0.0573896 -0.0573896 -0.0573896 -0.0573896 -0.0573896 -0.0573896 -0.0573896 -0.0573896
internal_weight=0 61.0491 37.9233 34.6003 29.21 24.2235 19.1148 57.5556 14.1816 54.382 52.023 49.6209 47.3517 45.0901 42.7382 40.3841 38.0291 35.7858 33.4301 29.8404 27.4847 25.1288 22.5486 20.305 18.0613 15.8177 4.93601
internal_count=681 520 161 141 118 98 77 506 57 483 463 442 422 402 381 360 339 319 298 266 245 224 201 181 161 141 44
is_linear=0
shrinkage=0.05


Tree=11
num_leaves=26
num_cat=0
split_feature=14 13 2 26 3 0 20 0 19 3 9 7 11 14 3 13 17 17 0 19 3 9 5 5 5
split_gain=145.244 19.3124 9.17239 1.41489 1.11044 0.157201 0.021331 0.00831251 0.000342336 3.19517e-05 9.73648e-06 4.25951e-08 3.06914e-08 1.49085e-08 6.05824e-09 4.48287e-09 3.02114e-09 6.24603e-10 1.00556e-10 2.88125e-11 1.42109e-11 1.77636e-14 3.55271e-15 3.55271e-15 8.88178e-16
threshold=1.0000000180025095e-35 0.23708926141262057 0.050868861377239234 1.0000000180025095e-35 0.29989196360111242 -0.14384657889604566 0.74604094028472911 0.26965087652206426 0.13972511887550357 0.86504745483398449 -0.024415230378508564 -0.099553667008876787 -0.44023686647415156 -0.10803239420056342 -1.3289405107498167 -0.054308988153934472 -0.43437318503856653 1.2224754095077517 -0.1937829181551933 -0.01722717052325606 0.18519923090934756 -0.090218279510736452 -0.43021765351295466 -0.018152068369090554 0.22423946112394336
decision_type=2 2 2 2 2 2 2 2 2 2 2 2 2 2 2 2 2 2 2 2 2 2 2 2 2
left_child=1 3 -2 -1 -4 -6 -7 -8 9 10 11 13 -13 14 -5 16 -16 18 -18 20 21 22 -20 -24 -25
right_child=2 -3 4 8 5 6 7 -9 -10 -11 -12 12 -14 -15 15 -17 17 -19 19 -21 -22 -23 23 24 -26
leaf_value=-0.025199061108854049 0.0035563635064049769 0.06517801834867909 0.063581227119578407 -0.056974277559237035 0.082160943383355153 0.093757552072030903 0.089844124416705029 0.0923766868240955 -0.05761851499608503 -0.05717601623866149 -0.057084207821632982 -0.056969021994237146 -0.056975707237423893 -0.056972686932688824 -0.056975798295801419 -0.056974800332522328 -0.056977108253868397 -0.056976531340911234 -0.056977438190121993 -0.056977229230606212 -0.056977300603007743 -0.056977439668042799 -0.056977435467869431 -0.056977435650139754 -0.05697743693188554
leaf_weight=3.7458403110504142 3.6841550767421714 3.5640133917331687 4.5030692666769019 2.2559572905301968 4.9530413001775768 9.6803226321935671 9.3760833591222745 4.9509213566780081 2.2611429989337912 2.1937858909368506 2.1739777252078119 3.5430529788136482 3.3307371214032164 2.3629755601286879 3.8679902404546693 2.2560847923159661 3.3312435373663893 2.4714133888483039 2.6865823939442697 2.149217337369925 2.1492338478565207 3.0089724361896542 7.629890508949762 2.149265021085732 2.1492652669548988
leaf_count=23 22 17 20 21 20 39 38 20 20 20 20 33 31 22 36 21 31 23 25 20 20 28 71 20 20
internal_value=0 -0.0476598 0.0784357 -0.0548777 0.0866796 0.0902711 0.0919444 0.0907193 -0.0570168 -0.0569895 -0.0569808 -0.0569759 -0.0569723 -0.0569765 -0.0569768 -0.056977 -0.0569771 -0.0569773 -0.0569774 -0.0569774 -0.0569774 -0.0569774 -0.0569774 -0.0569774 -0.0569774
internal_weight=0 59.2806 37.1476 55.7166 33.4634 28.9604 24.0073 14.327 51.9708 49.7096 47.5159 45.3419 6.87379 38.4681 36.1051 33.8492 31.5931 27.7251 25.2537 21.9224 19.7732 17.624 14.615 11.9284 4.29853
internal_count=681 522 159 505 137 117 97 58 482 462 442 422 64 358 336 315 294 258 235 204 184 164 136 111 40
is_linear=0
shrinkage=0.05


Tree=12
num_leaves=28
num_cat=0
split_feature=26 13 8 6 12 14 3 14 9 13 11 3 9 15 19 14 3 17 13 9 15 3 7 12 8 5 19
split_gain=134.949 27.3268 15.6052 1.32414 0.715485 0.425056 0.071669 0.0152088 0.00262123 0.000279702 0.00017712 7.37718e-05 8.18112e-06 1.98933e-07 9.29043e-08 6.01789e-09 6.08855e-09 5.55659e-10 2.38288e-10 7.66178e-11 1.49996e-11 4.36984e-12 2.17781e-12 2.91323e-13 3.55271e-14 7.10543e-15 7.10543e-15
threshold=1.0000000180025095e-35 0.59092998504638683 -0.23066708445549008 1.0000000180025095e-35 -1.7887440919876096 0.13182821497321132 0.34605717658996588 -0.013203775510191916 -0.088660042732954011 0.011456758715212347 0.51536381244659435 0.60354238748550426 -0.024415230378508564 0.5980801284313203 0.064985930919647231 -0.10803239420056342 -1.3289405107498167 1.2224754095077517 -0.07214969769120215 -0.099567703902721391 0.51333394646644603 -0.34235998988151545 -0.10025762394070624 0.85624268651008617 -0.11404598131775855 -0.38981907069683069 -0.16296858340501783
decision_type=2 2 2 2 2 2 2 2 2 2 2 2 2 2 2 2 2 2 2 2 2 2 2 2 2 2 2
left_child=2 7 -1 4 -4 -6 -7 9 -8 11 -10 12 13 14 15 16 -2 18 19 -18 21 -21 23 24 25 -23 -27
right_child=1 -3 3 -5 5 6 8 -9 10 -11 -12 -13 -14 -15 -16 -17 17 -19 -20 20 -22 22 -24 -25 -26 26 -28
leaf_value=-0.032408462984975607 -0.056588148314940162 0.088571681912422026 0.070788682559188729 0.060371875295918712 0.10485114815238997 0.093599487571513498 0.087560715303881612 -0.060255807986728097 0.085928700035917571 -0.057114532166027458 0.086355125999872273 -0.0568658846813406 -0.056690764521175052 -0.05657405786510581 -0.05657965543580127 -0.056588004906119607 -0.056590750761867786 -0.056590147255453242 -0.056590421534473093 -0.056590925953818427 -0.05659113626359679 -0.056590994769218333 -0.056591039612186193 -0.056591012796396084 -0.056590999124399126 -0.056590991272848737 -0.056590993640830506
leaf_weight=3.1358578354120246 2.1602383330464283 3.4402155727148047 4.9302270710468319 5.0185640454292288 4.8914564251899746 4.9062922596931484 4.8915274143219039 3.085810348391532 4.8657490462064672 2.9087631553411475 4.8747365176677704 2.6436064317822447 2.0818373635411325 2.0539899170398703 2.0553327351808539 2.160202629864215 3.2927895784378007 2.3665259107947341 2.0579143166542151 2.0580354705452946 2.0580857247114173 2.4696622788906177 3.2929000109434154 2.1609589904546729 2.1609555035829535 8.643814563751226 3.2928825095295844
leaf_count=20 21 14 20 21 20 20 20 23 20 27 20 25 20 20 20 21 32 23 20 20 20 24 32 21 21 84 32
internal_value=0 -0.0479861 0.0743669 0.0841064 0.0881634 0.0916699 0.0883699 -0.0568493 0.0866164 -0.0566387 0.0861421 -0.0566093 -0.056594 -0.0565892 -0.05659 -0.0565906 -0.0565907 -0.0565909 -0.0565909 -0.056591 -0.056591 -0.056591 -0.056591 -0.056591 -0.056591 -0.056591 -0.056591
internal_weight=0 56.4445 37.5144 34.3786 29.36 24.4298 19.5383 53.0043 14.632 49.9185 9.74049 47.0097 44.3661 42.2843 40.2303 38.175 36.0148 33.8545 31.488 29.4301 26.1373 24.0792 22.0212 18.7283 16.5673 14.4064 11.9367
internal_count=681 520 161 141 120 100 80 506 60 483 40 456 431 411 391 371 350 329 306 286 254 234 214 182 161 140 116
is_linear=0
shrinkage=0.05


Tree=13
num_leaves=31
num_cat=0
split_feature=26 13 8 6 11 14 3 14 9 13 7 3 9 15 12 10 17 14 2 13 12 11 8 15 12 12 15 7 10 14
split_gain=124.672 25.5814 14.1684 1.28501 0.667177 0.341888 0.0488152 0.0128721 0.00188117 0.00023727 0.000104925 6.24424e-05 6.90063e-06 1.67805e-07 6.0767e-09 6.96108e-09 6.74371e-09 3.41958e-09 2.3406e-09 1.96289e-09 7.31461e-10 1.85775e-10 6.56648e-11 8.5798e-12 5.8229e-12 8.81073e-13 6.94556e-13 4.45866e-13 9.59233e-14 1.24345e-14
threshold=1.0000000180025095e-35 0.59092998504638683 -0.23066708445549008 1.0000000180025095e-35 2.5913958549499516 0.13182821497321132 0.35252641141414648 -0.013203775510191916 -0.088660042732954011 0.011456758715212347 -0.083883818238973604 0.60354238748550426 -0.024415230378508564 0.5980801284313203 -0.55121538043022145 0.24863100796937945 -0.67683887481689442 -0.11918869987130164 -1.0997407436370847 -0.58953025937080372 -0.41453310847282404 0.031304053030908115 -0.22143647074699399 0.50526288151741039 -0.26676845550537104 0.6198193132877351 0.18242011964321139 -0.10142689198255538 0.21239063888788226 -0.3478929996490478
decision_type=2 2 2 2 2 2 2 2 2 2 2 2 2 2 2 2 2 2 2 2 2 2 2 2 2 2 2 2 2 2
left_child=2 7 -1 4 5 -4 -7 9 -8 11 -10 12 13 14 15 -2 -16 18 -18 -17 -20 22 -22 24 -24 26 28 -27 -26 -30
right_child=1 -3 3 -5 -6 6 8 -9 10 -11 -12 -13 -14 -15 16 19 17 -19 20 -21 21 -23 23 -25 25 27 -28 -29 29 -31
leaf_value=-0.031385095370651477 -0.056223592860012488 0.085304420379581511 0.099882630170011116 0.057286961585920809 0.067829102601677696 0.089422383611274636 0.084429499891196982 -0.059669242361720359 0.083384093125124292 -0.056721087238068006 0.083053359837746504 -0.05648681954689691 -0.056322012378515578 -0.056212461677445605 -0.056224905669766713 -0.056225884820559818 -0.056226420573932373 -0.056226016476017639 -0.056227309376880967 -0.056227867263853773 -0.056228085617679863 -0.056227826347665683 -0.056228272859326078 -0.056228463965947231 -0.056228372156950493 -0.05622836797160119 -0.05622832974345509 -0.056228400103101754 -0.056228358338376798 -0.056228362903301216
leaf_weight=3.0777046829462043 1.9688090831041254 3.3945132791995993 4.8943218588829103 5.0241895765066138 4.8893496245145789 4.8511771112680462 4.8219296932220503 2.9634355306625357 4.8006096035242116 2.7856071144342414 4.7917303740978134 2.5311236605048171 1.9929418489337027 1.9660653993487347 1.9691327139735175 2.0678432062268253 1.9695068597793604 2.1663484647870161 2.0682119801640537 3.1517816185951237 2.3639005869627061 1.9698533117771138 1.9699636027217042 1.9700105190277089 2.0684872716665179 2.2654848247766495 1.9699774906039227 2.0684945583343497 4.530964635312567 1.9699857234954734
leaf_count=20 20 14 20 21 20 20 20 23 20 27 20 25 20 20 20 21 20 22 21 32 24 20 20 20 21 23 20 21 46 20
internal_value=0 -0.0475828 0.0713549 0.0806349 0.0846731 0.0880819 0.085084 -0.0564716 0.0836239 -0.0562733 0.0832189 -0.0562456 -0.0562312 -0.0562267 -0.0562274 -0.0562261 -0.0562277 -0.0562279 -0.0562281 -0.0562271 -0.0562282 -0.0562283 -0.0562283 -0.0562284 -0.0562284 -0.0562284 -0.0562284 -0.0562284 -0.0562284 -0.0562284
internal_weight=0 54.1424 37.151 34.0733 29.0491 24.1598 19.2654 50.7479 14.4143 47.7845 9.59234 44.9989 42.4678 40.4748 38.5088 7.18843 31.3203 29.3512 27.1848 5.21962 25.2153 23.1471 21.1773 18.8134 16.8434 14.8734 10.5394 4.33398 8.56944 6.50095
internal_count=681 520 161 141 120 100 80 506 60 483 40 456 431 411 391 73 318 298 276 53 256 235 215 191 171 151 107 44 87 66
is_linear=0
shrinkage=0.05


Tree=14
num_leaves=31
num_cat=0
split_feature=14 13 2 7 14 19 17 8 26 20 19 19 3 9 15 13 14 3 5 0 17 19 14 2 17 17 8 8 12 20
split_gain=115.982 15.6239 7.0157 1.46115 1.11224 1.69128 0.367678 0.0452747 0.0343324 0.0270789 0.000745228 0.000122022 8.93457e-06 1.85942e-06 6.52466e-08 4.92567e-08 2.08167e-08 4.97272e-09 2.07763e-10 1.77351e-11 1.77636e-12 5.3646e-13 4.59188e-13 1.77636e-13 1.91847e-13 8.52651e-14 1.77636e-14 1.59872e-14 2.66454e-15 8.88178e-16
threshold=1.0000000180025095e-35 0.23708926141262057 0.050868861377239234 -0.037387806922197335 0.74542510509490978 1.0141735076904299 1.3571785688400271 -0.21288124471902845 1.0000000180025095e-35 0.6899399757385255 1.3729216456413271 0.11730336397886278 0.72274309396743786 -0.048178344964981072 0.56579580903053295 -0.0067337629152461878 -0.10803239420056342 -1.3289405107498167 -0.75340637564659108 -0.1937829181551933 -0.45554082095623011 -0.020964129827916619 -0.36462745070457453 0.2983414232730866 -0.17266421765089032 0.85877698659896862 -0.16537728160619733 -0.21479491144418714 -0.11900383979082106 0.63593125343322765
decision_type=2 2 2 2 2 2 2 2 2 2 2 2 2 2 2 2 2 2 2 2 2 2 2 2 2 2 2 2 2 2
left_child=1 3 -2 6 5 -4 8 -6 -1 -9 -11 12 13 14 15 16 17 -10 -19 -20 22 23 -21 24 -22 26 27 -26 -29 -30
right_child=2 -3 4 -5 7 -7 -8 9 11 10 -12 -13 -14 -15 -16 -17 -18 18 19 20 21 -23 -24 -25 25 -27 -28 28 29 -31
leaf_value=-0.06150830366078 0.0031792522298156657 0.055169135688388972 0.042554730248524984 -0.010766294633518211 0.087932800847859316 0.083471509474040376 -0.03370851270130152 0.085162027418608871 -0.055885183565028911 0.081467686667029957 0.080638869234695806 -0.056297745368715069 -0.05599950402619247 -0.055937046191695074 -0.055877866174359338 -0.055879150572791893 -0.05588242876980605 -0.055887281356312379 -0.055887675329893818 -0.055887870518976646 -0.055887798767937306 -0.055887843944237042 -0.055887836730782063 -0.05588782696435525 -0.055887816404736293 -0.055887822834967738 -0.055887817457224535 -0.055887812570444034 -0.055887809930290792 -0.055887811170040026
leaf_weight=2.9300793558359137 3.5205074176192275 3.5355309173464766 4.8712601810693723 1.9095505103468884 5.0512070208787909 5.2446657717227936 1.8799425810575474 6.2739886492490831 1.9785904288291849 5.2130301147699338 5.6533567011356354 1.9618881717324246 1.9120160862803448 1.8973503187298835 2.164896920323371 1.9769877940416325 2.0720352903008488 1.9791472107171966 2.1677519455552057 2.1678085848689079 1.8850330337882084 1.8850444480776953 1.885042518377303 3.0160640478134146 2.0735413059592256 3.2988188266754159 2.1677932590246174 2.073540568351746 1.9792880415916432 1.9792881309986112
leaf_count=20 22 17 22 17 21 22 18 26 21 22 24 20 20 20 23 21 22 21 23 23 20 20 20 32 22 35 23 22 21 21
internal_value=0 -0.0463575 0.0702052 -0.0536471 0.077509 0.0637683 -0.0553771 0.0837726 -0.0562734 0.0825466 0.0810365 -0.0559126 -0.055894 -0.0558888 -0.0558863 -0.0558868 -0.0558873 -0.0558876 -0.0558878 -0.0558878 -0.0558878 -0.0558878 -0.0558879 -0.0558878 -0.0558878 -0.0558878 -0.0558878 -0.0558878 -0.0558878 -0.0558878
internal_weight=0 52.777 35.828 49.2415 32.3075 10.1159 47.3319 22.1916 45.452 17.1404 10.8664 42.5219 40.56 38.648 36.7507 34.5858 32.6088 30.5368 28.5582 26.579 24.4113 20.3584 4.05285 18.4734 15.4573 13.5723 10.2735 8.10566 6.03212 3.95858
internal_count=681 522 159 505 137 44 488 93 470 72 46 450 430 410 390 367 346 324 303 282 259 216 43 196 164 144 109 86 64 42
is_linear=0
shrinkage=0.05


Tree=15
num_leaves=31
num_cat=0
split_feature=14 13 12 26 13 28 11 14 5 19 7 13 28 17 9 15 14 2 13 4 10 12 8 8 17 7 12 2 2 2
split_gain=110.277 21.481 2.73552 2.64108 0.704539 0.188019 0.0190336 0.00365863 0.00283873 0.000264784 6.1247e-05 3.66435e-05 2.02131e-05 6.95304e-06 1.33189e-06 6.71324e-08 1.78733e-08 3.62335e-09 1.08875e-09 1.17915e-10 1.18545e-10 2.66667e-11 1.34364e-11 4.448e-12 3.09441e-12 1.54543e-13 2.30926e-13 5.32907e-15 1.77636e-15 8.88178e-16
threshold=0.15971898287534717 0.30250519514083868 1.7280540466308596 1.0000000180025095e-35 -0.34570722281932825 0.34071138501167303 0.30880382657051092 -0.0076256219763308755 0.030326237902045253 0.13972511887550357 -0.057595234364271157 0.020027300342917446 0.86504745483398449 1.341783940792084 -0.057982252910733216 0.58193799853324901 -0.10803239420056342 -1.3361421823501585 -0.07214969769120215 -0.51275493204593647 0.27533446252346044 -0.63248589634895314 -0.035698203369975083 -0.21941023319959638 -0.49595177173614496 -0.10297646373510359 -0.39052134752273554 0.12915270775556567 -0.58129957318305958 -0.26660425961017603
decision_type=2 2 2 2 2 2 2 2 2 2 2 2 2 2 2 2 2 2 2 2 2 2 2 2 2 2 2 2 2 2
left_child=1 3 4 -1 -2 -6 -7 9 -8 10 11 12 13 14 15 16 17 -5 19 20 -19 -21 23 -23 -25 26 -26 28 -28 -30
right_child=2 -3 -4 7 5 6 8 -9 -10 -11 -12 -13 -14 -15 -16 -17 -18 18 -20 21 -22 22 -24 24 25 -27 27 -29 29 -31
leaf_value=-0.010865370654914504 0.062817481876980302 0.052704854034606612 0.039865683123577134 -0.055565314500792787 0.091370195882567118 0.082727091467420091 0.079662489301669318 -0.057843584217196591 0.078074060091814945 -0.05618838941722698 -0.05588270121677022 -0.055808585597223098 -0.055742914097650614 -0.055666422737195256 -0.055610625335115918 -0.055557530999284982 -0.055562371696231155 -0.055567272403673366 -0.055566517668418483 -0.055567586704774345 -0.055567708673294941 -0.055567718010210793 -0.055567649102799425 -0.055567845185097088 -0.055567802403018222 -0.055567800920081505 -0.055567783451889258 -0.055567786091691287 -0.05556778240706222 -0.055567781988066417
leaf_weight=3.5197963565587989 5.6677631139755276 5.3287670612335196 5.5044907033443442 1.8025287538766779 4.7840293496847179 4.9867131561040905 7.2253877371549589 1.9421452209353436 4.6056434214115143 2.0219863355159751 1.880235955119139 1.8533075302839268 1.8468783348798741 1.9198835417628277 1.8141446411609639 1.8905346989631642 1.8017586395144487 2.7947051823139146 2.0732659399509528 1.9834286868572224 3.5161397159099579 1.8031510263681436 1.8031331971287787 3.1555719375610378 1.9834900796413428 2.5244415700435576 2.2539598792791358 1.8031685873866079 2.1638010069727884 1.9834842383861544
leaf_count=22 24 22 24 20 20 21 31 17 20 21 20 20 20 21 20 21 20 31 23 22 39 20 20 35 22 28 25 20 24 22
internal_value=0 -0.0429157 0.0720175 -0.0526891 0.0785075 0.0826241 0.0801362 -0.0557172 0.0790441 -0.0556287 -0.0556034 -0.0555911 -0.0555813 -0.0555736 -0.0555688 -0.0555667 -0.0555672 -0.0555675 -0.0555676 -0.0555677 -0.0555675 -0.0555678 -0.0555678 -0.0555678 -0.0555678 -0.0555678 -0.0555678 -0.0555678 -0.0555678 -0.0555678
internal_weight=0 57.4637 32.774 52.1349 27.2695 21.6018 16.8177 48.6151 11.831 46.673 44.651 42.7708 40.9175 39.0706 37.1507 35.3366 33.446 31.6443 29.8417 27.7685 6.31084 21.4576 19.4742 17.6711 15.8679 12.7123 10.1879 8.20441 6.40125 4.14729
internal_count=715 575 140 553 116 92 72 531 51 514 493 473 453 433 412 392 371 351 331 308 70 238 216 196 176 141 113 91 71 46
is_linear=0
shrinkage=0.05


Tree=16
num_leaves=31
num_cat=0
split_feature=14 26 28 12 18 5 8 14 20 4 19 7 28 7 20 2 17 14 5 15 8 12 16 20 12 9 17 14 19 5
split_gain=102.13 19.5599 6.99973 2.62706 0.505973 0.247444 0.0771401 0.0405453 0.0150515 0.000895749 0.000235854 4.1621e-05 1.06597e-05 6.90664e-06 1.19594e-05 3.66562e-06 3.33033e-06 4.82402e-08 4.59662e-08 1.63028e-08 4.04834e-09 4.6225e-09 7.55993e-10 6.67865e-10 8.53539e-11 2.02149e-12 1.08713e-12 1.30029e-12 2.85993e-13 2.30926e-14
threshold=0.15971898287534717 1.0000000180025095e-35 0.20968338847160342 1.7280540466308596 -0.61425387859344471 2.1916508674621586 -0.203875757753849 1.0000000180025095e-35 0.6899399757385255 -0.96065890789031971 0.13972511887550357 -0.062432484701275819 0.86504745483398449 -0.095275439321994768 0.59306260943412792 -1.3757238984107969 1.2705836892127993 -0.10803239420056342 1.0604901909828188 0.54158261418342601 -0.2224495857954025 -0.25199201703071589 -0.38285492360591883 0.55321481823921215 -0.62509766221046437 -0.085154008120298372 -0.44207051396369929 -0.26979884505271906 -0.1031772345304489 0.11920313164591791
decision_type=2 2 2 2 2 2 2 2 2 2 2 2 2 2 2 2 2 2 2 2 2 2 2 2 2 2 2 2 2 2
left_child=1 2 -1 4 -2 7 -6 10 -8 -10 11 12 13 15 -15 -3 17 18 19 20 21 -17 23 -22 -24 26 -26 28 29 -28
right_child=3 5 -4 -5 6 -7 8 -9 9 -11 -12 -13 -14 14 -16 16 -18 -19 -20 -21 22 -23 24 -25 25 -27 27 -29 -30 -31
leaf_value=-0.024190654869585944 0.06258289411698599 -0.055344329826777117 0.068458353169397745 0.037990398247764616 0.084623303581941423 -0.036359274333115262 0.07968321382532792 -0.062709890574514954 0.076031654956250569 0.076991479211780789 -0.055874835801401512 -0.055533206312379124 -0.055407047677962167 -0.055269550563544816 -0.055440854831205838 -0.055266706632672004 -0.055337033405979133 -0.055258407450429349 -0.055274182732162752 -0.055261370730263826 -0.055266697669735035 -0.055263817504031892 -0.05526645675141633 -0.055265337968310707 -0.055266874079658246 -0.055266779392960458 -0.055266832891837737 -0.055266792666051105 -0.055266857533991832 -0.05526683954188271
leaf_weight=3.5969660580158216 5.5904981493949917 1.7405684143304743 4.7056145668029785 5.4878162294626227 5.444526061415675 1.7278201282024372 6.0246575176715842 1.9403186812996853 4.9512237459421176 4.7750306129455531 1.8471369817852963 1.7904760763049186 1.7600445598363865 2.4150389432907096 1.76237416267395 2.5002300292253494 1.742719680070876 1.9803937226533985 1.8125549629330624 1.8090235367417324 1.7242942452430736 3.1023534536361685 1.7242303788661963 1.8963264152407644 1.7243409603834141 1.7243156582117105 4.9143406823277429 1.810535408556462 1.7243363335728652 1.8105480819940565
leaf_count=22 24 20 20 24 23 18 26 16 22 21 20 20 20 28 20 29 20 23 21 21 20 36 20 22 20 20 57 21 20 21
internal_value=0 -0.042428 0.0283196 0.0695066 0.0759635 -0.0549298 0.0794928 -0.0556388 0.0777193 0.0765029 -0.055322 -0.0552974 -0.0552868 -0.0552812 -0.0553418 -0.0552737 -0.0552698 -0.055266 -0.0552665 -0.055266 -0.0552663 -0.0552651 -0.0552666 -0.055266 -0.0552668 -0.0552668 -0.0552668 -0.0552668 -0.0552668 -0.0552668
internal_weight=0 55.2869 8.30258 32.2738 26.7859 46.9843 21.1954 45.2565 15.7509 9.72625 43.3162 41.469 39.6786 37.9185 4.17741 33.7411 32.0005 30.2578 28.2774 26.4649 24.6559 5.60258 19.0533 3.62062 15.4326 13.7084 11.9841 10.2598 8.44923 6.72489
internal_count=715 575 42 140 116 533 92 515 69 43 499 479 459 439 48 391 371 351 328 307 286 65 221 42 179 159 139 119 98 78
is_linear=0
shrinkage=0.05


Tree=17
num_leaves=31
num_cat=0
split_feature=14 13 26 12 13 3 11 14 5 19 13 0 3 17 5 18 15 14 2 13 9 0 12 20 17 20 19 14 17 15
split_gain=94.7028 19.5559 4.35936 2.53918 0.70502 0.130731 0.0120348 0.00251874 0.00214698 0.000192329 4.34108e-05 3.12375e-05 1.3359e-05 3.85624e-06 9.0103e-07 8.55254e-08 5.21846e-08 1.24439e-08 2.8782e-09 5.73223e-10 9.82716e-11 6.58176e-11 1.86517e-11 4.74643e-12 1.82965e-12 1.77636e-13 1.26121e-13 2.84217e-14 3.01981e-14 4.44089e-15
threshold=0.15971898287534717 0.70392110943794262 1.0000000180025095e-35 1.7280540466308596 -0.34570722281932825 0.34071138501167303 0.30880382657051092 -0.0076256219763308755 0.030326237902045253 0.13972511887550357 0.020027300342917446 -0.074985306710004793 0.72274309396743786 1.3302379846572878 1.3553999066352846 0.20553681254386905 0.58193799853324901 -0.10803239420056342 -1.3083198666572569 -0.07214969769120215 -0.08271926641464232 -0.19359789043664929 -0.62879177927970875 0.74115082621574413 -0.49595177173614496 -1.1816849112510679 -0.17044249922037122 -0.50408130884170521 -0.14572358876466748 -0.10813832283020018
decision_type=2 2 2 2 2 2 2 2 2 2 2 2 2 2 2 2 2 2 2 2 2 2 2 2 2 2 2 2 2 2
left_child=1 2 -1 4 -2 -6 -7 9 -8 10 11 12 13 14 15 16 17 18 -4 20 21 -20 -23 24 -24 -26 27 -27 -29 -30
right_child=3 -3 7 -5 5 6 8 -9 -10 -11 -12 -13 -14 -15 -16 -17 -18 -19 19 -21 -22 22 23 -25 25 26 -28 28 29 -31
leaf_value=-0.006563079330575438 0.05779126182747274 0.071009547869093165 -0.054981328406569732 0.036219419782355648 0.085279443789287868 0.077862659031756001 0.075420843216809683 -0.056962534816574234 0.074006026741573222 -0.055539513055692269 -0.055247912413396875 -0.055189342570289714 -0.055126710035077478 -0.055061246558701073 -0.055020151533755002 -0.054993989409306714 -0.05497413237311824 -0.054978870915271143 -0.054983376885662676 -0.054982631393104525 -0.054983277932638845 -0.054983472324244498 -0.054983701888740966 -0.054983573350290318 -0.054983637510334749 -0.054983646628326402 -0.054983666513214936 -0.054983659043628764 -0.05498365310921919 -0.054983649529361481
leaf_weight=5.1589782536029807 5.520459830760962 3.5750214308500281 1.6478383988142002 5.4688248932361594 4.652600526809695 4.789630830287936 6.9066950827836973 1.7766124233603466 4.3831220865249634 1.8518407717347134 1.9635507315397251 2.2138505131006303 1.8541979789733876 1.7527505531907071 1.7410552203655232 1.7336950004100788 1.7281805872917164 1.6471662297844911 2.9671084359288278 1.8130106404423738 2.8022237196564665 1.6484192013740653 2.1430261582136234 1.8132914602756507 1.895733982324608 2.0605833828449303 1.7308957800268796 1.6484698653221181 1.7308916896581701 2.3078545778989694
leaf_count=29 24 15 20 24 20 21 31 17 20 21 23 26 22 21 21 21 21 20 36 22 34 20 26 22 23 25 21 20 21 28
internal_value=0 -0.0419352 -0.0500708 0.0672135 0.0736701 0.0778983 0.0757625 -0.0551179 0.0748716 -0.0550411 -0.0550185 -0.055007 -0.0549959 -0.054989 -0.0549851 -0.0549832 -0.0549826 -0.0549831 -0.0549834 -0.0549835 -0.0549836 -0.0549836 -0.0549836 -0.0549836 -0.0549837 -0.0549837 -0.0549837 -0.0549837 -0.0549837 -0.0549837
internal_weight=0 53.2062 49.6312 31.7213 26.2525 20.732 16.0794 44.4722 11.2898 42.6956 40.8438 38.8802 36.6664 34.8122 33.0594 31.3184 29.5847 27.8565 26.2093 24.5615 22.7485 19.9463 16.9792 15.3307 13.5175 11.3744 9.4787 7.7478 5.68722 4.03875
internal_count=715 575 560 140 116 92 72 531 51 514 493 470 444 422 401 380 359 338 318 298 276 242 206 186 164 138 115 94 69 49
is_linear=0
shrinkage=0.05


Tree=18
num_leaves=31
num_cat=0
split_feature=14 26 18 3 5 0 14 20 16 19 7 3 7 20 2 17 14 5 15 8 12 16 20 12 8 0 17 12 2 0
split_gain=87.9228 17.8295 6.40664 2.65227 0.251823 0.152113 0.0404579 0.0135496 0.00692234 0.000170951 3.00796e-05 7.59883e-06 5.01231e-06 8.70911e-06 2.67524e-06 2.39924e-06 3.87164e-08 3.16891e-08 1.14196e-08 3.47185e-09 4.06825e-09 7.21236e-10 6.55306e-10 6.143e-11 1.6378e-12 8.7752e-13 5.56e-13 1.9007e-13 9.14824e-14 8.26006e-14
threshold=0.15971898287534717 1.0000000180025095e-35 -0.026143180206418034 0.29989196360111242 2.1916508674621586 -0.14495644718408582 -1.0000000180025095e-35 0.25170933455228811 0.60697931051254284 0.13972511887550357 -0.062432484701275819 0.86504745483398449 -0.095275439321994768 0.59306260943412792 -1.3757238984107969 1.2705836892127993 -0.10803239420056342 1.0604901909828188 0.54158261418342601 -0.2224495857954025 -0.25199201703071589 -0.38285492360591883 0.55321481823921215 -0.62509766221046437 -0.21502005308866498 -0.16070920228958127 -0.44207051396369929 -0.34065076708793635 -0.22687653452157971 -0.18868868798017499
decision_type=2 2 2 2 2 2 2 2 2 2 2 2 2 2 2 2 2 2 2 2 2 2 2 2 2 2 2 2 2 2
left_child=1 2 -1 -2 6 -5 9 -7 -9 10 11 12 14 -14 -3 16 17 18 19 20 -16 22 -21 -23 -25 26 -26 -28 29 -29
right_child=3 4 -4 5 -6 7 -8 8 -10 -11 -12 -13 13 -15 15 -17 -18 -19 -20 21 -22 23 -24 24 25 -27 27 28 -30 -31
leaf_value=-0.025311197304197661 0.037243563952345522 -0.054786182047847298 0.0641753063487666 0.064375500287041462 -0.034998291330158977 0.076931859450752177 -0.062440165225381941 0.074812629499628427 0.072662878342326195 -0.05525815606085719 -0.054953779353278179 -0.054840897809252269 -0.054719242518323323 -0.054872158586480285 -0.054716917020500869 -0.054779274232032417 -0.054709089666074663 -0.054723346648897386 -0.054712185854858576 -0.054716901732685112 -0.054714081479843024 -0.054716689810202834 -0.054715492690357262 -0.054716980188332168 -0.054717061341428466 -0.054716994676642622 -0.054717044104110671 -0.054717026671594032 -0.054717033450510259 -0.054717011477878587
leaf_weight=3.476828470826149 6.7070212215185192 1.5906249880790664 4.7091543525457364 4.4450163990259233 1.6191247254610051 4.7557619512081137 1.7953681945800841 8.5808712393045408 6.6442527770996085 1.6895641237497319 1.6368899643421162 1.608426846563815 2.2065543755888934 1.6108893305063245 2.2844570651650429 1.5925318002700795 1.8093021810054839 1.6560944020748127 1.652886115014552 1.575483597815045 2.8344641774892869 1.5754250138998109 1.732602536678314 2.0481565445661607 1.6543036177754444 1.5755091011523941 1.6542990803718609 2.0481734797358553 1.9693996459245604 1.5755139142274859
leaf_count=22 29 20 20 20 18 21 16 39 31 20 20 20 28 20 29 20 23 21 21 20 36 20 22 26 21 20 21 26 25 20
internal_value=0 -0.0414655 0.0261677 0.0650938 -0.0543421 0.0727411 -0.055099 0.0746022 0.0738745 -0.0547661 -0.0547441 -0.0547347 -0.0547297 -0.0547838 -0.054723 -0.0547196 -0.0547162 -0.0547167 -0.0547162 -0.0547165 -0.0547153 -0.0547168 -0.0547162 -0.054717 -0.054717 -0.054717 -0.054717 -0.054717 -0.054717 -0.054717
internal_weight=0 51.182 8.18598 31.1329 42.996 24.4259 41.3769 19.9809 15.2251 39.5816 37.892 36.2551 34.6467 3.81744 30.8292 29.2386 27.6461 25.8368 24.1807 22.5278 5.11892 17.4089 3.30809 14.1008 12.5254 10.4772 8.90169 7.24739 5.59309 3.62369
internal_count=715 575 42 140 533 111 515 91 70 499 479 459 439 48 391 371 351 328 307 286 65 221 42 179 159 133 113 92 71 46
is_linear=0
shrinkage=0.05


Tree=19
num_leaves=30
num_cat=0
split_feature=14 13 3 8 17 0 26 20 16 14 19 2 0 3 17 27 13 2 15 2 14 0 7 18 15 19 19 13 15
split_gain=81.758 17.4872 2.63393 1.7213 0.410306 0.15078 0.0339464 0.0108076 0.00559927 0.00109036 8.92486e-05 6.69049e-06 1.98654e-06 1.25575e-06 2.03997e-07 3.00175e-07 6.64002e-08 4.52804e-08 2.7743e-08 2.49821e-09 1.04983e-09 3.86642e-11 4.60503e-11 6.53699e-13 3.83693e-13 4.29878e-13 1.26121e-13 6.12843e-14 2.30926e-14
threshold=0.15971898287534717 0.23708926141262057 0.29989196360111242 0.3769784569740296 1.4649410843849184 -0.14495644718408582 1.0000000180025095e-35 0.25170933455228811 0.60697931051254284 -0.024360082112252709 0.11730336397886278 0.70182353258132946 -0.12298271432518958 0.36428761482238775 1.0435126423835757 -1.0000000180025095e-35 1.0000000180025095e-35 0.34460456669330602 0.56579580903053295 -1.2529599070549009 -0.14707946777343747 -0.19359789043664929 -0.098026972264051424 0.10751835629343988 0.43867653608322149 -0.46939925849437708 -0.07328156009316443 -0.29813198745250696 -0.11419162526726721
decision_type=2 2 2 2 2 2 2 2 2 2 2 2 2 2 2 2 2 2 2 2 2 2 2 2 2 2 2 2 2
left_child=1 3 -2 4 6 -4 -1 -7 -9 10 11 12 13 14 16 -16 17 18 19 -8 21 -21 23 24 25 -23 27 28 -27
right_child=2 -3 5 -5 -6 7 9 8 -10 -11 -12 -13 -14 -15 15 -17 -18 -19 -20 20 -22 22 -24 -25 -26 26 -28 -29 -30
leaf_value=-0.060616483597617545 0.035457174952907795 0.0401953701933946 0.062543643351280376 -0.00081647999162652379 -0.029861289749413173 0.074947476962395829 -0.054463623879263602 0.073036852127266252 0.071076503616500072 -0.055786583423424629 -0.05485188040208288 -0.054566074927311851 -0.054526017361736269 -0.054513168721951125 -0.054465430368628422 -0.054494618963995135 -0.054455011700921631 -0.054473990508936948 -0.054458806055199739 -0.054465608958147949 -0.054464488683004186 -0.054465844419421816 -0.054465571229004167 -0.054465832909107226 -0.054465889409969818 -0.054465865439662177 -0.05446588116802497 -0.054465872098345906 -0.054465858220540023
leaf_weight=2.4594437181949607 6.6930363029241589 5.8405564799904814 4.3488955050706926 1.5848110914230336 1.7021927386522282 4.6405127048492423 1.5800245702266753 8.3557301610708219 6.4576497524976721 1.7107002958655417 1.6663513705134381 1.9926222264766682 1.5979862809181202 1.5180882737040509 2.107412189245224 1.513343192636966 1.5774725005030621 1.5076119452714909 1.6537661403417576 2.1827501207590201 1.6555318832397485 2.4086579233408036 1.5053337216377141 1.6559485718607891 1.5806949138641346 2.2581255584955269 1.580692492425438 2.2581285312771797 2.1075811609625816
leaf_count=18 29 28 20 16 19 21 21 39 31 19 21 26 21 20 28 20 21 20 22 29 22 32 20 22 21 30 21 30 28
internal_value=0 -0.0410251 0.0631683 -0.0519641 -0.0539042 0.0709603 -0.0549254 0.0728419 0.0721823 -0.0545533 -0.0544946 -0.0544772 -0.0544717 -0.0544688 -0.0544665 -0.0544776 -0.0544649 -0.0544656 -0.054465 -0.0544655 -0.0544657 -0.0544658 -0.0544658 -0.0544659 -0.0544659 -0.0544659 -0.0544659 -0.0544659 -0.0544659
internal_weight=0 49.2058 30.4958 43.3653 41.7805 23.8028 40.0783 19.4539 14.8134 37.6188 35.9081 34.2418 32.2491 30.6512 29.1331 3.62076 25.5123 23.9348 22.4272 20.7735 19.1934 17.5379 15.3552 13.8498 12.1939 10.6132 8.20453 6.62384 4.36571
internal_count=715 575 140 547 531 111 512 91 70 494 475 454 428 407 387 48 339 318 298 276 255 233 204 184 162 141 109 88 58
is_linear=0
shrinkage=0.05


Tree=20
num_leaves=31
num_cat=0
split_feature=14 13 19 3 13 10 20 8 0 8 14 20 18 17 5 3 19 13 9 11 2 7 14 3 17 9 17 0 18 19
split_gain=80.7059 17.9746 2.95375 2.50875 0.804962 0.0119166 0.00473478 0.00452069 0.00229995 0.00144055 0.000357212 0.000286919 0.000237762 2.33494e-05 7.72611e-06 5.9342e-07 1.3566e-07 4.47611e-08 4.37367e-08 8.43342e-09 3.21018e-09 1.80263e-09 5.20373e-10 5.51594e-11 4.48637e-11 5.24025e-12 6.21903e-12 1.64313e-12 1.61648e-13 5.86198e-14
threshold=0.15971898287534717 0.70392110943794262 0.53210583329200756 0.29989196360111242 0.23708926141262057 1.6262798905372622 0.35086189210414892 -0.17877294868230817 -0.04547069035470485 0.085988495498895659 -0.041094543412327759 0.8121924400329591 1.0966137051582339 1.3475568890571596 1.6018313169479372 0.35802496969699865 0.072459854185581221 -0.0067337629152461878 -0.069214545190334306 -0.70939081907272328 -1.3757238984107969 -0.096663739532232271 -0.14707946777343747 -0.89759698510169972 1.0550586581230166 -0.085154008120298372 -0.46516248583793635 -0.19345051795244214 -0.088518556207418428 -0.23770777881145475
decision_type=2 2 2 2 2 2 2 2 2 2 2 2 2 2 2 2 2 2 2 2 2 2 2 2 2 2 2 2 2 2
left_child=1 2 4 -2 5 8 -5 -8 10 12 11 13 -9 14 15 16 17 18 19 -1 -21 22 23 -22 25 26 -25 -28 29 -29
right_child=3 -3 -4 6 -6 -7 7 9 -10 -11 -12 -13 -14 -15 -16 -17 -18 -19 -20 20 21 -23 -24 24 -26 -27 27 28 -30 -31
leaf_value=-0.054224731903478388 0.036185869680218738 0.06530668512050905 0.011679798792463792 0.072395413192537381 -0.019178771845930368 -0.058119995006805272 0.071736949996386037 0.069404584173938452 -0.056295968103583505 0.070789339477105542 -0.055047695655075071 -0.054960223520993959 0.069946559692348212 -0.05443719560807974 -0.054339132558800719 -0.054260483913848648 -0.054213050457089657 -0.05422009752471562 -0.054237211789253038 -0.054226394785494618 -0.054228768302386515 -0.054227465816408693 -0.054228076002257 -0.054229229680148927 -0.054228860970970121 -0.05422903322892373 -0.054229069391894438 -0.054229126751289186 -0.054229115423901963 -0.054229135881036186
leaf_weight=1.4368239268660605 6.6596696525812176 3.632423907518386 1.8322350308299054 4.6695162802934673 1.6709538847208012 2.2658550813794127 6.0719977021217408 4.0256839543580956 1.5146924257278502 4.5452037751674643 1.5596438646316517 1.4602033048868168 4.0689249038696289 1.4960209578275669 1.6890400946140278 1.446613460779189 1.5051222518086422 1.5072669684886992 1.5123849660158146 1.437303282320509 1.4379851669073271 2.1564156711101381 1.4377864226698864 1.4381174743175673 1.869414947926997 1.5099641308188285 1.438071385025993 4.7456909418106212 2.4447443112730669 2.8042768090963364
leaf_count=20 29 16 10 22 12 19 29 20 18 22 19 19 20 20 23 20 21 21 21 20 20 30 20 20 26 21 20 66 34 39
internal_value=0 -0.0415571 -0.0504568 0.0632597 -0.0531815 -0.0545979 0.0709711 0.0706157 -0.054387 0.070077 -0.0543074 -0.0542742 0.069677 -0.0542441 -0.0542351 -0.0542292 -0.0542277 -0.0542285 -0.054229 -0.0542284 -0.0542287 -0.0542288 -0.054229 -0.0542291 -0.0542291 -0.0542291 -0.0542291 -0.0542291 -0.0542291 -0.0542291
internal_weight=0 47.2491 43.6166 30.041 41.7844 40.1134 23.3813 18.7118 37.8476 12.6398 36.3329 34.7732 8.09461 33.313 31.817 30.128 28.6814 27.1762 25.669 24.1566 22.7198 21.2825 19.1261 17.6883 16.2503 14.3809 12.8709 11.4328 9.99471 7.54997
internal_count=717 575 559 142 549 537 113 91 518 62 500 481 40 462 442 419 399 378 357 336 316 296 266 246 226 200 179 159 139 105
is_linear=0
shrinkage=0.05


Tree=21
num_leaves=31
num_cat=0
split_feature=14 11 2 12 1 13 13 3 11 17 9 14 0 3 17 5 19 13 15 2 3 20 14 9 5 17 17 0 10 19
split_gain=75.2601 17.2254 4.09161 2.57744 0.814304 0.338307 0.132131 0.0635059 0.00322162 0.00243643 0.00213999 0.000244739 3.48598e-05 1.66332e-05 6.7881e-06 9.83051e-07 5.59558e-08 2.03012e-08 8.84803e-09 2.02918e-09 1.26085e-09 3.6496e-10 2.56676e-10 5.54223e-11 4.42419e-11 1.35678e-11 9.37916e-13 7.99361e-13 1.04805e-13 5.77316e-14
threshold=0.15971898287534717 0.72609665989875805 1.4138159155845644 1.6393952965736391 -0.81352543830871571 -0.32786650955677027 0.19546093791723254 0.34071138501167303 0.11893555894494058 -0.72687143087387074 -0.088660042732954011 -0.046672698110342019 -0.071909226477146135 0.89266371726989757 1.2936757206916811 1.436197102069855 0.053775055333971984 -0.021601019427180287 0.54561814665794384 -1.2529599070549009 0.2110850587487221 0.74115082621574413 -0.15265762060880658 -0.079472940415143953 -0.745326668024063 1.0550586581230166 -0.30351871252059931 -0.19309635460376737 0.23337191343307498 -0.20407513529062268
decision_type=2 2 2 2 2 2 2 2 2 2 2 2 2 2 2 2 2 2 2 2 2 2 2 2 2 2 2 2 2 2
left_child=1 2 4 5 -1 -2 9 -7 -9 -6 -10 12 13 14 15 16 17 18 19 -11 21 22 23 24 -21 26 -26 -28 -29 -30
right_child=3 -3 -4 -5 6 7 -8 8 10 11 -12 -13 -14 -15 -16 -17 -18 -19 -20 20 -22 -23 -24 -25 25 -27 27 28 29 -31
leaf_value=-0.023689529540347184 0.055197501610614652 0.065980266793119066 0.028784488905887917 0.027458279216874146 -0.055580801668088146 0.075835524233460475 -0.068244601125767343 0.070337637652117646 0.069676618025979853 -0.054003603951440021 0.068238978468520825 -0.054692107784156202 -0.054265671519687579 -0.054187090179938495 -0.054116573214305214 -0.054047544581078757 -0.053994489296756092 -0.053999106459963114 -0.054001327275023353 -0.054005581028950395 -0.054004162893110087 -0.054004949975109844 -0.054005103071122718 -0.054005526281502327 -0.054005917456297604 -0.054005723620135053 -0.054005849147461177 -0.05400588000125596 -0.054005889402513635 -0.054005900480677951
leaf_weight=2.2222335115075103 4.2359581589698854 3.4652527570724478 1.5851067602634419 4.645295336842536 2.8616864755749694 4.6828064471483257 1.7504024729132641 4.4811034649610511 4.0279908776283317 1.3727941736579037 7.2433568388223577 1.4680058434605658 1.5189073309302319 1.4241038560867298 1.4753371328115452 1.3852776810526837 1.370112657546996 1.4400530681014085 1.372127167880534 1.4420409798622316 1.4416053444147099 1.5105066969990719 1.3732325136661483 1.5106920748949058 2.4035731628537347 1.3734138160943974 1.5107954591512829 2.4035542532801273 4.1203866526484623 1.5794853270053728
leaf_count=17 20 16 9 21 36 22 14 22 20 20 37 19 21 20 21 20 20 21 20 21 21 22 20 22 35 20 22 35 60 23
internal_value=0 -0.0411565 -0.0500138 0.0616245 -0.0531108 0.0680576 -0.0548265 0.0707233 0.0692036 -0.0541805 0.0687527 -0.0540608 -0.0540319 -0.0540202 -0.0540121 -0.0540065 -0.0540043 -0.0540049 -0.0540052 -0.0540055 -0.0540056 -0.0540057 -0.0540058 -0.0540058 -0.0540058 -0.0540059 -0.0540059 -0.0540059 -0.0540059 -0.0540059
internal_weight=0 45.3807 41.9154 29.3165 40.3303 24.6712 38.1081 20.4353 15.7525 36.3577 11.2713 33.496 32.028 30.5091 29.085 27.6097 26.2244 24.8543 23.4142 22.0421 20.6693 19.2277 17.7172 16.3439 14.8332 13.3912 12.0178 9.61422 8.10343 5.69987
internal_count=717 575 559 142 550 121 533 101 79 519 57 483 464 443 423 402 382 362 341 321 301 280 258 238 216 195 175 140 118 83
is_linear=0
shrinkage=0.05


Tree=22
num_leaves=31
num_cat=0
split_feature=14 11 2 28 1 13 19 8 17 10 14 20 0 17 5 28 13 19 15 2 14 7 17 9 0 17 19 18 2 13
split_gain=70.204 16.1496 3.90639 2.64982 0.834548 0.136868 0.00411924 0.00345533 0.00200059 0.00127119 0.000466465 0.000197448 3.12075e-05 1.35102e-05 1.7673e-06 4.29691e-07 3.69461e-08 3.23265e-08 7.88053e-09 2.22398e-09 6.23434e-10 9.05018e-11 1.8737e-11 1.17595e-11 1.47562e-11 4.22773e-13 2.07834e-13 6.75016e-14 6.75016e-14 2.04281e-14
threshold=0.15971898287534717 0.72609665989875805 1.4138159155845644 0.29989196360111242 -0.81352543830871571 0.24898307025432589 0.95251375436782848 -0.203875757753849 -0.72687143087387074 -1.8499736189842222 -0.041094543412327759 0.8121924400329591 -0.071909226477146135 1.341783940792084 1.4523565173149111 0.34423165023326879 -0.021601019427180287 0.02014242205768824 0.54561814665794384 -1.3361421823501585 -0.14707946777343747 -0.096663739532232271 1.0916209220886233 -0.084991693496704088 -0.19359789043664929 -0.45554082095623011 -0.054596763104200356 0.027321431785821918 -0.11087646707892417 -0.30407889187335962
decision_type=2 2 2 2 2 2 2 2 2 2 2 2 2 2 2 2 2 2 2 2 2 2 2 2 2 2 2 2 2 2
left_child=1 2 4 -2 -1 8 -5 -8 -6 -9 11 12 13 14 15 16 17 18 19 -10 21 22 23 24 -21 -26 27 28 29 -27
right_child=3 -3 -4 6 5 -7 7 9 10 -11 -12 -13 -14 -15 -16 -17 -18 -19 -20 20 -22 -23 -24 -25 25 26 -28 -29 -30 -31
leaf_value=-0.022819244820991957 0.032151090150748574 0.063654638055760257 0.027443031375780653 0.069341983887565212 -0.055293886170114361 -0.070580147729391932 0.069152063976820374 0.068097617832115112 -0.053792992634375758 0.066991176006790165 -0.054756661196937964 -0.054439863757101407 -0.054049458353436233 -0.05395628073668534 -0.053853113111701635 -0.053823082914134956 -0.053785814566911908 -0.053786825745095072 -0.053790980756228846 -0.053795142161885856 -0.053794071818563161 -0.053794823250495984 -0.053795060545900122 -0.053795118013183235 -0.053795317324488848 -0.053795293175962058 -0.05379526910523167 -0.053795279717912883 -0.053795284206951594 -0.053795300154386751
leaf_weight=2.1924108564853659 6.5549946427345303 3.4135806933045378 1.5796027556061734 7.2052161991596249 2.7358878850936881 1.2897238582372654 3.9476185888052013 4.2723472416400936 1.3107825219631362 6.6157407015561978 1.4681278392672599 1.3325646445155133 1.3842892423272122 1.4255559444427479 1.3945124447345723 1.319276563823222 1.3740678131580413 1.3743799850344647 1.3101826012134541 1.967130787670629 1.3111026883125152 1.4424581602215756 1.3769660666584957 1.4425544217228914 1.3114722892642188 3.8688222765922675 1.3770311549305567 1.3114615306258199 1.9671937972307212 1.3114673271775248
leaf_count=17 29 16 9 36 36 10 20 22 20 35 19 19 20 21 21 20 21 21 20 30 20 22 21 22 20 59 21 20 30 20
internal_value=0 -0.0407545 -0.0496251 0.0600608 -0.0527789 -0.0545831 0.0683612 0.0678848 -0.0539955 0.0674253 -0.0538859 -0.0538445 -0.0538177 -0.0538063 -0.0537983 -0.0537953 -0.0537938 -0.0537943 -0.0537947 -0.053795 -0.0537951 -0.0537952 -0.0537952 -0.0537953 -0.0537953 -0.0537953 -0.0537953 -0.0537953 -0.0537953 -0.0537953
internal_weight=0 43.5926 40.179 28.5959 38.5994 36.407 22.0409 14.8357 35.1173 10.8881 32.3814 30.9133 29.5807 28.1964 26.7709 25.3763 24.0571 22.683 21.3086 19.9984 18.6877 17.3766 15.9341 14.5571 13.1146 11.1474 9.83598 8.45894 7.14748 5.18029
internal_count=717 575 559 142 550 533 113 77 523 57 487 468 449 429 408 387 367 346 325 305 285 265 243 222 200 170 150 129 109 79
is_linear=0
shrinkage=0.05


Tree=23
num_leaves=31
num_cat=0
split_feature=14 13 19 3 13 26 19 7 2 14 0 3 5 14 12 19 13 10 7 5 11 5 20 14 15 0 12 5 20 13
split_gain=65.5497 15.3615 2.76898 2.65405 0.810583 0.0164552 0.00334794 0.00256073 0.001117 0.000229308 7.64381e-05 2.21414e-05 2.3831e-06 4.97174e-07 1.98109e-07 8.26282e-08 6.84336e-08 5.69845e-08 1.9355e-08 8.11514e-09 1.06603e-09 1.26481e-09 5.10694e-10 1.67457e-10 3.49232e-12 2.37854e-12 1.64935e-12 1.38556e-13 9.68114e-14 1.77636e-14
threshold=0.15971898287534717 0.70392110943794262 0.53210583329200756 0.29989196360111242 0.23708926141262057 1.0000000180025095e-35 0.95251375436782848 -0.096818480640649782 1.9761142134666445 -0.041094543412327759 -0.054870987311005585 0.39432542026042944 1.4846753478050234 -0.62122249603271473 -0.69528588652610768 0.046301137655973441 -0.036468276754021638 0.17042807489633563 -0.095537517219781862 0.77770012617111217 -0.65931564569473255 -0.77764552831649769 0.73094305396080028 -0.18054838478565213 0.27120187878608709 -0.17605714499950406 -0.45701542496681208 -0.38981907069683069 -1.1470237970352171 -0.38733555376529688
decision_type=2 2 2 2 2 2 2 2 2 2 2 2 2 2 2 2 2 2 2 2 2 2 2 2 2 2 2 2 2 2
left_child=1 2 4 -2 5 -1 -5 -8 -9 10 11 12 13 -7 -15 16 17 -16 19 20 -19 -22 23 24 25 26 -23 -28 -29 -30
right_child=3 -3 -4 6 -6 9 7 8 -10 -11 -12 -13 -14 14 15 -17 -18 18 -20 -21 21 22 -24 -25 -26 -27 27 28 29 -31
leaf_value=-0.058018901815682006 0.030704938042454347 0.060935047103974238 0.011442630311313836 0.068051065568745905 -0.017239755953596499 -0.053621850833866641 0.067636886967618923 0.065769149840782429 0.06687359008917497 -0.054277416885709667 -0.053996251609269935 -0.053771045644999307 -0.053662649822746461 -0.053613183137162318 -0.053604701012962275 -0.053582968277749776 -0.053586036524993677 -0.053594593535328118 -0.053590378017366005 -0.053600179328564569 -0.053594912329564662 -0.053596455348098426 -0.053595404137089332 -0.053595900859544049 -0.053596582005196104 -0.053596428894419325 -0.053596530834842317 -0.053596500663906012 -0.053596513733400644 -0.053596521767013211
leaf_weight=2.3167038038372985 6.5214066505432156 3.4357691705226889 1.7825034186244 6.9805009961128262 1.5713571682572354 2.0778686031699243 4.9476935267448452 5.4663236141204781 3.939030259847641 1.4314600080251718 1.3647054955363298 2.0787578038871279 1.5256455652415741 1.6338802352547741 2.0070322155952622 1.3102997541427601 1.6234906874596919 1.2514323070645517 1.5001900419592704 1.2530935704708088 1.8772947937250304 1.3771942034363878 1.3768454641103751 1.3144191429018626 1.2520333901047704 1.2519868388772017 1.3146184533834588 1.2520082592964303 1.4398139715194833 1.2520146891474331
leaf_count=20 29 16 10 36 12 33 26 30 21 20 20 32 24 26 32 21 26 20 24 20 30 22 22 21 20 20 21 20 23 20
internal_value=0 -0.040359 -0.0494134 0.0586197 -0.0523729 -0.0539465 0.0671529 0.0667161 0.0662317 -0.0536586 -0.0536303 -0.0536136 -0.0536019 -0.0535984 -0.0535964 -0.0535952 -0.0535959 -0.0535967 -0.0535958 -0.0535963 -0.053596 -0.0535961 -0.0535963 -0.0535964 -0.0535965 -0.0535965 -0.0535965 -0.0535965 -0.0535965 -0.0535965
internal_weight=0 41.8724 38.4366 27.855 36.6541 35.0828 21.3335 14.353 9.40535 32.7661 31.3346 29.9699 27.8912 26.3655 24.2876 22.6538 21.3435 19.72 17.7129 16.2128 14.9597 13.7082 11.8309 10.4541 9.13967 7.88764 6.63565 5.25846 3.94384 2.69183
internal_count=717 575 559 142 549 537 113 77 51 517 497 477 445 421 388 362 341 315 283 259 239 219 189 167 146 126 106 84 63 43
is_linear=0
shrinkage=0.05


Tree=24
num_leaves=31
num_cat=0
split_feature=14 11 2 14 16 1 13 3 20 17 14 14 20 5 0 17 3 13 19 15 2 14 8 3 17 7 0 0 5 18
split_gain=61.2457 14.5424 3.95313 2.7304 3.1759 0.901829 0.132041 0.0789776 0.00276988 0.00157134 0.000836487 0.00038517 0.000143256 3.38545e-05 8.73887e-06 4.85232e-06 5.98783e-07 3.32201e-08 2.36509e-08 3.74907e-09 1.41401e-09 4.27416e-10 1.99634e-10 1.65912e-11 9.11626e-12 8.31513e-12 1.22036e-12 1.36424e-12 1.86517e-13 8.70415e-14
threshold=0.15971898287534717 0.72609665989875805 1.451275169849396 0.74542510509490978 0.25686328113079077 -0.81352543830871571 0.24898307025432589 0.33739949762821203 0.84630149602890026 -0.72687143087387074 1.8331649899482729 -0.041094543412327759 0.8121924400329591 1.9694584608078005 -0.097276192158460603 1.2936757206916811 0.34423165023326879 -0.0067337629152461878 0.02014242205768824 0.54158261418342601 -1.3083198666572569 -0.14707946777343747 -0.053709186613559716 -0.85507264733314503 1.0550586581230166 -0.098416004329919801 -0.16901943087577817 -0.19321776181459424 0.39391355216503149 0.036232199519872672
decision_type=2 2 2 2 2 2 2 2 2 2 2 2 2 2 2 2 2 2 2 2 2 2 2 2 2 2 2 2 2 2
left_child=1 2 5 4 -2 -1 9 -5 -9 -7 -10 12 13 14 15 16 17 18 19 20 -11 22 23 -22 25 26 27 -25 29 -29
right_child=3 -3 -4 7 -6 6 -8 8 10 11 -12 -13 -14 -15 -16 -17 -18 -19 -20 -21 21 -23 -24 24 -26 -27 -28 28 -30 -31
leaf_value=-0.020386354641610649 0.004096369012069165 0.060595613711734643 0.033496443826257487 0.073700317906745805 0.066307159566814891 -0.054798643839192723 -0.070253607918523753 0.066714373757548767 0.064764722638112851 -0.05340687248937756 0.06581174173789707 -0.054322359999439129 -0.053988291212648559 -0.053685136463859445 -0.053550794733358477 -0.05350909854323186 -0.053443655518730204 -0.053399345336737902 -0.053401264357975389 -0.053405770628249444 -0.053408591782043595 -0.053407739554151061 -0.05340809841741892 -0.053408768768372632 -0.053408660987446989 -0.053408674256011181 -0.053408765363783688 -0.053408831512570365 -0.053408809312975737 -0.053408816602023394
leaf_weight=2.0936672538518897 4.3787964880466479 3.2990555241703978 1.3980679214000691 4.2957322150468853 3.8599504083395004 2.5135563835501626 1.2356916218996037 6.8890291750431043 3.509292259812355 1.1944324187934565 4.1795910894870758 1.3480288162827587 1.2156967073678959 1.2736380286514748 1.2361557185649896 1.2861050702631462 1.2051716968417157 1.192115407437085 1.2523349039256562 1.313502550125121 1.1949581056833452 1.1946975104510666 1.1948071047663678 1.19501250609757 1.3144774474203593 1.1949834004044344 1.195011459290982 6.0349102318286878 1.4340298511087892 1.1950271017849443
leaf_count=17 20 16 7 21 21 36 10 37 20 20 23 19 19 20 20 21 20 20 21 22 20 20 20 20 22 20 20 101 24 20
internal_value=0 -0.0399819 -0.0489726 0.0572586 0.0332429 -0.0522196 -0.0542142 0.067742 0.0659862 -0.0535983 0.0653339 -0.0534966 -0.0534573 -0.0534335 -0.0534211 -0.0534146 -0.0534093 -0.0534075 -0.0534079 -0.0534084 -0.0534085 -0.0534087 -0.0534087 -0.0534088 -0.0534088 -0.0534088 -0.0534088 -0.0534088 -0.0534088 -0.0534088
internal_weight=0 40.2051 36.9061 27.1124 8.23875 35.508 33.4143 18.8736 14.5779 32.1787 7.68888 29.6651 28.3171 27.1014 25.8277 24.5916 23.3055 22.1003 20.9082 19.6558 18.3423 17.1479 15.9532 14.7584 13.5635 12.249 11.054 9.85898 8.66397 7.22994
internal_count=717 575 559 142 41 552 535 101 80 525 43 489 470 451 431 411 390 370 350 329 307 287 267 247 227 205 185 165 145 121
is_linear=0
shrinkage=0.05


Tree=25
num_leaves=31
num_cat=0
split_feature=14 13 3 7 2 0 26 12 12 14 13 3 14 17 19 5 17 9 20 2 17 16 0 9 17 14 5 1 5 14
split_gain=60.1511 9.8791 4.1737 1.12723 0.252247 0.208843 0.00799695 0.0074652 0.00384582 0.000877715 0.000196916 3.27147e-05 1.76499e-05 4.93852e-06 1.72704e-06 1.85806e-06 9.01248e-08 6.10094e-09 2.99834e-09 9.4505e-10 9.33671e-10 1.10923e-10 6.63043e-11 2.60947e-11 2.30092e-11 2.3288e-12 7.14095e-13 8.90843e-13 8.34888e-14 4.21885e-14
threshold=0.034210531972348697 0.70392110943794262 0.29989196360111242 -0.047122446820139878 1.1301370263099673 -0.14141519367694852 1.0000000180025095e-35 1.4842424392700198 -0.62879177927970875 1.8164305090904238 0.020027300342917446 0.39432542026042944 -0.091297931969165788 1.3302379846572878 0.083670727908611311 1.4846753478050234 -0.69223350286483754 -0.0702533684670925 0.77632471919059765 -1.3083198666572569 -0.52096807956695546 -0.46930332481861109 -0.19359789043664929 -0.08427750319242476 1.072377681732178 -0.57659727334976185 -0.17166671156883237 1.0000000180025095e-35 0.3615946769714356 -0.33673667907714838
decision_type=2 2 2 2 2 2 2 2 2 2 2 2 2 2 2 2 2 2 2 2 2 2 2 2 2 2 2 2 2 2
left_child=1 3 -2 4 6 -4 -1 8 -7 -10 11 12 13 14 15 16 -8 18 19 -18 -21 -22 -23 24 25 -24 27 29 -28 -27
right_child=2 -3 5 -5 -6 7 10 -9 9 -11 -12 -13 -14 -15 -16 -17 17 -19 -20 20 21 22 23 -25 -26 26 28 -29 -30 -31
leaf_value=-0.05674724325157169 0.017535010359642479 0.072135450658904365 0.052268718902751692 -0.010866283359128976 -0.074415379077452423 0.065938711762848698 -0.05321676581031607 0.067429707995113955 0.063741345382689468 0.064804185275392362 -0.053870608124594876 -0.053505809810248564 -0.053439302503164643 -0.053339963515002156 -0.053290326581690875 -0.053295480038081704 -0.05322979772665163 -0.053234794674990475 -0.05322854402761288 -0.05323013670133088 -0.053231030101097081 -0.053231149529371483 -0.053231483493945166 -0.053231277477343443 -0.053231317567326797 -0.053231547706494353 -0.053231548858396927 -0.053231599548421084 -0.053231532716312646 -0.053231560854387142
leaf_weight=1.779106013476851 6.6058832332491901 1.6695714443922032 3.6276067942380967 1.5532583855092514 1.5118362568318833 5.4503946900367799 1.1358498185873198 3.8010598272085181 4.3952126353979031 3.4808758944272995 1.4047459289431561 1.3273488953709591 1.192094031721356 1.232046540826558 1.4414907544851292 1.1593586802482594 1.1398971304297685 1.14142372086643 1.1395066268742073 1.5960018262267368 1.7104187645018338 1.5394271090626936 1.1404199004173481 1.1973738074301721 1.1973867937922484 1.3115057758987134 2.6800343059003153 1.8817522227764127 1.1404352113604543 1.1404438987374308
leaf_count=17 34 8 20 19 15 30 20 20 26 20 22 22 20 21 25 20 20 20 20 28 30 27 20 21 21 23 47 33 20 20
internal_value=0 -0.0465846 0.0521498 -0.0524675 -0.054478 0.0631669 -0.0534939 0.0654752 0.0649177 0.0642111 -0.0532932 -0.0532637 -0.0532514 -0.0532424 -0.0532373 -0.0532339 -0.0532305 -0.0532312 -0.053231 -0.0532312 -0.0532313 -0.0532314 -0.0532315 -0.0532315 -0.0532315 -0.0532316 -0.0532316 -0.0532316 -0.0532315 -0.0532316
internal_weight=0 35.3627 27.361 33.6932 32.1399 20.7551 30.6281 17.1275 13.3265 7.87609 28.849 27.4442 26.1169 24.9248 23.6927 22.2512 21.0919 19.956 18.8146 17.6751 16.5352 14.9392 13.2288 11.6894 10.492 9.29459 8.15417 4.3337 3.82047 2.45195
internal_count=709 559 150 551 532 116 517 96 76 46 500 478 456 436 415 390 370 350 330 310 290 262 232 205 184 163 143 76 67 43
is_linear=0
shrinkage=0.05


Tree=26
num_leaves=31
num_cat=0
split_feature=14 13 3 7 15 0 26 12 12 14 13 10 14 5 17 19 3 17 12 8 20 14 2 16 0 9 17 15 19 14
split_gain=56.3317 9.30885 4.10223 1.13199 0.248174 0.209618 0.00988803 0.00613004 0.00317065 0.000733253 0.000124843 2.50342e-05 1.42217e-05 4.59126e-06 3.18813e-06 1.81916e-06 7.14371e-07 3.71491e-08 1.18811e-08 2.34318e-08 4.92065e-09 2.47367e-09 9.39062e-10 1.1171e-10 6.81286e-11 1.16511e-11 5.9881e-12 8.66862e-13 2.65565e-13 8.17124e-14
threshold=0.034210531972348697 0.70392110943794262 0.29989196360111242 -0.047122446820139878 0.67879077792167675 -0.14141519367694852 1.0000000180025095e-35 1.4842424392700198 -0.62879177927970875 1.8164305090904238 0.028947655111551288 0.12989606708288196 -0.091297931969165788 1.6018313169479372 1.2936757206916811 0.083670727908611311 0.34423165023326879 -0.65951988101005543 1.0483368039131167 -0.053709186613559716 0.77908480167388927 -0.18054838478565213 -1.3083198666572569 -0.46930332481861109 -0.19359789043664929 -0.0858357399702072 1.0377396941185 0.31962829828262335 -0.084492437541484819 -0.53755021095275868
decision_type=2 2 2 2 2 2 2 2 2 2 2 2 2 2 2 2 2 2 2 2 2 2 2 2 2 2 2 2 2 2
left_child=1 3 -2 4 6 -4 -1 8 -7 -10 11 -8 13 14 15 16 17 -13 19 20 21 22 -19 -24 -25 26 27 28 29 -26
right_child=2 -3 5 -5 -6 7 10 -9 9 -11 -12 12 -14 -15 -16 -17 -18 18 -20 -21 -22 -23 23 24 25 -27 -28 -29 -30 -31
leaf_value=-0.056883270155761001 0.016683945872660408 0.070618345701518079 0.051075629708607809 -0.010387134546604429 -0.076532638831623687 0.064927226223469081 -0.053324808980275695 0.066299534467415155 0.062892938894610326 0.063882242870448344 -0.053628863405448361 -0.053054267689245163 -0.053259100512296632 -0.053176979324785434 -0.053153732301693339 -0.05312354196177696 -0.053104444241647931 -0.053062372100093402 -0.053068507085182848 -0.053056135415253704 -0.053060478561495962 -0.053066257569430758 -0.053063483802156843 -0.053063607163265747 -0.053064009381272585 -0.053063843843193161 -0.053063907124299994 -0.0530640736367771 -0.053064048320386539 -0.0530640243091424
leaf_weight=1.8619580417871535 6.595971234142783 1.6213887035846699 3.5292410254478517 1.5439082384109521 1.2021756656467903 5.263283044099814 1.150062177330258 3.6757391244173041 4.2358164936304012 3.3576783984899521 1.1497345864772786 1.1393414065242016 1.1371285393834032 1.1211086697876442 1.1713583283126343 1.4322701394557942 1.1002572216093529 1.0876384824514627 1.1440229006111611 1.0856405757367475 1.087041541934014 1.0888496413826931 1.4143838919699412 1.2512305341661178 1.1425606049597439 1.0881008952855395 1.0881210379302499 1.0881731510162351 1.0881652422249324 4.5702621601521978
leaf_count=18 34 8 20 19 12 30 20 20 26 20 19 21 20 20 21 26 20 20 21 20 20 20 26 23 21 20 20 20 20 84
internal_value=0 -0.0462825 0.0508908 -0.0521627 -0.0542644 0.0621375 -0.0533565 0.0644989 0.0639841 0.0633304 -0.0531188 -0.0530967 -0.0530863 -0.0530782 -0.0530734 -0.0530691 -0.0530653 -0.053063 -0.0530636 -0.0530632 -0.0530637 -0.053064 -0.0530638 -0.0530639 -0.053064 -0.053064 -0.053064 -0.053064 -0.053064 -0.053064
internal_weight=0 33.8549 26.6577 32.2335 30.6896 20.0618 29.4874 16.5325 12.8568 7.59349 27.6255 26.4757 25.3257 24.1885 23.0674 21.8961 20.4638 19.3635 18.2242 17.0802 15.9945 14.9075 13.8186 12.731 11.3166 10.0654 8.97728 7.88916 6.80099 5.71282
internal_count=709 559 150 551 532 116 520 96 76 46 502 483 463 443 423 402 376 356 335 314 294 274 254 234 208 185 165 145 125 105
is_linear=0
shrinkage=0.05


Tree=27
num_leaves=31
num_cat=0
split_feature=14 13 28 7 15 0 26 12 12 14 13 10 14 5 17 19 28 17 2 0 20 2 16 0 17 9 28 1 14 12
split_gain=52.7733 8.77551 4.03481 1.13636 0.240492 0.211185 0.00841831 0.00504905 0.00262129 0.000613899 0.000107137 2.15026e-05 1.22149e-05 3.94914e-06 2.74545e-06 1.58029e-06 6.22301e-07 4.14984e-08 1.73774e-08 8.34644e-09 3.67373e-09 8.16442e-10 9.25606e-11 5.86322e-11 2.04281e-12 1.10845e-12 4.33431e-13 7.72271e-13 1.36779e-13 7.86038e-14
threshold=0.034210531972348697 0.70392110943794262 0.29989196360111242 -0.047122446820139878 0.70300397276878368 -0.14141519367694852 1.0000000180025095e-35 1.4842424392700198 -0.62879177927970875 1.8164305090904238 0.028947655111551288 0.12989606708288196 -0.091297931969165788 1.6018313169479372 1.2936757206916811 0.083670727908611311 0.34423165023326879 -0.59216830134391774 0.43242378532886511 -0.16070920228958127 0.76539641618728649 -1.3083198666572569 -0.46930332481861109 -0.19359789043664929 1.0377396941185 -0.08836787566542624 -0.16483169049024579 1.0000000180025095e-35 -0.47619052231311793 -0.21135672926902768
decision_type=2 2 2 2 2 2 2 2 2 2 2 2 2 2 2 2 2 2 2 2 2 2 2 2 2 2 2 2 2 2
left_child=1 3 -2 4 6 -4 -1 8 -7 -10 11 -8 13 14 15 16 17 -13 19 20 21 -19 -23 -24 25 26 27 -25 -28 -30
right_child=2 -3 5 -5 -6 7 10 -9 9 -11 -12 12 -14 -15 -16 -17 -18 18 -20 -21 -22 22 23 24 -26 -27 28 -29 29 -31
leaf_value=-0.056506904835198005 0.01587429792920057 0.069233243485399318 0.049925166469068215 -0.0099264030339909718 -0.077433493401690312 0.063993823715837242 -0.053152616134277519 0.065259588086512152 0.062107172432435721 0.063029415464898528 -0.05344074225497486 -0.05289735509819124 -0.053090311560302354 -0.05301249641795918 -0.052990488574722897 -0.052962051745822018 -0.052943895669470657 -0.052904111270854828 -0.052898854714024973 -0.052909870781300376 -0.05290243973112975 -0.05290519600577627 -0.052905318450883955 -0.052905674673922647 -0.052905600235675955 -0.05290562586161382 -0.052905655726184303 -0.052905728199564177 -0.052905686482351791 -0.052905670180607212
leaf_weight=1.7826470956206417 6.5860297754406956 1.5723781585693348 3.4325115829706254 1.535022579133513 1.0605840682983387 5.0777520388364819 1.0974274352192903 3.55076640844345 4.0789118260145107 3.2360367923974991 1.0974139310419548 1.9155290462076902 1.0850221514701726 1.069656766951083 1.1175762861967076 1.3664667531847943 1.0496905706822861 1.0376104786992311 1.0359016507863987 1.0394229516386815 1.0889307409524924 1.4531376995146512 1.4012923911214095 1.7647831663489539 1.0899881720542914 1.0899968929588082 1.1938171908259585 1.0900311321020124 1.0900171659887035 2.2838344052433577
leaf_count=18 34 8 20 19 10 30 20 20 26 20 19 37 20 20 21 26 20 20 20 20 21 28 27 34 21 21 23 21 21 44
internal_value=0 -0.0459868 0.0496833 -0.0518621 -0.054059 0.0611752 -0.0531811 0.0635973 0.063121 0.0625152 -0.0529571 -0.0529361 -0.0529263 -0.0529187 -0.0529141 -0.0529101 -0.0529064 -0.0529043 -0.0529051 -0.0529055 -0.0529052 -0.0529055 -0.0529056 -0.0529056 -0.0529057 -0.0529057 -0.0529057 -0.0529057 -0.0529057 -0.0529057
internal_weight=0 32.4082 25.962 30.8358 29.3008 19.376 28.2402 15.9435 12.3927 7.31495 26.4575 25.3601 24.2627 23.1777 22.108 20.9905 19.624 18.5743 16.6588 15.6229 14.5834 13.4945 12.4569 11.0038 9.60247 8.51248 7.42248 2.85481 4.56767 3.37385
internal_count=709 559 150 551 532 116 522 96 76 46 504 485 465 445 425 404 378 358 321 301 281 260 240 212 185 164 143 55 88 65
is_linear=0
shrinkage=0.05


Tree=28
num_leaves=31
num_cat=0
split_feature=14 13 3 7 0 15 26 12 12 14 13 10 14 5 17 19 3 17 2 0 16 12 17 19 5 0 3 15 12 12
split_gain=49.4546 8.27596 3.97051 1.14034 0.213453 0.20945 0.00716802 0.00417037 0.00217268 0.000514991 9.17987e-05 1.84061e-05 1.04456e-05 3.37107e-06 2.34212e-06 1.35329e-06 5.31126e-07 3.53916e-08 1.48216e-08 7.11898e-09 6.39046e-10 5.43003e-10 3.01165e-10 9.99663e-11 6.18359e-11 3.3566e-11 3.56071e-11 5.88862e-13 2.70894e-13 8.9706e-14
threshold=0.034210531972348697 0.70392110943794262 0.29989196360111242 -0.047122446820139878 -0.14141519367694852 0.70300397276878368 1.0000000180025095e-35 1.4842424392700198 -0.62879177927970875 1.8164305090904238 0.028947655111551288 0.12989606708288196 -0.091297931969165788 1.6018313169479372 1.2936757206916811 0.083670727908611311 0.34423165023326879 -0.59216830134391774 0.43242378532886511 -0.16070920228958127 -0.34827555716037745 -0.3517331182956695 -0.087993677705526338 -0.01722717052325606 -0.37365964055061335 -0.19345051795244214 0.060817981138825424 0.27120187878608709 -0.50319185853004444 -0.22613319754600522
decision_type=2 2 2 2 2 2 2 2 2 2 2 2 2 2 2 2 2 2 2 2 2 2 2 2 2 2 2 2 2 2
left_child=1 3 -2 5 -4 6 -1 8 -6 -10 11 -8 13 14 15 16 17 -13 19 20 21 -19 -23 25 -24 -22 27 28 -27 -30
right_child=2 -3 4 -5 7 -7 10 -9 9 -11 -12 12 -14 -15 -16 -17 -18 18 -20 -21 23 22 24 -25 -26 26 -28 -29 29 -31
leaf_value=-0.056153276584509727 0.015103913255931448 0.067965054368520961 0.04881248043762404 -0.009483619038748 0.063130813611875947 -0.076021726941170945 -0.052989836019036701 0.064300597571115045 0.061378226018536798 0.062239139041908302 -0.05326292786483449 -0.052748076853299609 -0.052930747013996665 -0.052856997107183536 -0.052836156892321046 -0.052809359513067616 -0.052792097585063216 -0.052754214849804804 -0.052749494569097527 -0.052759911521453096 -0.052755617662183299 -0.052754785518050941 -0.052755428779816205 -0.052755323589133596 -0.052755938898032699 -0.052755912137058603 -0.052755617197661378 -0.052755977001174952 -0.052755953337328812 -0.052755936109212233
leaf_weight=1.7061146199703348 6.5761151239275959 1.5228869318962086 3.3376432508230272 1.5265783853828931 4.8944524973630932 1.0271177999675263 1.0470310114324117 3.4266821593046179 3.9248877614736477 3.1163032799959183 1.0472893081605423 1.8271339088678651 1.0351377427577819 1.0204066820442665 1.0660981535911549 1.3034867085516442 1.001295082271098 1.3360319398343561 0.98809973895549852 0.99146893620488619 1.3366426527500399 1.3362798653542998 1.0395470559597018 1.0395114347338417 1.3862923569977539 0.99020041525366309 0.99010530486702908 1.0397324003279207 1.1387457028031591 2.2774787433444965
leaf_count=18 34 8 20 19 30 10 20 20 26 20 19 37 20 20 21 26 20 27 20 20 27 27 21 21 28 20 20 21 23 46
internal_value=0 -0.0456967 0.0485214 -0.0515648 0.0602731 -0.0538614 -0.0530167 0.0627631 0.0623217 0.0617593 -0.0528046 -0.0527848 -0.0527755 -0.0527682 -0.0527639 -0.0527601 -0.0527567 -0.0527547 -0.0527554 -0.0527558 -0.0527555 -0.0527551 -0.0527554 -0.0527558 -0.0527557 -0.0527558 -0.0527559 -0.0527559 -0.0527559 -0.0527559
internal_weight=0 31.0207 25.2761 29.4978 18.7 27.9712 26.9441 15.3623 11.9356 7.04119 25.238 24.1907 23.1437 22.1086 21.0882 20.0221 18.7186 17.7173 15.8901 14.902 13.9106 5.09815 3.76212 8.81242 2.42584 7.77291 6.43626 5.44616 4.40642 3.41622
internal_count=709 559 150 551 116 532 522 96 76 46 504 485 465 445 425 404 378 358 321 301 281 103 76 178 49 157 130 110 89 69
is_linear=0
shrinkage=0.05


Tree=29
num_leaves=31
num_cat=0
split_feature=26 13 6 13 3 10 18 12 13 7 13 16 16 17 17 19 5 15 9 15 13 13 4 9 17 12 3 12 10 12
split_gain=39.639 12.1484 8.93267 1.97752 0.191345 0.0268901 0.00717846 0.0024889 0.000257087 0.000102483 2.49617e-05 1.28544e-05 2.13149e-05 3.80471e-06 1.69399e-06 1.43502e-06 7.05026e-07 3.38557e-07 8.71018e-08 7.67061e-08 2.61057e-08 1.17261e-08 6.7593e-09 1.46622e-08 2.40157e-09 7.61323e-10 2.99504e-10 2.87086e-11 1.19549e-12 1.54987e-13
threshold=1.0000000180025095e-35 0.59092998504638683 1.0000000180025095e-35 -0.48248599469661707 0.33046713471412664 0.10939162597060205 0.4906813800334931 0.41294881701469427 0.053857475519180305 -0.065312601625919328 -0.036468276754021638 -0.42607913911342615 -0.45201365649700159 1.2705836892127993 0.054406793788075454 0.083670727908611311 1.5452732443809511 0.54158261418342601 -0.069214545190334306 -0.36237695813179011 -0.10783111304044722 -0.20892845094203946 -0.064850963652133928 -0.096905712038278566 -0.515195071697235 -0.16518028080463407 0.060817981138825424 -0.54013302922248829 0.20571476966142657 -0.11900383979082106
decision_type=2 2 2 2 2 2 2 2 2 2 2 2 2 2 2 2 2 2 2 2 2 2 2 2 2 2 2 2 2 2
left_child=2 5 3 -1 -5 -2 -6 -8 9 10 11 12 14 15 -7 16 17 18 20 -16 21 22 23 25 -24 -13 27 -26 -29 -30
right_child=1 -3 -4 4 6 8 7 -9 -10 -11 -12 13 -14 -15 19 -17 -18 -19 -20 -21 -22 -23 24 -25 26 -27 -28 28 29 -31
leaf_value=0.02411685431748117 -0.059083666088380872 0.062209950262647543 -0.013974949311855134 0.074945971759223767 0.064166519401973474 -0.052702983174157204 0.060882381620334929 0.062653883822190698 -0.053528218134800833 -0.053138723065300701 -0.052899199396023756 -0.052614079053368637 -0.052894742637879577 -0.052715994840652147 -0.052632137253628912 -0.052673836970106802 -0.052656324600129346 -0.052583644874603125 -0.052628682547351625 -0.052612496247436906 -0.052620947121437757 -0.052607581052730612 -0.052611385786519416 -0.052605683395633721 -0.052613999452167687 -0.052612156419908213 -0.052613467855583643 -0.052614260469544184 -0.052614342174346775 -0.052614317042085725
leaf_weight=3.5172066986560884 1.7733288332819999 2.4976202845573416 5.4912119880318633 4.0097922682762173 3.799459144473075 0.96863456815481219 5.2644306868314725 3.1806526780128479 0.92404389008879562 1.1498238183557941 0.99926577135920425 1.133172389119864 1.2542270682752263 1.0714018344879139 0.99743119254708279 1.1025027967989434 0.95703059807419855 0.98067183792591173 0.94893645867704179 0.99098254367709149 0.94642305374145586 1.1777092404663569 0.99060257896782289 0.94153484329582582 0.9442842602729925 0.94368217512965213 1.6994003392755983 0.94436959922311015 0.94439615681768829 1.7471175566315515
leaf_count=25 24 16 32 20 23 20 36 20 16 21 20 24 25 22 21 23 20 21 20 21 20 25 21 20 20 20 36 20 20 37
internal_value=0 -0.0432116 0.0424416 0.0581103 0.0654661 -0.053136 0.0623616 0.0615496 -0.0527099 -0.0526782 -0.0526549 -0.0526436 -0.052722 -0.0526247 -0.0526488 -0.0526187 -0.0526148 -0.052612 -0.0526141 -0.0526223 -0.052613 -0.0526123 -0.0526128 -0.0526109 -0.0526137 -0.0526132 -0.052614 -0.0526142 -0.0526143 -0.0526143
internal_weight=0 29.0286 25.2628 19.7715 16.2543 26.531 12.2445 8.44508 24.7576 23.8336 22.6838 21.6845 4.21128 17.4732 2.95705 16.4018 15.2993 14.3423 13.3616 1.98841 12.4127 11.4663 10.2886 3.01839 7.27017 2.07685 6.27957 4.58017 3.63588 2.69151
internal_count=709 553 156 124 99 537 79 56 513 497 476 456 87 369 62 347 324 304 283 42 263 243 218 64 154 44 133 97 77 57
is_linear=0
shrinkage=0.05


Tree=30
num_leaves=31
num_cat=0
split_feature=26 13 3 2 5 14 15 20 14 7 13 19 17 9 3 5 17 3 14 16 2 13 3 12 5 5 9 15 2 2
split_gain=41.1743 12.6932 5.5999 2.09632 0.229682 0.161088 0.0437471 0.00337833 0.00201279 9.01128e-05 9.11356e-05 2.27574e-05 6.71502e-06 1.08704e-06 2.07333e-07 1.38267e-07 5.52283e-08 5.25296e-09 5.85337e-09 3.77252e-09 6.71808e-09 8.1198e-10 5.62296e-10 2.63487e-10 5.90403e-11 2.31788e-11 9.18998e-12 5.88507e-12 1.34914e-12 2.21378e-12
threshold=1.0000000180025095e-35 0.59092998504638683 0.25802253186702734 0.050868861377239234 0.26463806629180914 0.60039311647415172 0.73730605840682995 0.80580085515975963 -0.013203775510191916 -0.068130612373352037 0.058682166039943702 0.13972511887550357 1.341783940792084 -0.050515701994299882 0.39432542026042944 1.2422838211059573 -0.67299020290374745 0.15472862124443057 -0.15265762060880658 -0.39149977266788477 -0.28610669076442713 -0.14351253211498258 -1.0655999779701231 -0.61586242914199818 -0.53525397181510914 -0.46657638251781458 -0.086874563246965394 0.35594809055328375 -0.53475075960159291 -0.69845697283744801
decision_type=2 2 2 2 2 2 2 2 2 2 2 2 2 2 2 2 2 2 2 2 2 2 2 2 2 2 2 2 2 2
left_child=2 6 3 -1 5 -4 8 -7 9 10 11 12 13 14 15 16 -2 18 19 20 22 23 -18 -21 -24 -25 27 28 29 -27
right_child=1 -3 4 -5 -6 7 -8 -9 -10 -11 -12 -13 -14 -15 -16 -17 17 -19 -20 21 -22 -23 24 25 -26 26 -28 -29 -30 -31
leaf_value=-0.022601818301903345 -0.052466105392746258 0.06132795822715309 0.073744528462560535 0.032160313147811703 0.052115844885228892 0.062861924303656266 -0.063421469345364564 0.060872063281327105 -0.054602271100709678 -0.052977319241141178 -0.053009598303691619 -0.05273917709660008 -0.052613957761845159 -0.052536286051524828 -0.05250379009781958 -0.052497786348479063 -0.052478307059383091 -0.05247572632087466 -0.052475353848428032 -0.052479476073771972 -0.052474566382541166 -0.052478559676299566 -0.052479553437910997 -0.052480024821054273 -0.052480099940831727 -0.052480313451225169 -0.052480149229304045 -0.052480438456736202 -0.052480325610159279 -0.052480210018890486
leaf_weight=2.8982502818107632 0.89585724473002315 2.6834331154823294 4.4001562893390682 4.401699110865593 3.8928313404321662 4.9531371891498548 0.98139635100960632 3.7463710010051727 1.2551014311611677 1.1493771970272053 0.92169063910841842 0.96094708889722724 1.0362977348268021 0.91825180128216999 0.90779983624815841 0.95139017328619857 0.89990186318755205 1.2137019336223591 0.94387258216736469 1.2604010701179724 0.98851121589543822 0.89998283982274507 1.0353589095175268 0.90046733245255683 0.94551658257842031 1.2157588601112368 0.90050845593209672 0.90060357749462117 2.1613588072359562 0.90052814036609863
leaf_count=24 20 18 25 21 26 31 10 26 18 22 18 20 22 20 20 21 20 27 21 28 22 20 23 20 21 27 20 20 48 20
internal_value=0 -0.0420414 0.0470448 0.0104185 0.0627794 0.0659483 -0.053073 0.062005 -0.0526527 -0.0525458 -0.0525231 -0.0525015 -0.05249 -0.0524832 -0.0524805 -0.0524793 -0.0524782 -0.0524789 -0.0524792 -0.0524794 -0.0524781 -0.05248 -0.0524793 -0.0524801 -0.0524798 -0.0524803 -0.0524803 -0.0524803 -0.0524803 -0.0524803
internal_weight=0 27.828 24.2924 7.29995 16.9925 13.0997 25.1446 8.69951 24.1632 22.9081 21.7587 20.837 19.8761 18.8398 17.9215 17.0137 16.0623 15.1665 13.9528 13.0089 3.86929 9.13961 2.88078 8.23963 1.98088 6.97923 6.07876 5.17825 4.27765 2.11629
internal_count=699 546 153 45 108 82 528 57 518 500 478 460 440 418 398 378 357 337 310 289 86 203 64 183 44 155 135 115 95 47
is_linear=0
shrinkage=0.05


Tree=31
num_leaves=30
num_cat=0
split_feature=26 13 3 2 5 14 14 20 14 13 7 3 17 19 15 5 9 17 14 3 5 19 20 10 12 17 18 2 4
split_gain=38.6238 12.0195 5.3821 1.93968 0.232669 0.141545 0.0428701 0.00281034 0.00146143 9.59225e-05 7.20716e-05 9.79596e-06 2.04358e-06 9.46654e-07 5.85349e-07 6.43581e-07 3.13301e-08 1.15199e-08 5.01761e-09 3.82465e-09 1.71494e-09 1.06051e-09 7.79892e-11 1.14788e-11 1.09956e-11 3.79607e-12 5.07461e-12 6.43929e-13 2.00284e-13
threshold=1.0000000180025095e-35 0.59092998504638683 0.25802253186702734 0.26027362048625952 0.26463806629180914 0.60039311647415172 0.087202988564968123 0.80580085515975963 -0.013203775510191916 0.0051600427832454452 -0.068130612373352037 0.60354238748550426 1.3302379846572878 0.083670727908611311 0.56579580903053295 1.411957919597626 -0.074408665299415575 -0.59986561536788929 -0.15265762060880658 0.16988588869571689 -0.64837005734443653 -0.20781209319829938 0.73896846175193798 0.2018999978899956 -0.57338008284568776 0.14677467197179797 -0.29346624016761774 -0.13684793561697003 0.4470392912626267
decision_type=2 2 2 2 2 2 2 2 2 2 2 2 2 2 2 2 2 2 2 2 2 2 2 2 2 2 2 2 2
left_child=2 6 3 -1 5 -4 8 -7 9 10 11 12 13 14 15 16 17 -2 19 20 21 -19 23 -22 -25 26 -26 28 -27
right_child=1 -3 4 -5 -6 7 -8 -9 -10 -11 -12 -13 -14 -15 -16 -17 -18 18 -20 -21 22 -23 -24 24 25 27 -28 -29 -30
leaf_value=-0.015509616765325744 -0.052346571863131644 0.060657655455827478 0.072488939339536845 0.036321832290725643 0.050934307083840308 0.062085885350599335 -0.063631096734508799 0.060235300561975291 -0.054386868149269331 -0.05281625569318197 -0.052795829438004406 -0.052514253062723962 -0.052433643896853947 -0.052403005293775652 -0.052314387397980645 -0.052396957927330512 -0.052361793067832813 -0.052352676989669611 -0.052348954014958198 -0.052349601853081774 -0.052353296225164485 -0.052350449157623949 -0.052352918294781142 -0.052353280333888988 -0.052353351002141828 -0.052353528107467878 -0.0523534990518294 -0.052353467042373404 -0.052353500143789235
leaf_weight=3.6664541736245182 0.85635625571014529 2.580050364136695 4.2562066167593029 3.5553499907255173 3.7866971790790549 4.7689621448516828 0.89874938130378623 3.6003728583455086 0.98298025131225841 1.4056280590593804 1.0362629033625115 1.081940110772847 0.88474201783537765 1.0010231398046006 0.92948623746633607 0.87243773788213808 0.90439163893461483 1.4163429550826552 0.90000596642492325 0.85735064372420389 1.5454717613756619 0.85764654725791523 0.85846968367695886 0.85859002545477281 1.2020588628947737 1.5885438993573333 1.1162616461515291 0.85865210369227929 1.0733289606869219
leaf_count=28 20 18 25 17 26 31 7 26 15 29 21 24 20 23 22 20 21 33 21 20 36 20 20 20 28 37 26 20 25
internal_value=0 -0.0418876 0.0459772 0.0100074 0.0618048 0.0650651 -0.0529175 0.0612898 -0.0525004 -0.0524166 -0.0523894 -0.052368 -0.0523595 -0.0523558 -0.0523529 -0.0523552 -0.0523528 -0.0523522 -0.0523526 -0.0523528 -0.0523531 -0.0523518 -0.0523534 -0.0523534 -0.0523534 -0.0523535 -0.0523534 -0.0523535 -0.0523535
internal_weight=0 26.5668 23.634 7.2218 16.4122 12.6255 23.9867 8.36934 23.088 22.105 20.6994 19.6631 18.5812 17.6964 16.6954 15.7659 14.8935 13.9891 13.1327 12.2327 11.3754 2.27399 9.10138 8.24291 6.69744 5.83885 2.31832 3.52052 2.66187
internal_count=699 546 153 45 108 82 528 57 521 506 477 456 432 412 389 367 347 326 306 285 265 53 212 192 156 136 54 82 62
is_linear=0
shrinkage=0.05


Tree=32
num_leaves=31
num_cat=0
split_feature=26 13 14 11 14 5 20 14 14 13 7 15 17 19 15 5 9 17 15 13 20 14 10 0 9 16 0 5 4 14
split_gain=36.2271 11.3845 4.59082 1.76512 2.27893 0.288943 0.206088 0.0366123 0.00125284 8.2211e-05 6.16232e-05 7.41236e-06 1.48636e-06 8.69071e-07 5.75617e-07 6.26367e-07 4.41075e-08 1.30557e-08 1.30475e-08 1.27747e-08 3.76769e-09 4.01705e-09 1.7084e-09 2.45295e-10 1.91977e-10 5.55378e-12 6.16396e-13 1.37668e-13 6.43929e-14 2.88658e-14
threshold=1.0000000180025095e-35 0.59092998504638683 -0.20843914896249768 0.78451767563819896 0.74542510509490978 -0.042391221970319741 0.35086189210414892 0.087202988564968123 -0.013203775510191916 0.0051600427832454452 -0.068130612373352037 -0.68118420243263234 1.2821297049522402 0.083670727908611311 0.56579580903053295 1.436197102069855 -0.072850428521633134 -0.60756295919418324 0.43262323737144476 -0.089990407228469835 0.74871456623077404 -0.1638139262795448 0.18282610923051837 -0.19492817670106885 -0.089082065969705568 -0.40878944098949427 -0.19267760217189786 -0.36557991802692408 0.76697069406509411 -0.47061237692832941
decision_type=2 2 2 2 2 2 2 2 2 2 2 2 2 2 2 2 2 2 2 2 2 2 2 2 2 2 2 2 2 2
left_child=2 7 -1 5 -5 -4 -6 8 9 10 11 -2 13 14 15 16 17 -13 19 20 21 22 -19 -24 25 -25 -27 -28 29 -29
right_child=1 -3 3 4 6 -7 -8 -9 -10 -11 -12 12 -14 -15 -16 -17 -18 18 -20 -21 -22 -23 23 24 -26 26 27 28 -30 -31
leaf_value=-0.014091499075667669 -0.052380623944350162 0.060033596692142289 0.077606476553539624 0.0049110012600060001 0.062758023951818329 0.060516956605798838 0.045146373926193972 -0.062858782911635352 -0.054159956378236222 -0.052672109718283899 -0.052652283252916814 -0.052226886852074474 -0.052304633287998725 -0.052280889673485979 -0.052195412130154543 -0.05227816834729359 -0.052244787894316885 -0.052230899972461248 -0.052239056357019822 -0.05223852583115688 -0.052229562968021552 -0.052229297281239886 -0.052232403867992321 -0.052233324431640221 -0.052232801340285996 -0.052233424337978396 -0.052233487802937989 -0.052233462325497464 -0.052233453087066117 -0.052233474846052758
leaf_weight=2.8839944973588016 0.98617587238551507 2.4790832698345175 4.5428340062499073 3.3476836681365949 3.9233800768852234 5.4295499846339217 2.8807385563850403 0.86515370011329551 0.93885817751288669 1.3406414464116085 0.9883432574570169 0.85722816735507734 0.84187814965844054 1.0379657298326481 0.92601391673088151 0.83297852054238397 0.82229970395563867 0.89952928945423227 0.90243676304817277 0.90224000439046115 1.1033520363271225 0.81721627339720804 0.85917562618852628 0.90042816102505696 1.5140314474701684 0.94139556959272397 0.81862621381879863 0.81861728802324352 0.85954518616199482 1.1051394529640379
leaf_count=26 23 18 25 18 25 39 20 7 15 29 21 21 20 25 23 20 20 22 22 22 27 20 21 22 37 23 20 20 21 27
internal_value=0 -0.0417415 0.0449063 0.0533613 0.0386847 0.0683019 0.0553016 -0.0527694 -0.0523728 -0.0522932 -0.0522675 -0.0522472 -0.0522398 -0.0522366 -0.0522337 -0.052236 -0.0522336 -0.0522329 -0.0522333 -0.0522328 -0.0522323 -0.0522326 -0.052233 -0.0522332 -0.0522333 -0.0522334 -0.0522335 -0.0522335 -0.0522335 -0.0522335
internal_weight=0 25.3584 23.0082 20.1242 10.1518 9.97238 6.80412 22.8793 22.0141 21.0753 19.7346 18.7463 17.7601 16.9182 15.8803 14.9542 14.1213 13.299 12.4417 11.5393 10.6371 9.5337 8.71649 7.81696 6.95778 5.44375 4.54332 3.60193 2.7833 1.92376
internal_count=699 546 153 127 63 64 45 528 521 506 477 456 433 413 388 365 345 325 304 282 260 233 213 191 170 133 111 88 68 47
is_linear=0
shrinkage=0.05


Tree=33
num_leaves=31
num_cat=0
split_feature=26 13 3 2 5 14 14 20 14 13 7 3 17 19 15 5 9 17 14 3 5 19 20 0 7 15 10 0 2 9
split_gain=33.9757 10.7857 5.19646 1.75088 0.234083 0.115826 0.0312806 0.0019155 0.00107428 7.04762e-05 5.27074e-05 7.21129e-06 1.49214e-06 6.96165e-07 4.26971e-07 4.70771e-07 2.2956e-08 8.36506e-09 3.63684e-09 2.76985e-09 1.35126e-09 7.41081e-10 5.36637e-11 1.18963e-11 9.42801e-12 5.63638e-12 2.90257e-12 1.53721e-12 1.16795e-13 6.75016e-14
threshold=1.0000000180025095e-35 0.59092998504638683 0.25802253186702734 0.26027362048625952 0.26463806629180914 0.60039311647415172 0.087202988564968123 0.80580085515975963 -0.013203775510191916 0.0051600427832454452 -0.068130612373352037 0.60354238748550426 1.3302379846572878 0.083670727908611311 0.56579580903053295 1.411957919597626 -0.074408665299415575 -0.59986561536788929 -0.15265762060880658 0.16988588869571689 -0.64837005734443653 -0.20781209319829938 0.73896846175193798 -0.19359789043664929 -0.10142689198255538 -0.4753719270229339 0.23337191343307498 -0.17763608694076535 -0.78492411971092213 -0.095379941165447221
decision_type=2 2 2 2 2 2 2 2 2 2 2 2 2 2 2 2 2 2 2 2 2 2 2 2 2 2 2 2 2 2
left_child=2 6 3 -1 5 -4 8 -7 9 10 11 12 13 14 15 16 17 -2 19 20 21 -19 23 -22 25 -25 27 -27 -28 -30
right_child=1 -3 4 -5 -6 7 -8 -9 -10 -11 -12 -13 -14 -15 -16 -17 -18 18 -20 -21 22 -23 -24 24 -26 26 28 -29 29 -31
leaf_value=-0.015891056329212744 -0.052113577164321134 0.059451846598447745 0.070473910720915564 0.03383019777060086 0.048958574950226853 0.060704106770372517 -0.062135582124895762 0.059115666992525961 -0.053945443741560732 -0.052535674647843394 -0.052516456969132576 -0.052264419698958037 -0.052191618846891719 -0.052164310114703828 -0.052084734894221697 -0.052158762206819226 -0.052127221787874767 -0.052118973884619162 -0.052115709469327601 -0.052116289233472182 -0.052119527748700545 -0.052117020300986749 -0.052119271809798723 -0.052119626095084005 -0.05211956630537512 -0.052119674524643202 -0.052119781214121856 -0.052119768300946945 -0.052119809802027219 -0.0521197932663802
leaf_weight=3.6205112412571934 0.77823972329499014 2.3806658536195746 4.0291674286127073 3.4651623219251633 3.554916024208068 4.4133297726511955 0.83229473233222862 3.3299648985266685 0.8965310156345393 1.278485782444476 0.94251130521297355 0.98364197462797065 0.80415791645645995 0.9098025895655163 0.84464928880333978 0.79292720183730203 0.8219151012599476 1.2871163189411166 0.81791008636353701 0.7791464142501362 0.81927068904043387 0.77940640226007829 0.7801712080836295 0.78029090166093062 0.7802708186208952 0.93636921793222427 0.81936068087817382 0.81935627013444878 1.4826711602509137 1.0534690655767691
leaf_count=28 20 18 25 17 26 31 7 26 15 29 21 24 20 23 22 20 21 33 21 20 21 20 20 20 20 24 21 21 38 27
internal_value=0 -0.0416034 0.0438338 0.00842452 0.0602031 0.0635986 -0.052629 0.060021 -0.052252 -0.0521765 -0.052152 -0.0521328 -0.0521252 -0.0521218 -0.0521193 -0.0521213 -0.0521191 -0.0521186 -0.0521189 -0.0521192 -0.0521194 -0.0521182 -0.0521197 -0.0521197 -0.0521197 -0.0521198 -0.0521198 -0.0521197 -0.0521198 -0.0521198
internal_weight=0 24.2006 22.4131 7.08567 15.3274 11.7725 21.82 7.74329 20.9877 20.0911 18.8127 17.8701 16.8865 16.0823 15.1725 14.3279 13.535 12.713 11.9348 11.1169 10.3378 2.06652 8.27123 7.49106 6.67179 5.89152 5.11123 1.75573 3.3555 2.53614
internal_count=699 546 153 45 108 82 528 57 521 506 477 456 432 412 389 367 347 326 306 285 265 53 212 192 171 151 131 45 86 65
is_linear=0
shrinkage=0.05


Tree=34
num_leaves=31
num_cat=0
split_feature=26 13 3 16 5 10 15 20 18 13 3 8 13 1 10 7 17 17 16 5 15 13 17 19 5 3 18 13 3 9
split_gain=31.8851 10.2208 5.01176 1.66868 0.239739 0.084011 0.0246736 0.0062753 0.00091702 0.000354386 0.000125704 3.2778e-05 1.88747e-05 2.34035e-05 1.45595e-05 5.89983e-06 1.64834e-06 7.58131e-07 5.86584e-07 9.99168e-08 2.9935e-08 1.43677e-08 5.29958e-09 3.9878e-09 1.67896e-09 1.29821e-10 2.20597e-11 5.85132e-12 2.21223e-12 2.49578e-13
threshold=1.0000000180025095e-35 0.59092998504638683 0.25802253186702734 -0.26182715594768519 0.26463806629180914 0.54046151041984569 0.77766138315200817 0.6899399757385255 0.91839832067489635 0.1151777431368828 0.90399315953254711 0.20024566352367404 -0.095937307924032197 1.0000000180025095e-35 0.15516896545886996 -0.10371747240424155 1.2705836892127993 -0.65951988101005543 -0.44336880743503565 1.1695663928985598 0.50929841399192821 -0.22676916420459745 -0.41128122806549067 0.0089315432123839873 -0.52717426419258107 0.13155459612607959 -0.0083216414786875231 -0.3992293626070022 1.0000000180025095e-35 -0.094373576343059526
decision_type=2 2 2 2 2 2 2 2 2 2 2 2 2 2 2 2 2 2 2 2 2 2 2 2 2 2 2 2 2 2
left_child=2 6 3 -1 5 7 9 -4 -9 10 11 12 14 -14 -2 -16 17 -17 -19 20 21 22 -20 24 -24 26 27 29 -29 -26
right_child=1 -3 4 -5 -6 -7 -8 8 -10 -11 -12 -13 13 -15 15 16 -18 18 19 -21 -22 -23 23 -25 25 -27 -28 28 -30 -31
leaf_value=-0.020237310898055971 -0.052216986342488864 0.058908893232969474 0.062120759224751423 0.029033997845254445 0.047832212771321513 0.070190780233205435 -0.061059324329530984 0.059932768093643667 0.058617162054391249 -0.053180143515873829 -0.052732343976426344 -0.052376168103787549 -0.052032751748078004 -0.052404041467930096 -0.052131744788837864 -0.052059547990976278 -0.05209055350970393 -0.0520454506046003 -0.052015629131638264 -0.0520290967457753 -0.05200045791288084 -0.052004489289836135 -0.052009447616679728 -0.052007727863950609 -0.052012149528334654 -0.052011321875558306 -0.052011786263794949 -0.052012069867149492 -0.052011950847050174 -0.05201211427755871
leaf_weight=2.9909498691558838 1.1878283955156952 2.2849014252424231 3.1103028431534749 4.0388990566134479 3.4591531381011 2.9124548733234397 0.80849841982126136 2.718605749309063 2.5830429866909981 0.80118211731314559 0.77096384391188522 0.89299042522907157 0.8240327723324341 0.8751816563308239 1.4221181720495355 1.0956440269947165 0.88322028890252191 1.46779353916646 0.7449597790837349 0.74935258924961168 0.73957013338804323 0.77818273380393677 0.78000917658210411 0.74227619543671597 1.4132018834352551 0.74350794032216061 0.74366647750138071 0.78095166385173775 0.78090889379382133 0.78096766024827968
leaf_count=25 30 18 22 20 26 19 9 20 21 16 18 21 22 21 37 29 23 39 20 20 20 21 21 20 38 20 20 21 21 21
internal_value=0 -0.0414727 0.042826 0.00807081 0.0593528 0.0628718 -0.052496 0.0603378 0.0592918 -0.0521498 -0.0521068 -0.0520807 -0.0520656 -0.052224 -0.0520486 -0.052035 -0.0520246 -0.0520198 -0.052016 -0.0520116 -0.0520101 -0.052011 -0.0520116 -0.0520112 -0.0520116 -0.0520119 -0.052012 -0.0520121 -0.052012 -0.0520121
internal_weight=0 23.0919 21.8134 7.02985 14.7836 11.3244 20.807 8.41195 5.30165 19.9985 19.1973 18.4264 17.5334 1.69921 15.8342 14.6463 13.2242 12.341 11.2453 9.77756 9.0282 8.28863 7.51045 6.76549 6.02321 5.2432 4.4997 3.75603 1.56186 2.19417
internal_count=699 546 153 45 108 82 528 63 41 519 503 485 464 43 421 391 354 331 302 263 243 223 202 182 162 141 121 101 42 59
is_linear=0
shrinkage=0.05


Tree=35
num_leaves=31
num_cat=0
split_feature=26 6 14 12 0 17 13 17 15 14 7 13 3 17 19 17 9 7 14 0 16 10 5 20 5 13 0 11 0 15
split_gain=28.167 7.50582 7.40224 2.7391 0.45398 0.207443 0.184141 0.0736484 0.0146388 0.000935641 4.37953e-05 1.10233e-05 3.49228e-06 8.64404e-07 6.39054e-07 3.57592e-07 1.46732e-07 2.52062e-08 9.44037e-09 4.12711e-09 2.00204e-09 3.09137e-09 8.64866e-10 2.63989e-10 1.79655e-10 4.27409e-11 1.57243e-11 4.54214e-12 2.90523e-12 1.06049e-12
threshold=1.0000000180025095e-35 1.0000000180025095e-35 0.60039311647415172 -1.7240970730781553 0.090495467185974135 -0.78460139036178578 0.26087687909603124 0.37769433856010443 1.7139052748680117 1.0000000180025095e-35 -0.064404055476188646 0.011456758715212347 0.39432542026042944 1.2936757206916811 0.072459854185581221 -0.69223350286483754 -0.066098071634769426 -0.089445456862449632 -0.14707946777343747 -0.15754611790180204 -0.39149977266788477 0.20380738377571109 0.56762748956680309 0.73094305396080028 -0.75340637564659108 -0.22082225978374478 -0.19321776181459424 -0.55707889795303334 -0.18063621222972867 -0.36641249060630793
decision_type=2 2 2 2 2 2 2 2 2 2 2 2 2 2 2 2 2 2 2 2 2 2 2 2 2 2 2 2 2 2
left_child=1 3 4 -1 6 -5 9 8 -7 10 11 12 13 14 15 -2 17 18 19 20 21 -17 23 25 -23 26 -22 -28 29 -29
right_child=2 -3 -4 5 -6 7 -8 -9 -10 -11 -12 -13 -14 -15 -16 16 -18 -19 -20 -21 22 24 -24 -25 -26 -27 27 28 -30 -31
leaf_value=0.016409142628015204 -0.051873896412521617 -0.015646931858558092 0.058064577664179752 0.074375255246547575 -0.014304044896619173 0.054152715444843486 -0.077579894925017101 0.066722872755227022 0.059264545373902258 -0.053707303547457785 -0.052310680488076501 -0.052098692281590031 -0.052003837578252367 -0.051965029486908634 -0.051954127023827269 -0.05190567419640163 -0.051929823768928456 -0.051899258397570161 -0.051903680404689102 -0.051905792921306704 -0.051909891466041226 -0.051908970731908879 -0.051911765763853493 -0.05190903998122931 -0.05190988853331846 -0.05190972385024132 -0.051910253256851002 -0.051910095470783936 -0.051910029589847709 -0.051910165081733101
leaf_weight=3.8249846324324652 0.73055768385531017 5.1513698101043692 1.6681486517190922 3.8472625836730048 0.78961125388741393 2.4054522737860626 0.7318410649895658 3.0653431937098503 3.3523936122655869 0.78616427257656951 0.78490668907761829 0.90528863295912643 1.1415474005043496 0.7636451832950123 0.79192340746522027 0.70730276778341261 0.85851913690565673 0.70489987358450967 0.77727611362934013 0.74270783364772874 0.74421398341656564 0.95641923323273714 0.70941101759672154 0.7439056709408759 1.2049157992005344 0.88589679449795777 0.7443444952368824 0.81517203897238699 0.74426373094318643 1.665842607617378
leaf_count=29 21 33 14 24 10 21 7 20 26 13 19 24 31 21 22 20 24 20 22 21 21 27 20 21 34 25 21 23 21 47
internal_value=0 0.0370388 -0.0432078 0.053492 -0.0514766 0.0646867 -0.0529711 0.0604621 0.057129 -0.0520186 -0.0519454 -0.0519288 -0.0519195 -0.0519132 -0.0519105 -0.0519079 -0.0519098 -0.0519084 -0.051909 -0.0519094 -0.0519097 -0.0519085 -0.0519101 -0.0519099 -0.0519095 -0.05191 -0.0519101 -0.0519101 -0.0519101 -0.0519101
internal_weight=0 21.6468 22.0987 16.4954 20.4306 12.6705 19.641 8.82319 5.75785 18.9091 18.123 17.3381 16.4328 15.2912 14.5276 13.7356 13.0051 12.1466 11.4417 10.6644 9.92169 2.86864 7.05305 6.34364 2.16134 5.59973 4.71384 3.96962 3.22528 2.48101
internal_count=702 153 549 120 535 91 525 67 47 518 505 486 462 431 410 388 367 343 323 301 280 81 199 179 61 158 133 112 91 70
is_linear=0
shrinkage=0.05


Tree=36
num_leaves=31
num_cat=0
split_feature=26 6 14 12 0 17 13 17 10 14 7 13 3 17 19 17 9 7 14 8 16 10 5 20 5 13 8 11 2 4
split_gain=26.399 7.05842 7.00669 2.68769 0.49406 0.183566 0.162519 0.0664738 0.0113719 0.000799086 4.72448e-05 9.46454e-06 2.99476e-06 7.40689e-07 5.48925e-07 3.28441e-07 1.20324e-07 2.15139e-08 8.04373e-09 3.69178e-09 1.69396e-09 2.42823e-09 7.49349e-10 2.12864e-10 1.60548e-10 7.09859e-11 1.66036e-11 3.70814e-12 2.9412e-12 3.32179e-13
threshold=1.0000000180025095e-35 1.0000000180025095e-35 0.60039311647415172 -1.7240970730781553 0.19062093645334247 -0.78460139036178578 0.26087687909603124 0.37769433856010443 -1.7779697179794309 1.0000000180025095e-35 -0.062432484701275819 0.011456758715212347 0.39432542026042944 1.2936757206916811 0.072459854185581221 -0.70955246686935414 -0.066098071634769426 -0.089445456862449632 -0.14707946777343747 -0.077798876911401735 -0.39149977266788477 0.21239063888788226 0.68478336930274974 0.73094305396080028 -0.75340637564659108 -0.22676916420459745 -0.2224495857954025 -0.55707889795303334 -0.21257902681827542 -0.064850963652133928
decision_type=2 2 2 2 2 2 2 2 2 2 2 2 2 2 2 2 2 2 2 2 2 2 2 2 2 2 2 2 2 2
left_child=1 3 4 -1 6 -5 9 8 -7 10 11 12 13 14 15 -2 17 18 19 20 21 -17 23 25 -23 26 -22 -28 29 -29
right_child=2 -3 -4 5 -6 7 -8 -9 -10 -11 -12 -13 -14 -15 -16 16 -18 -19 -20 -21 22 24 -24 -25 -26 -27 27 28 -30 -31
leaf_value=0.015678203511315422 -0.051777086179124646 -0.014804982087962375 0.05761020881248903 0.073065523390404591 -0.011187593601091233 0.058401103376520741 -0.076354471042982389 0.065804577040461762 0.053790650265116216 -0.053515458296959209 -0.052234014570035806 -0.051992409700047031 -0.051902350613606311 -0.051865529800161958 -0.051855248346240002 -0.051809466099042391 -0.051831358218384749 -0.051803204434983409 -0.051807392300451408 -0.051809212600812615 -0.051813248153661756 -0.051812369694933871 -0.051815041364362213 -0.051812472619404949 -0.051813273834940103 -0.051813000002435251 -0.051813620260600192 -0.051813492074521142 -0.051813409302775497 -0.051813533701272708
leaf_weight=3.8037027418613478 0.66227811388672364 5.1715747267007819 1.598989501595496 3.7235576957464263 0.74005451798438926 3.2732905372977283 0.70703842863440414 2.9554992243647575 2.2615359053015629 0.75043565034866233 0.7613400667905833 0.86285307630896646 1.0879431329667575 0.7277601286768921 0.75470101460814554 0.70779649168253511 0.85189318656920221 0.67173339985311109 0.74070738255977531 0.67399919778108675 0.67542278394103528 0.87765341997146618 0.6760360114276408 0.70891053602099408 1.1144616454839702 0.9454712793230956 0.70932896435261295 0.67550736665726296 0.77680008485912333 1.6550283171236511
leaf_count=29 20 33 14 24 9 27 7 20 20 13 19 24 31 21 22 21 25 20 22 20 20 26 20 21 33 28 21 20 23 49
internal_value=0 0.0359822 -0.0430141 0.0523798 -0.0512589 0.0638095 -0.0528383 0.0597502 0.0565173 -0.0519181 -0.0518489 -0.0518312 -0.0518223 -0.0518164 -0.0518138 -0.0518114 -0.0518132 -0.0518119 -0.0518124 -0.0518128 -0.051813 -0.051812 -0.0518135 -0.0518133 -0.0518129 -0.0518134 -0.0518135 -0.0518135 -0.0518135 -0.0518135
internal_weight=0 21.1892 21.1141 16.0176 19.5152 12.2139 18.7751 8.49033 5.53483 18.0681 17.3176 16.5563 15.6934 14.6055 13.8777 13.123 12.4608 11.6089 10.9371 10.1964 9.52242 2.69991 6.82251 6.14647 1.99212 5.43756 4.49209 3.81666 3.10734 2.33054
internal_count=702 153 549 120 535 91 526 67 47 519 506 487 463 432 411 389 369 344 324 302 282 80 202 182 59 161 133 113 92 69
is_linear=0
shrinkage=0.05


Tree=37
num_leaves=31
num_cat=0
split_feature=14 26 6 27 7 20 14 13 3 14 7 10 19 17 10 3 15 5 13 3 13 17 5 17 18 19 19 20 11 11
split_gain=24.7938 10.1768 10.4536 1.84737 1.01714 0.236598 0.183899 0.14314 0.050143 0.000676184 9.44436e-05 8.23439e-06 2.83283e-06 7.14781e-07 5.44453e-07 2.78925e-07 2.33587e-07 9.02167e-08 1.59287e-08 5.89587e-09 5.73257e-09 2.14476e-09 5.93232e-10 4.49433e-10 2.2178e-10 9.09308e-11 1.38956e-10 5.48468e-11 1.32294e-12 8.34e-13
threshold=0.74542510509490978 1.0000000180025095e-35 1.0000000180025095e-35 1.0000000180025095e-35 0.34099876880645758 0.88831177353858959 1.9614625573158266 0.26087687909603124 0.33876827359199529 -1.0000000180025095e-35 -0.057595234364271157 0.11702118068933488 0.083670727908611311 1.3302379846572878 0.16375222057104113 0.62458381056785595 0.54965367913246166 1.3553999066352846 -0.20892845094203946 -0.031853701919317239 -0.07214969769120215 -0.52096807956695546 -0.53525397181510914 -0.33815665543079371 -0.29346624016761774 -0.31992088258266443 -0.22275992482900617 0.61819964647293102 -0.26914680004119867 -0.29001143574714655
decision_type=2 2 2 2 2 2 2 2 2 2 2 2 2 2 2 2 2 2 2 2 2 2 2 2 2 2 2 2 2 2
left_child=1 2 3 -1 7 8 -7 9 -2 10 11 -3 13 14 -13 16 17 18 21 20 -20 -16 24 -24 -23 28 -27 29 -25 -28
right_child=5 4 -4 -5 -6 6 -8 -9 -10 -11 -12 12 -14 -15 15 -17 -18 -19 19 -21 -22 22 23 25 -26 26 27 -29 -30 -31
leaf_value=0.016635730875025633 0.066987912857273429 -0.051907825047073752 -0.06406328180635644 0.068826145187904697 0.0088040149722136921 0.057264406774163307 0.037306633183615358 -0.075166646015906502 0.058656416355390234 -0.053334092189899901 -0.052317656473328047 -0.051759706037638825 -0.051827376803860563 -0.051777585891778881 -0.051718740514655859 -0.051753437343159306 -0.051690327410438969 -0.051739190429639641 -0.051721010155974682 -0.05171253924713029 -0.051714726167841812 -0.051720291501519688 -0.051723102679313786 -0.051721943756391803 -0.051721372712511482 -0.051720969531952876 -0.051721949038729356 -0.051721354122040354 -0.051721866629231242 -0.051721871217828952
leaf_weight=2.9860565587878245 3.0140679106116277 0.69409474544228089 3.1144791394472122 3.9232929199934006 0.69792511686682601 2.3888620734214783 2.2333268225193024 0.68291468173265357 4.5055391564965248 0.71620256453752773 0.7389150895178308 1.0133691616356326 0.73657919466495592 0.66265866532921869 0.70681235939264375 0.6541992239654072 0.63207484968006689 0.68157058581709939 0.8363572619855405 0.64035304635762358 0.64114131033420574 0.93249600380659103 0.64407717436551948 1.8023007698357107 0.96521921083330997 0.83633933961391393 0.74023254588246301 0.64347296953201283 0.80456460639834304 0.64365347474813706
leaf_count=24 18 20 19 27 7 22 19 7 37 13 18 31 22 20 22 20 20 21 26 20 20 29 20 56 30 26 23 20 25 20
internal_value=0 -0.0286786 0.0119891 0.0462707 -0.0504226 0.0565237 0.0476213 -0.0527127 0.0619959 -0.0518298 -0.0517651 -0.0517394 -0.0517317 -0.0517269 -0.0517244 -0.0517216 -0.0517199 -0.0517215 -0.0517204 -0.0517165 -0.0517183 -0.0517214 -0.0517216 -0.0517219 -0.0517208 -0.0517217 -0.0517215 -0.0517217 -0.0517219 -0.0517219
internal_weight=0 28.7714 10.0238 6.90935 18.7475 12.1418 4.62219 18.0496 7.51961 17.3667 16.6505 15.9116 15.2175 14.4809 13.8182 12.8049 12.1507 11.5186 10.837 2.11785 1.4775 8.71917 8.01236 6.11464 1.89772 5.47056 2.8637 2.02736 2.60687 1.38389
internal_count=702 606 70 51 536 96 41 529 55 522 509 491 471 449 429 398 378 358 337 66 46 271 249 190 59 170 89 63 81 43
is_linear=0
shrinkage=0.05


Tree=38
num_leaves=31
num_cat=0
split_feature=14 26 6 27 7 20 2 15 3 14 7 13 3 5 19 17 15 9 17 0 14 5 19 20 13 16 8 7 11 14
split_gain=23.2609 9.72252 9.55833 1.80336 0.996362 0.229877 0.20007 0.127204 0.0425609 0.000601592 5.89591e-05 1.84011e-05 2.27857e-06 6.20448e-07 3.44946e-07 1.64438e-07 6.48157e-08 5.6327e-09 3.62436e-09 2.53688e-09 2.44844e-09 6.95119e-10 3.38058e-10 8.05684e-11 1.55831e-11 8.65885e-12 2.13074e-12 8.97948e-13 2.57128e-13 3.95239e-14
threshold=0.74542510509490978 1.0000000180025095e-35 1.0000000180025095e-35 1.0000000180025095e-35 0.34099876880645758 0.88831177353858959 0.83605918288230907 0.77766138315200817 0.33876827359199529 -0.013203775510191916 -0.062432484701275819 0.011456758715212347 0.39432542026042944 1.6583893299102785 0.072459854185581221 1.2705836892127993 0.54965367913246166 -0.069214545190334306 -0.59216830134391774 -0.15754611790180204 -0.14707946777343747 -0.64837005734443653 -0.21902296692132947 0.73896846175193798 -0.18514084815979001 -0.41743429005146021 -0.22143647074699399 -0.10254602879285811 -0.098056729882955537 -0.45387791097164149
decision_type=2 2 2 2 2 2 2 2 2 2 2 2 2 2 2 2 2 2 2 2 2 2 2 2 2 2 2 2 2 2
left_child=1 2 3 -1 7 8 -7 9 -2 10 11 12 13 14 15 16 17 18 -3 20 21 22 -20 24 25 -23 -27 28 29 -28
right_child=5 4 -4 -5 -6 6 -8 -9 -10 -11 -12 -13 -14 -15 -16 -17 -18 -19 19 -21 -22 23 -24 -25 -26 26 27 -29 -30 -31
leaf_value=0.015860652452945 0.065991658099618808 -0.051630556157553104 -0.060932381355863367 0.067890975496635281 0.0083697713936410137 0.036158170067030627 0.057330172505865355 -0.074500148237612987 0.058168668231599829 -0.053084735189637272 -0.052121415210598536 -0.051876604095932567 -0.051719097619423594 -0.051687616534143527 -0.051672166755965046 -0.051659893743344634 -0.051617584920511397 -0.051639031848563832 -0.051634447729222266 -0.051631242540341786 -0.051631522294647528 -0.051634935748229673 -0.051632931524662522 -0.051634477345791324 -0.051634852623635735 -0.051635046811798806 -0.051635156812893171 -0.051635093454511075 -0.051635126276240152 -0.051635168938767018
leaf_weight=2.9756533354520815 2.9092497825622541 0.67283947952091594 3.1108705028891563 3.782051257789135 0.69744114950299163 2.2020306214690208 2.2620908245444298 0.63795744068920512 4.3208261802792549 0.80069586448371666 0.72136768698692222 0.91006081551313478 0.9581172354519375 0.6309909652918585 0.65370615012943822 0.62175916321575719 0.6067717559635647 0.61456651799380324 0.91956626437604427 0.61189511790871698 0.61201225034892637 0.64387679472565018 0.61250869184731882 0.61305464431643475 0.67450518347323463 0.64391787163912706 1.5332335289567653 0.70526206493378873 0.61328289099037636 1.1959306634962561
leaf_count=24 18 22 19 27 7 20 21 8 37 16 19 27 30 20 21 20 20 20 30 20 20 21 20 20 22 21 50 23 20 39
internal_value=0 -0.0282545 0.0115934 0.0449802 -0.0502167 0.0558081 0.0468866 -0.0525912 0.0613165 -0.0517477 -0.0516798 -0.0516587 -0.0516446 -0.0516392 -0.0516368 -0.0516349 -0.0516335 -0.0516344 -0.0516341 -0.0516344 -0.0516346 -0.0516348 -0.0516338 -0.051635 -0.0516351 -0.0516351 -0.0516351 -0.0516351 -0.0516352 -0.0516352
internal_weight=0 27.7739 9.86858 6.7577 17.9053 11.6942 4.46412 17.2079 7.23008 16.5699 15.7692 15.0479 14.1378 13.1797 12.5487 11.895 11.2732 10.6665 10.0519 9.37905 8.76715 8.15514 1.53207 6.62306 6.01001 5.3355 4.69163 4.04771 3.34245 2.72916
internal_count=702 606 70 51 536 96 41 529 55 521 505 486 459 429 409 388 368 348 328 306 286 266 50 216 196 174 153 132 109 89
is_linear=0
shrinkage=0.05


Tree=39
num_leaves=31
num_cat=0
split_feature=14 28 0 18 19 7 11 20 2 28 26 14 13 5 17 15 20 17 12 13 9 19 14 17 20 8 11 1 14 4
split_gain=21.8256 9.33525 3.88866 2.49508 1.16305 0.949979 0.982786 0.224598 0.202095 0.0392328 0.00525243 0.00267515 0.000124217 6.99121e-06 2.18751e-06 1.6595e-07 1.87553e-07 1.52393e-07 7.40918e-09 3.81551e-09 2.25609e-09 2.47605e-09 1.90699e-09 1.65482e-10 1.50271e-10 2.45306e-11 1.77192e-12 1.45328e-12 6.23501e-13 8.57092e-14
threshold=0.74542510509490978 0.29989196360111242 -0.14620266109704969 0.40157370269298559 0.34338937699794775 -0.0089339499827474338 0.36182458698749548 0.88831177353858959 0.83605918288230907 0.33739949762821203 1.0000000180025095e-35 0.034210531972348697 0.097337033599615111 1.6583893299102785 -0.81346631050109852 0.54965367913246166 -1.6581848859786985 1.2705836892127993 0.99477210640907299 -0.066202796995639787 -0.083043899387121187 1.0000000180025095e-35 -0.15823577344417569 -0.29582138359546656 0.73342573642730724 -0.22661462426185605 -0.21072581410408017 1.0000000180025095e-35 -0.29768961668014521 0.83095699548721325
decision_type=2 2 2 2 2 2 2 2 2 2 2 2 2 2 2 2 2 2 2 2 2 2 2 2 2 2 2 2 2 2
left_child=1 3 -3 5 -4 6 10 9 -9 -2 -1 12 13 14 -12 16 -16 18 19 20 21 22 23 -18 25 -25 28 -28 29 -27
right_child=7 2 4 -5 -6 -7 -8 8 -10 -11 11 -13 -14 -15 15 -17 17 -19 -20 -21 -22 -23 -24 24 -26 26 27 -29 -30 -31
leaf_value=-0.055046406136733207 0.065641718223254583 -0.054165880839071992 0.0080492694198227906 -0.00082204410696186012 0.059802372238922596 -0.099358750982230515 -0.0060929659477342614 0.035277837512877316 0.056926566422409147 0.05783552107123259 -0.051649261817665618 -0.055050246134811458 -0.052344376062556368 -0.051712503275991875 -0.051577449958896959 -0.051527851277429607 -0.051551842155366283 -0.051578051170549005 -0.051556374495448712 -0.051547766288603684 -0.051549125930215628 -0.051549079569177252 -0.051549605138925897 -0.051552511243236114 -0.051551934549998985 -0.051552861144704788 -0.051552738964705316 -0.05155284385080508 -0.051552809009690032 -0.05155288362244756
leaf_weight=1.3165923506021577 2.5332855731248838 1.2509244829416273 1.5571170952171076 2.8366190791130057 3.5849449783563614 0.97361489757895725 1.2600602563470591 2.1455818116664886 2.1666365116834641 4.4142372906208038 0.63649864122271793 0.58609477803111154 0.53723277896642763 0.7904818672686823 0.88715844228863794 0.5748392306268223 0.64231899566948136 0.59296135045588094 0.84895746223628599 0.64072802476583568 0.72868329845368851 0.64123742654919613 0.58313238993287075 0.70099749602377137 0.58396022021770466 1.5483636315911979 0.75951837562025148 0.58428201638162136 0.58426981605589423 0.58429607935249794
leaf_count=16 16 29 30 23 30 6 9 20 21 39 21 10 14 25 30 20 22 20 29 22 25 22 20 24 20 53 26 20 20 20
internal_value=0 -0.0278316 0.0248967 -0.0443371 0.0441305 -0.051356 -0.0485427 0.0551185 0.0461551 0.0606819 -0.0520268 -0.0517435 -0.0515994 -0.0515684 -0.051559 -0.051554 -0.0515554 -0.0515535 -0.0515519 -0.0515515 -0.0515518 -0.051552 -0.0515523 -0.0515526 -0.0515527 -0.0515528 -0.0515528 -0.0515528 -0.0515529 -0.0515529
internal_weight=0 26.8159 6.39299 20.4229 5.14206 17.5863 16.6127 11.2597 4.31222 6.94752 15.3526 14.036 13.4499 12.9127 12.1222 11.4857 10.9109 10.0237 9.43075 8.58179 7.94106 7.21238 6.57114 5.98801 5.34569 4.76173 4.06073 1.3438 2.71693 2.13266
internal_count=702 606 89 517 60 494 488 96 41 55 479 463 453 439 414 393 373 343 323 294 272 247 225 205 183 163 139 46 93 73
is_linear=0
shrinkage=0.05


Tree=40
num_leaves=31
num_cat=0
split_feature=26 6 14 12 0 18 13 28 14 14 14 8 19 28 5 17 15 18 13 17 11 10 5 14 10 5 13 19 16 5
split_gain=21.9822 8.69969 6.12291 2.37074 0.513243 0.219745 0.0984344 0.0584969 0.00219581 0.000230372 0.000194385 3.17349e-05 8.31081e-06 5.84551e-06 5.55136e-07 2.77433e-07 1.43511e-07 5.94851e-08 2.81266e-08 4.37805e-09 2.81045e-09 1.62484e-09 1.21134e-09 9.04381e-10 4.31197e-10 5.53415e-11 3.14708e-11 6.86251e-12 1.23501e-12 1.24345e-13
threshold=1.0000000180025095e-35 1.0000000180025095e-35 0.60039311647415172 -1.8201440572738645 0.067404597997665419 -0.079607788473367677 0.24898307025432589 0.33046713471412664 0.27489149570465093 1.1777319908142092 -0.013203775510191916 0.22219654917716983 0.13972511887550357 0.34423165023326879 1.5452732443809511 1.2821297049522402 0.56579580903053295 0.16989373415708545 -0.0067337629152461878 -0.64604955911636341 0.098070915788412108 0.33350981771945959 0.82213857769966137 -0.16939207911491391 0.17328915745019915 -0.5998917520046233 -0.25055677443742747 -0.043385885655879967 -0.36556525528430933 -0.20398557931184766
decision_type=2 2 2 2 2 2 2 2 2 2 2 2 2 2 2 2 2 2 2 2 2 2 2 2 2 2 2 2 2 2
left_child=1 3 4 -1 6 -5 10 -7 -9 -10 11 12 13 14 15 16 17 18 19 -2 21 22 23 24 -21 -26 27 28 -27 -30
right_child=2 -3 -4 5 -6 7 -8 8 9 -11 -12 -13 -14 -15 -16 -17 -18 -19 -20 20 -22 -23 -24 -25 25 26 -28 -29 29 -31
leaf_value=0.015733065736567992 -0.051469897091090802 -0.027975328524974724 0.056224617896467148 0.075203118202489705 -0.0069508374871475381 0.065272443755998014 -0.071339493431642725 0.057964343733561768 0.05646605425978294 0.05575710124230128 -0.052369300381775875 -0.05186531520299921 -0.051676073037005721 -0.051609873618646412 -0.051525368683089212 -0.051508925195859027 -0.051449355064736385 -0.051489527467277897 -0.05146256130312641 -0.051473237376739402 -0.051477913041963211 -0.051472442679413768 -0.051476762397973178 -0.05147240411208244 -0.051474218820243035 -0.051474776066942229 -0.051474443680850412 -0.051474638874284911 -0.051474831865136933 -0.051474857409814806
leaf_weight=3.4348371326923379 0.55485240928827728 4.2607923895120612 1.4675333946943272 2.72742833942175 0.64739977940917093 2.7741042450070363 0.65707871317863542 2.2445947527885437 2.0094840005040169 2.6662261411547661 0.6942314300686111 0.60701086558401662 0.60818765126168806 0.89637017622590143 0.57304036803543645 0.56848884187638837 0.60170964710414487 0.61776716634631235 0.55222751386463187 0.58384415507315424 0.55765350535511959 1.0837111715227363 0.55728947930037964 0.55574514344335568 0.58421380817889002 0.77922911383210447 0.75123973563315871 0.55654347129166115 0.695765024051059 1.5028773210942858
leaf_count=28 20 29 15 16 9 18 8 20 20 29 17 18 20 30 20 20 22 22 20 21 20 39 20 20 21 28 27 20 25 54
internal_value=0 0.0354549 -0.0414659 0.052499 -0.0505474 0.0626654 -0.0524117 0.059138 0.0566789 0.0560618 -0.0515529 -0.0515118 -0.0514956 -0.0514868 -0.0514774 -0.0514749 -0.0514731 -0.0514745 -0.0514735 -0.0514742 -0.0514745 -0.0514742 -0.0514745 -0.0514743 -0.0514745 -0.0514747 -0.0514747 -0.0514748 -0.0514748 -0.0514748
internal_weight=0 20.1175 17.254 15.8567 15.7865 12.4218 15.1391 9.69441 6.9203 4.67571 14.482 13.7878 13.1808 12.5726 11.6762 11.1032 10.5347 9.93296 9.31519 8.76296 8.20811 7.65046 6.56675 6.00946 5.45371 4.86987 4.28565 3.53441 2.97787 2.19864
internal_count=696 160 536 131 521 103 512 87 69 49 504 487 469 449 419 399 379 357 335 315 295 275 236 216 196 175 154 127 107 79
is_linear=0
shrinkage=0.05


Tree=41
num_leaves=31
num_cat=0
split_feature=26 6 14 13 0 3 15 14 9 16 14 8 13 3 5 19 17 18 17 11 5 3 14 3 13 20 16 15 3 17
split_gain=20.6173 8.14313 5.79863 2.25378 0.516956 0.258128 0.0942012 0.0122368 0.0019214 0.000203892 0.000202521 2.62832e-05 8.89126e-06 4.93771e-06 5.19546e-07 2.32626e-07 1.75336e-07 3.17948e-08 1.27565e-08 2.22378e-09 1.27192e-09 1.12989e-09 1.1926e-09 2.98789e-10 4.02647e-11 2.28071e-11 1.85194e-11 1.00409e-12 4.20552e-13 2.60236e-13
threshold=1.0000000180025095e-35 1.0000000180025095e-35 0.60039311647415172 -0.48248599469661707 0.067404597997665419 0.0022950208513066177 0.70300397276878368 0.22107868641614917 -0.090218279510736452 0.38653586804866796 -0.013203775510191916 0.22219654917716983 0.011456758715212347 0.34423165023326879 1.4846753478050234 0.083670727908611311 1.2705836892127993 0.16989373415708545 -0.59216830134391774 0.11058970168232919 0.82213857769966137 0.15472862124443057 -0.15823577344417569 -1.2741101980209348 -0.25055677443742747 -0.19608039408922193 -0.36556525528430933 -0.36641249060630793 -0.16820529848337171 -0.084145016968250261
decision_type=2 2 2 2 2 2 2 2 2 2 2 2 2 2 2 2 2 2 2 2 2 2 2 2 2 2 2 2 2 2
left_child=1 3 4 -1 6 -5 10 -7 -9 -10 11 12 13 14 15 16 17 18 -2 20 21 22 23 -20 26 -26 -25 -28 -29 -30
right_child=2 -3 -4 5 -6 7 -8 8 9 -11 -12 -13 -14 -15 -16 -17 -18 -19 19 -21 -22 -23 -24 24 25 -27 27 28 29 -31
leaf_value=0.01472587294539473 -0.05139445863749046 -0.026507204090071176 0.055884850428314994 0.074833092734821569 -0.0066108969092117543 0.060580807723231545 -0.072204333603446733 0.057536709731174022 0.056088738807992089 0.055398045479310154 -0.052306997551232304 -0.051771234983021275 -0.051590172765986278 -0.051531399100645962 -0.051451816297899702 -0.051435998686804631 -0.051429953522007937 -0.051412493670568819 -0.051399452646225231 -0.051403718638534913 -0.051402722746691054 -0.051397962932214082 -0.051398100769276645 -0.051400589134600633 -0.051400657615964102 -0.051400193788248866 -0.051400791009298091 -0.05140088640775442 -0.051400810441522088 -0.05140085459738996
leaf_weight=3.271866180002692 0.9502176381647488 4.2716535665094844 1.4042330682277668 2.7931385785341254 0.64667455479502756 2.3919677287340146 0.57126743160188276 2.5033210664987555 2.569375880062581 1.8291547819972036 0.71286670491099258 0.57842938788235265 0.77856796607375223 0.85544941760599691 0.6019649878144272 0.53936908766627389 0.54039241373539049 0.53418284654617387 0.52971241250633205 0.53118817321956147 0.53087507002055634 0.52916673570871342 0.52922647632659003 1.0337348505854502 0.53014477156102657 0.52997870557011129 0.92783739976583923 0.66278361342846359 0.53019969165324166 0.90136651135984147
leaf_count=25 36 29 15 15 9 19 8 24 27 21 18 18 27 30 22 20 20 20 20 20 20 20 20 39 20 20 35 25 20 34
internal_value=0 0.0345562 -0.0412945 0.0515394 -0.0503463 0.0615046 -0.0523065 0.0574989 0.0564309 0.0558015 -0.0514862 -0.0514417 -0.0514265 -0.0514157 -0.0514067 -0.051404 -0.0514023 -0.0514007 -0.0513999 -0.0514006 -0.0514004 -0.0514002 -0.0514004 -0.0514006 -0.0514007 -0.0514004 -0.0514008 -0.0514008 -0.0514009 -0.0514008
internal_weight=0 19.6305 16.4798 15.3588 15.0756 12.087 14.4289 9.29382 6.90185 4.39853 13.8577 13.1448 12.5664 11.7878 10.9323 10.3304 9.79101 9.25061 8.71643 7.76621 7.23503 6.70415 6.17498 5.64576 5.11605 1.06012 4.05592 3.02219 2.09435 1.43157
internal_count=696 160 536 131 521 106 512 91 72 48 504 486 468 441 411 389 369 349 329 293 273 253 233 213 193 40 153 114 79 54
is_linear=0
shrinkage=0.05


Tree=42
num_leaves=31
num_cat=0
split_feature=26 6 14 12 0 18 15 3 14 14 14 8 3 19 2 5 18 2 12 10 7 14 15 19 20 11 10 20 10 15
split_gain=19.3412 7.62883 5.4916 2.38733 0.615177 0.174653 0.0827512 0.044278 0.00158973 0.000175751 0.000172489 2.74666e-05 3.70075e-06 3.12179e-06 1.6192e-06 3.83489e-07 3.75877e-07 9.03867e-08 3.25068e-08 2.35977e-08 6.00982e-09 2.82868e-09 2.11454e-09 2.83709e-09 2.20289e-09 1.27393e-09 1.26019e-09 4.47784e-10 1.70739e-11 3.11862e-12
threshold=1.0000000180025095e-35 1.0000000180025095e-35 0.60039311647415172 -1.8201440572738645 0.090495467185974135 -0.079607788473367677 0.70300397276878368 0.31959420442581182 0.27489149570465093 1.1777319908142092 -0.013203775510191916 0.22219654917716983 0.34423165023326879 0.11730336397886278 -1.4046028852462766 1.4846753478050234 0.16989373415708545 0.40325666964054113 -0.47363895177841181 0.29345464706420904 -0.095275439321994768 -0.14707946777343747 0.51333394646644603 -0.45818838477134699 0.61035636067390453 -0.1898611709475517 0.23051083087921145 -0.13674044609069821 0.2085758522152901 -0.22920435667037961
decision_type=2 2 2 2 2 2 2 2 2 2 2 2 2 2 2 2 2 2 2 2 2 2 2 2 2 2 2 2 2 2
left_child=1 3 4 -1 6 -5 10 -7 -9 -10 11 12 13 14 -2 16 17 18 19 -16 21 22 23 24 -20 28 -27 -28 -25 -30
right_child=2 -3 -4 5 -6 7 -8 8 9 -11 -12 -13 -14 -15 15 -17 -18 -19 20 -21 -22 -23 -24 25 -26 26 27 -29 29 -31
leaf_value=0.013620118785245295 -0.051421347672728879 -0.025120773534869047 0.055565496094440961 0.072902481915454204 0.0017855851521147764 0.063796959816895454 -0.071188956129058775 0.057094160095326044 0.05577910800746675 0.05513616876620811 -0.052190113793332084 -0.051697222665218825 -0.051454948551699978 -0.051465257336801795 -0.05134229938775621 -0.051376799874455752 -0.05137499510904258 -0.051348907888705546 -0.051334856054504843 -0.051329733798702364 -0.051324571625300991 -0.051326037650934277 -0.051326870052033582 -0.051330245037418398 -0.051330624144804674 -0.051326493228997051 -0.051330165547503685 -0.05132826651221864 -0.051330489692238815 -0.051330648083355017
leaf_weight=3.3710814118385324 0.60437046736477817 4.2817707546055308 1.3432303816080082 2.5881767123937616 0.54858214035630304 2.4966592714190465 0.55096095241606313 2.0573362484574318 1.8401810154318807 2.5164532512426376 0.67958007194101711 0.61874891258776266 0.86961412616074163 0.53876218385994512 0.91633746214209633 0.57247838377952653 0.5439744461327799 0.73990643024444658 0.50648271292446689 0.63086357153952122 0.65366879105569875 0.50335734151303757 0.50363333150744427 0.50487603433428851 0.78276941925287247 0.50350869260729725 0.80775547772645939 0.50416027382016171 0.50496456213294083 0.80803388915957375
leaf_count=28 23 29 15 16 6 17 8 20 20 30 18 20 32 20 36 22 21 29 20 25 26 20 20 20 31 20 32 20 20 32
internal_value=0 0.0336874 -0.0411231 0.0506212 -0.0501438 0.0614687 -0.0522009 0.0581477 0.0559487 0.0554077 -0.0514142 -0.0513724 -0.0513556 -0.0513478 -0.0513419 -0.0513371 -0.0513347 -0.0513322 -0.0513307 -0.0513372 -0.0513291 -0.0513296 -0.05133 -0.0513303 -0.0513323 -0.0513296 -0.0513286 -0.0513294 -0.0513305 -0.0513306
internal_weight=0 19.1517 15.7406 14.8699 14.3974 11.4988 13.8488 8.91063 6.41397 4.35663 13.2978 12.6183 11.9995 11.1299 10.5911 9.98677 9.41429 8.87032 8.13041 1.5472 6.58321 5.92954 5.42618 4.92255 1.28925 3.6333 1.81542 1.31192 1.81787 1.313
internal_count=696 160 536 131 521 103 515 87 70 50 507 489 469 437 417 394 372 351 322 61 261 235 215 195 51 144 72 52 72 52
is_linear=0
shrinkage=0.05


Tree=43
num_leaves=31
num_cat=0
split_feature=14 4 28 19 5 0 12 12 15 10 16 26 19 7 14 28 13 17 19 5 15 18 7 18 13 8 10 12 11 16
split_gain=18.3191 7.5382 2.65332 2.32676 2.07457 0.663433 0.425519 0.256341 0.105243 0.0714576 0.0116916 0.00843595 0.00305633 0.000848031 2.35458e-05 3.15289e-06 2.30623e-06 2.47956e-07 1.86164e-07 1.41602e-07 1.42011e-07 6.67909e-09 2.93042e-09 1.52042e-09 2.70639e-10 1.01796e-10 5.67608e-11 7.47447e-12 3.18634e-12 1.40465e-12
threshold=-0.20843914896249768 1.0000000180025095e-35 0.27150651812553411 0.58629176020622265 -0.84228327870368946 -0.088927660137414918 1.7705363631248476 1.2810660600662234 0.8967096507549287 0.54046151041984569 0.11854583397507669 1.0000000180025095e-35 2.626671671867371 0.037255583330988891 -0.096876088529825197 0.34423165023326879 0.020027300342917446 1.3302379846572878 0.072459854185581221 1.3553999066352846 0.54561814665794384 0.15207219868898394 -0.095275439321994768 -0.55187854170799244 -0.10783111304044722 -0.22841572016477582 0.1790113300085068 -0.37759193778038019 -0.31087608635425562 -0.38285492360591883
decision_type=2 2 2 2 2 2 2 2 2 2 2 2 2 2 2 2 2 2 2 2 2 2 2 2 2 2 2 2 2 2
left_child=3 2 4 5 -2 7 9 11 14 10 -4 -1 13 -12 -3 16 17 18 19 20 21 22 23 -13 25 -25 -27 28 -28 -29
right_child=1 8 6 -5 -6 -7 -8 -9 -10 -11 12 15 -14 -15 -16 -17 -18 -19 -20 -21 -22 -23 -24 24 -26 26 27 29 -30 -31
leaf_value=-0.055584640961576205 0.037988188260234958 -0.051292830521939919 0.052147949763824877 0.049368087813676055 -0.022824442334938456 -0.016614845592384696 0.031793947986754695 -0.08699672785921847 -0.07465554273083197 0.06568186842309974 0.055076526927945714 -0.051266418312277497 0.058085725498197793 0.056496725423996953 -0.051729204997075354 -0.051386167522832239 -0.051380412378921117 -0.051302440407731811 -0.051295864762841481 -0.051290068787255054 -0.051235690518622992 -0.051269515365454724 -0.051259917607144823 -0.051263277444772375 -0.051262612752851912 -0.051263439953932566 -0.051263800127351725 -0.051263979959578002 -0.05126398213050324 -0.051264075611234611
leaf_weight=1.2900241278111853 3.3349481765180826 0.66004726104438316 2.0776546970009786 0.62321713939309198 2.4201751258224311 1.368000391870736 1.9061057344079007 0.54229559376835901 0.81110928207635868 2.118610441684722 2.3294070810079575 0.57817153446375336 2.0059617161750793 1.9154555574059484 0.58143158815801066 0.67374818772077638 0.48257324285805303 0.49466474726796228 0.48937944509088982 0.48918495699763287 0.46976724825799454 0.53116927482187737 0.47948508523405209 0.69703392870723213 0.50449313968420995 0.50480922870337996 0.48090219497680664 0.4809672124683767 0.48096830211578856 1.8999574743211458
leaf_count=16 20 27 25 7 38 32 18 4 5 17 28 24 19 20 19 26 19 20 20 20 20 22 20 29 21 21 20 20 20 79
internal_value=0 0.0301621 0.0404556 -0.0449966 0.0124149 -0.0495423 0.0535192 -0.0534356 -0.0606485 0.057483 0.0553974 -0.0517852 0.0564774 0.0557174 -0.0514972 -0.0512818 -0.0512741 -0.0512681 -0.051266 -0.051264 -0.0512623 -0.0512641 -0.0512637 -0.051264 -0.0512637 -0.0512638 -0.0512639 -0.051264 -0.0512639 -0.0512641
internal_weight=0 20.1609 18.1083 13.5608 5.75512 12.9376 12.3532 11.5696 2.05259 10.4471 8.32848 11.0273 6.25082 4.24486 1.24148 9.73728 9.06353 8.58095 8.08629 7.59691 7.10772 6.63796 6.10679 5.6273 5.04913 4.54464 3.8476 3.3428 0.96187 2.38092
internal_count=696 236 185 460 58 453 127 421 51 109 92 417 67 48 46 401 375 356 336 316 296 276 254 234 210 189 160 139 40 99
is_linear=0
shrinkage=0.05


Tree=44
num_leaves=31
num_cat=0
split_feature=26 6 14 12 0 18 13 3 14 11 14 7 19 3 14 9 4 13 7 0 20 20 13 12 11 7 19 16 12 19
split_gain=17.2188 6.93374 4.94024 2.36513 0.64059 0.139662 0.0651138 0.0389734 0.00137867 0.000151594 0.000121191 3.91623e-05 1.90018e-05 4.37019e-06 3.04594e-07 2.31642e-07 1.85705e-07 8.26589e-08 8.22739e-08 3.90962e-08 1.86357e-08 1.81757e-08 7.04002e-09 6.09072e-09 2.49086e-09 3.34828e-10 2.72067e-10 3.25371e-11 1.20961e-11 6.39044e-13
threshold=1.0000000180025095e-35 1.0000000180025095e-35 0.60039311647415172 -1.8201440572738645 0.19062093645334247 -0.16871547698974607 0.26087687909603124 0.30880722403526312 0.29359468817710882 0.51536381244659435 1.0000000180025095e-35 -0.053357325494289391 0.19391103088855746 0.29989196360111242 -0.20843914896249768 -0.066098071634769426 0.25508044660091406 -0.45275150239467615 -0.096663739532232271 -0.16874415427446363 -0.84087219834327687 -1.1931174993515012 -0.066202796995639787 -0.54013302922248829 -0.62384575605392445 -0.10354965552687644 -0.14428378641605374 -0.42607913911342615 -0.11900383979082106 -0.5179796814918517
decision_type=2 2 2 2 2 2 2 2 2 2 2 2 2 2 2 2 2 2 2 2 2 2 2 2 2 2 2 2 2 2
left_child=1 3 4 -1 6 -5 10 -7 -9 -10 11 12 13 14 15 17 -16 19 22 20 21 -2 23 -19 -25 -22 27 -26 -29 -30
right_child=2 -3 -4 5 -6 7 -8 8 9 -11 -12 -13 -14 -15 16 -17 -18 18 -20 -21 25 -23 -24 24 26 -27 -28 28 29 -31
leaf_value=0.011801260869035251 -0.051204376892070705 -0.024124396837244377 0.054989228005037007 0.07139672441949968 0.0059886665964301025 0.062860927570945996 -0.06960434733279551 0.056433818557146215 0.054455241716117542 0.055083299823484512 -0.052035033786509255 -0.051696111336369747 -0.051552313871652114 -0.051320528740389094 -0.051242250360794578 -0.051237077109862174 -0.051202955612434042 -0.051206138214416587 -0.051182932517416228 -0.051221246287339123 -0.051199954314104394 -0.051217181951228645 -0.051194307660360705 -0.051196574385444109 -0.051200397051995951 -0.051201665653045937 -0.051199408380707329 -0.051200639098877822 -0.051200952661487366 -0.051200880911779635
leaf_weight=3.2408463805913934 0.64303892105817795 4.1863488815724841 1.228886418044566 2.3216762393713006 0.49464360997080881 2.4440483525395376 0.50496004894375879 2.0011171922087669 1.6372755095362665 2.3253060877323151 0.5106396712362774 0.46815396659076114 0.43760340660810548 0.91812816821038801 0.87241587787866304 0.47075880877673704 0.45879285410046577 0.45991283841430064 0.83433391340078156 0.46531297452746656 0.54929525405168567 0.48699183203280016 0.47846326045691911 0.45648531988262053 0.57238485850392784 0.59587135538458791 0.45754593983294745 0.61829435452817927 0.45810996368526435 0.96197643131019617
leaf_count=28 28 29 15 15 5 17 6 21 22 28 14 15 16 37 37 20 20 20 37 20 24 21 21 20 25 26 20 27 20 42
internal_value=0 0.03232 -0.0408895 0.0492342 -0.0498331 0.060541 -0.0520108 0.0575433 0.055364 0.0548238 -0.0512811 -0.0512481 -0.0512293 -0.0512162 -0.0512065 -0.051203 -0.0512287 -0.051201 -0.0511973 -0.051208 -0.0512053 -0.0512099 -0.0512 -0.0512007 -0.0512 -0.0512008 -0.0512005 -0.0512007 -0.0512008 -0.0512009
internal_weight=0 18.1566 14.403 13.9703 13.1741 10.7294 12.6795 8.40775 5.9637 3.96258 12.1745 11.6639 11.1957 10.7581 9.83998 8.50878 1.33121 8.03802 5.29751 2.74051 2.2752 1.13003 4.46317 3.98471 3.5248 1.14517 3.06831 2.61077 2.03838 1.42009
internal_count=696 160 536 131 521 103 516 88 71 50 510 496 481 465 428 371 57 351 232 119 99 49 195 174 154 50 134 114 89 62
is_linear=0
shrinkage=0.05


Tree=45
num_leaves=31
num_cat=0
split_feature=14 26 6 5 20 14 14 3 20 14 14 7 19 0 3 13 15 17 14 4 13 10 11 8 9 9 19 17 13 13
split_gain=17.7607 8.34202 10.394 2.3024 0.400621 0.0890862 0.0701353 0.0271569 0.00274453 0.000510642 0.000216723 8.05667e-05 9.29026e-06 3.35634e-06 1.56998e-06 8.31863e-07 2.92622e-07 2.19702e-07 6.02825e-08 1.36312e-07 1.29852e-08 1.58647e-08 4.37092e-09 2.61369e-09 1.74139e-09 1.26052e-09 9.15277e-10 4.05661e-10 6.17764e-11 1.1751e-11
threshold=0.74542510509490978 1.0000000180025095e-35 1.0000000180025095e-35 -0.90692099928855885 0.8677377998828889 0.034210531972348697 0.13182821497321132 0.31959420442581182 0.74604094028472911 1.8220086693763735 -0.013203775510191916 -0.053357325494289391 0.19391103088855746 -0.090586137026548372 0.34423165023326879 0.011456758715212347 0.58193799853324901 1.3302379846572878 -0.20843914896249768 1.0000000180025095e-35 -0.45275150239467615 0.22192757576704028 -0.11474844440817832 -0.07543493807315825 -0.099827405065298067 -0.099048290401697145 -0.047122845426201813 -0.49210309982299799 -0.55979573726654042 -0.28029127418994898
decision_type=2 2 2 2 2 2 2 2 2 2 2 2 2 2 2 2 2 2 2 2 2 2 2 2 2 2 2 2 2 2
left_child=1 2 3 -1 6 -5 10 -2 -9 -10 11 12 13 14 15 16 17 18 20 -20 21 -3 25 24 -22 -23 27 -26 -27 -29
right_child=7 4 -4 5 -6 -7 -8 8 9 -11 -12 -13 -14 -15 -16 -17 -18 -19 19 -21 23 22 -24 -25 26 28 -28 29 -30 -31
leaf_value=0.0012048931059664909 0.062198031211453148 -0.051152265878974923 -0.066859230486437729 0.069302452854914695 -0.0061404268794800548 0.05570271736480166 -0.066600413340712469 0.057140123695995228 0.054487825775488032 0.055612168549049407 -0.052227067943941621 -0.051826397110314559 -0.051396864833465873 -0.051283538211496754 -0.051233090457755627 -0.051212631281511184 -0.051102761156423038 -0.051179464860663874 -0.051174767538365487 -0.05113895581706053 -0.051143569617718779 -0.051143554566258326 -0.051147043266918796 -0.051136589651761821 -0.051139185899669204 -0.051139957144747672 -0.051138208861076097 -0.051140919648801367 -0.051140736400691424 -0.051140710082637909
leaf_weight=2.2205976843833923 2.3171179331839067 0.55029368959366065 3.0741192772984505 2.4928744956850988 0.49032700993120748 2.3293705433607101 0.79270479083061296 2.8477233722805977 1.796723887324333 2.3058911822736263 0.53279476985335605 0.48424969986081023 0.42359909228980619 0.50685636885464092 0.5585542172193535 0.45676845312118608 0.42096950672566968 0.45004742592573244 0.47097724303602884 0.60971622355282307 0.45900706574319539 0.45900235697627079 0.43835789337754216 0.43463129177690873 0.43559612706302431 0.43587943539023388 0.45700024254621308 1.5486257132142669 0.61063167080283154 1.1776204928755873
leaf_count=18 17 25 20 17 14 27 6 28 24 27 15 15 17 21 24 20 20 20 21 28 21 21 20 20 20 20 21 71 28 54
internal_value=0 -0.024313 0.00985048 0.0433334 -0.0504887 0.0627331 -0.0521991 0.0575103 0.0559476 0.0551198 -0.0512414 -0.0511953 -0.0511673 -0.051158 -0.0511516 -0.0511468 -0.0511435 -0.0511455 -0.0511436 -0.0511546 -0.0511419 -0.0511448 -0.0511426 -0.0511403 -0.0511407 -0.0511414 -0.0511403 -0.0511406 -0.0511404 -0.0511408
internal_weight=0 23.3212 10.117 7.04284 13.2042 4.82225 12.7139 9.26746 6.95034 4.10262 11.9212 11.3884 10.9041 10.4805 9.97368 9.41512 8.95836 8.53739 8.08734 1.08069 7.00665 2.49417 1.94387 4.51248 4.07785 1.50551 3.61884 3.16184 1.04651 2.72625
internal_count=720 624 82 62 542 44 528 96 79 51 522 507 492 475 454 430 410 390 370 49 321 114 89 207 187 69 166 145 48 125
is_linear=0
shrinkage=0.05


Tree=46
num_leaves=31
num_cat=0
split_feature=14 26 6 5 16 14 14 3 20 14 14 7 3 0 13 9 15 17 19 14 4 18 13 3 14 8 13 19 17 8
split_gain=16.7317 7.95624 9.55335 2.23007 0.437405 0.0766506 0.0604339 0.0232275 0.0023298 0.00043655 0.000187083 6.33442e-05 5.52866e-06 2.7737e-06 2.62513e-06 7.22484e-07 2.0389e-07 1.16196e-07 7.74202e-08 4.48434e-08 7.36094e-08 1.49839e-08 6.0897e-09 1.14871e-08 9.01121e-10 1.51102e-09 8.1823e-10 6.77745e-10 3.99851e-10 6.00628e-11
threshold=0.74542510509490978 1.0000000180025095e-35 1.0000000180025095e-35 -0.90692099928855885 0.35195650160312658 0.034210531972348697 0.13182821497321132 0.31959420442581182 0.74604094028472911 1.8220086693763735 -0.013203775510191916 -0.043543342500925057 0.29989196360111242 -0.16818840801715848 0.020027300342917446 -0.048178344964981072 0.56579580903053295 1.2936757206916811 0.083670727908611311 -0.20843914896249768 0.06312160007655622 0.16989373415708545 -0.45275150239467615 0.039767106994986541 -0.49850314855575556 -0.13475860655307767 -0.49437980353832239 -0.49929490685462946 -0.46516248583793635 -0.22526379674673078
decision_type=2 2 2 2 2 2 2 2 2 2 2 2 2 2 2 2 2 2 2 2 2 2 2 2 2 2 2 2 2 2
left_child=1 2 3 -1 6 -5 10 -2 -9 -10 11 12 14 -14 15 16 17 18 19 21 -21 22 23 26 25 -24 -3 -26 -29 -30
right_child=7 4 -4 5 -6 -7 -8 8 9 -11 -12 -13 13 -15 -16 -17 -18 -19 -20 20 -22 -23 24 -25 27 -27 -28 28 29 -31
leaf_value=0.0011445625622665994 0.061528157445350978 -0.051083915404779051 -0.064030519593657173 0.068271771194040973 -0.0018732946985566786 0.055400667191927183 -0.065702846528745987 0.056751133649140556 0.054250233760620173 0.055313631508352439 -0.0521152123162303 -0.051706343197338051 -0.05113705603481522 -0.051307170055360479 -0.051217363188789555 -0.051153416707477008 -0.051054526911528453 -0.051114734961265042 -0.051107729395964953 -0.051110302661386366 -0.051082376274427369 -0.051094041627064248 -0.051083548652005796 -0.051093642749271431 -0.051085572741255331 -0.051079821461076362 -0.051086472466682381 -0.051082059631896153 -0.051083264550881302 -0.051083935979445695
leaf_weight=2.2207580208778381 2.227497782558201 1.1007100306451318 3.0500490479171276 2.4061836153268832 0.44967555999755937 2.2275406122207642 0.76408315449953157 2.726934939622879 1.7163923531770708 2.2049701698124409 0.50787037611007591 0.46199853159487148 0.47722990810871124 0.48125921189785081 0.42858321964740831 0.43722660280764003 0.44383537396788675 0.42640837840735901 0.46381433121860016 0.48869028128683467 0.45627391338348389 0.43988113664090622 0.72664687409996986 0.4606949035078286 0.45755055546759926 0.4345332980155876 0.43707454577087679 0.41467778757213958 0.43587898835539185 1.4122574497014548
leaf_count=18 17 53 20 17 12 27 6 28 24 27 15 15 22 20 19 20 22 20 22 23 22 21 35 22 22 21 21 20 21 68
internal_value=0 -0.0239516 0.00958422 0.0423407 -0.0502989 0.0620843 -0.0520901 0.0571093 0.0556287 0.0548482 -0.0511772 -0.0511334 -0.051108 -0.0512225 -0.0510965 -0.0510907 -0.0510875 -0.0510893 -0.0510879 -0.0510867 -0.0510968 -0.0510851 -0.0510845 -0.0510867 -0.0510833 -0.0510822 -0.0510846 -0.0510838 -0.0510835 -0.0510838
internal_weight=0 22.5114 9.90453 6.85448 12.6069 4.63372 12.1572 8.8758 6.6483 3.92136 11.3931 10.8852 10.4232 0.958489 9.46474 9.03615 8.59893 8.15509 7.72868 7.26487 0.944964 6.31991 5.88002 1.99848 3.88154 1.16118 1.53778 2.72036 2.26281 1.84814
internal_count=720 624 82 62 542 44 530 96 79 51 524 509 494 42 452 433 413 391 371 349 45 304 283 96 187 56 74 131 109 89
is_linear=0
shrinkage=0.05


Tree=47
num_leaves=31
num_cat=0
split_feature=14 26 6 5 16 14 14 3 20 14 14 7 3 0 13 9 15 17 19 14 4 18 13 3 14 2 13 19 17 0
split_gain=15.7663 7.58945 8.78341 2.16086 0.43641 0.0659731 0.0520575 0.0198855 0.00197926 0.000373376 0.000160744 5.4342e-05 4.74688e-06 2.38216e-06 2.25533e-06 6.20214e-07 1.74877e-07 9.96736e-08 6.65288e-08 3.84716e-08 6.31485e-08 1.28522e-08 5.22663e-09 9.85434e-09 7.7307e-10 1.25951e-09 7.01741e-10 5.8132e-10 3.43284e-10 2.88758e-11
threshold=0.74542510509490978 1.0000000180025095e-35 1.0000000180025095e-35 -0.90692099928855885 0.35195650160312658 0.034210531972348697 0.13182821497321132 0.31959420442581182 0.74604094028472911 1.8220086693763735 -0.013203775510191916 -0.043543342500925057 0.29989196360111242 -0.16818840801715848 0.020027300342917446 -0.048178344964981072 0.56579580903053295 1.2936757206916811 0.083670727908611311 -0.20843914896249768 0.06312160007655622 0.16989373415708545 -0.45275150239467615 0.039767106994986541 -0.49850314855575556 -0.019625605084002015 -0.49437980353832239 -0.49929490685462946 -0.46516248583793635 -0.1937829181551933
decision_type=2 2 2 2 2 2 2 2 2 2 2 2 2 2 2 2 2 2 2 2 2 2 2 2 2 2 2 2 2 2
left_child=1 2 3 -1 6 -5 10 -2 -9 -10 11 12 14 -14 15 16 17 18 19 21 -21 22 23 26 25 -24 -3 -26 -29 -30
right_child=7 4 -4 5 -6 -7 -8 8 9 -11 -12 -13 13 -15 -16 -17 -18 -19 -20 20 -22 -23 24 -25 27 -27 -28 28 29 -31
leaf_value=0.0010872567783926626 0.060900601936798839 -0.051029935910849471 -0.06134581393845602 0.067302425616026604 -0.001780196770496391 0.055115914321146819 -0.064859514714863772 0.056385468807644445 0.054026157536307177 0.055032265428848759 -0.05200913170022603 -0.051620582037015222 -0.05108037783020615 -0.051241925661521817 -0.051156683435152943 -0.051095924185806177 -0.051002044436004361 -0.051059188041457065 -0.051052555532807346 -0.051054981340929284 -0.051028474345135105 -0.051039546067870423 -0.051029776073887471 -0.051039168666086071 -0.051031508022977984 -0.051026380863473664 -0.051032362661364662 -0.051028173136746714 -0.051029480304136059 -0.051029930989540263
leaf_weight=2.220910519361496 2.1401409618556482 1.0481073744595049 3.0249983966350555 2.3209600076079386 0.44953597150743085 2.1295722685754299 0.73602860048413354 2.6103365272283554 1.6392832547426226 2.1078847497701645 0.48406172171234985 0.4401782937347879 0.45444612391293049 0.45835609361529428 0.40815234743058759 0.41635896824300189 0.42261274717748154 0.40604232251644123 0.44165861792862404 0.46534757129847992 0.43446806445717812 0.41886336356401432 0.61295273527503014 0.43868247047066677 0.43568502180277757 0.49273308925330039 0.4161878749728144 0.39485974796115852 0.49418024905025415 1.2656339984387388
leaf_count=18 17 53 20 17 12 27 6 28 24 27 15 15 22 20 19 20 22 20 22 23 22 21 31 22 22 25 21 20 25 64
internal_value=0 -0.0235938 0.00932541 0.0413695 -0.050116 0.0614712 -0.0519915 0.0567318 0.0553285 0.0545921 -0.0511185 -0.051077 -0.0510528 -0.0511615 -0.0510418 -0.0510364 -0.0510334 -0.0510351 -0.0510337 -0.0510325 -0.0510422 -0.0510311 -0.0510305 -0.0510326 -0.0510294 -0.0510283 -0.0510306 -0.0510298 -0.0510295 -0.0510298
internal_weight=0 21.7316 9.69644 6.67144 12.0351 4.45053 11.5856 8.49765 6.3575 3.74717 10.8496 10.3655 9.92533 0.912802 9.01253 8.60437 8.18802 7.7654 7.35936 6.9177 0.899816 6.01789 5.59902 1.90298 3.69604 1.10569 1.4643 2.59036 2.15467 1.75981
internal_count=720 624 82 62 542 44 530 96 79 51 524 509 494 42 452 433 413 391 371 349 45 304 283 96 187 56 74 131 109 89
is_linear=0
shrinkage=0.05


Tree=48
num_leaves=31
num_cat=0
split_feature=14 26 3 12 16 14 3 20 7 14 7 3 0 13 9 15 17 19 4 14 3 13 10 13 7 14 0 7 15 13
split_gain=14.8598 7.23959 3.64801 0.832266 0.479866 0.0448608 0.0180975 0.00195419 0.000333423 0.000138078 4.65751e-05 4.04694e-06 2.04609e-06 1.92199e-06 5.23366e-07 1.5525e-07 8.15282e-08 5.35399e-08 4.38046e-08 8.24527e-08 1.49812e-08 3.19313e-09 7.27869e-09 2.62949e-09 9.58323e-10 2.21475e-10 4.85751e-11 3.31477e-11 1.15539e-11 5.56677e-12
threshold=0.74542510509490978 1.0000000180025095e-35 0.29989196360111242 0.54963108897209179 0.38653586804866796 0.13182821497321132 0.30880722403526312 0.74604094028472911 -0.040626715868711465 -0.013203775510191916 -0.043543342500925057 0.29989196360111242 -0.16818840801715848 0.020027300342917446 -0.048178344964981072 0.56579580903053295 1.2936757206916811 0.083670727908611311 -0.12883725017309186 -0.24748623371124265 -0.097567129880189882 -0.45275150239467615 0.22288127243518832 -0.40517626702785486 -0.10002115368843077 -0.21401730179786679 -0.18507958203554151 -0.10297646373510359 -0.16060027480125424 -0.25055677443742747
decision_type=2 2 2 2 2 2 2 2 2 2 2 2 2 2 2 2 2 2 2 2 2 2 2 2 2 2 2 2 2 2
left_child=1 2 -1 -4 5 9 -2 -8 -9 10 11 13 -13 14 15 16 17 18 19 20 23 22 -20 -3 25 27 -24 28 29 -23
right_child=6 4 3 -5 -6 -7 7 8 -10 -11 -12 12 -14 -15 -16 -17 -18 -19 21 -21 -22 24 26 -25 -26 -27 -28 -29 -30 -31
leaf_value=-0.019882998519412838 0.060668815617469986 -0.050982445064972362 0.063320270353907887 0.019928741033235779 0.0033193958174971006 -0.064066371315746884 0.056122478712599504 0.05490809251345901 0.053932924782411365 -0.051908513553340169 -0.0515392508925408 -0.05102658329121143 -0.051180008249615806 -0.051099089500214384 -0.051041356101023755 -0.050952224110355882 -0.051006466124193808 -0.051000184639359618 -0.05098652952380222 -0.05100621436276577 -0.050991405424615201 -0.050978695081994908 -0.050978806290677581 -0.050978160331045158 -0.050976166493982095 -0.050977266864540211 -0.050978086518321211 -0.050978182579122455 -0.05097882942855856 -0.0509784264555245
leaf_weight=5.0689498260617274 1.886069767177103 0.69914631173014641 2.2759165018796921 2.1480828821659088 0.40800669416785318 0.70857949927449304 2.6151384525001049 1.4783372320234778 2.1533214412629604 0.46132376231253047 0.41935460269451041 0.43272676318883896 0.43651596829295236 0.38867306895554143 0.39646563678979774 0.40238483622670163 0.38662856258451928 0.42053919844329346 0.39836104959248986 0.46392622962593577 0.38102608546614658 0.3765907920897007 0.62144306860864162 0.73396469838917255 0.61981673352421296 0.37605961225926887 0.37636538967490196 0.39522037096321594 0.7909455895423888 0.3953162301331713
leaf_count=37 15 37 19 26 10 6 29 20 32 15 15 22 20 19 20 22 20 22 21 24 20 20 33 39 33 20 20 21 42 21
internal_value=0 -0.0232373 0.0090735 0.0422514 -0.0499337 -0.0518944 0.0563763 0.0550803 0.0543299 -0.0510629 -0.0510236 -0.0510008 -0.0511036 -0.0509904 -0.0509853 -0.0509825 -0.0509841 -0.0509829 -0.0509818 -0.0509874 -0.0509826 -0.0509788 -0.0509808 -0.0509803 -0.0509779 -0.0509784 -0.0509785 -0.0509786 -0.0509787 -0.0509786
internal_weight=0 20.9823 9.49295 4.424 11.4894 11.0814 8.13287 6.2468 3.63166 10.3728 9.91147 9.49212 0.869243 8.62287 8.2342 7.83773 7.43535 7.04872 6.62818 2.27806 1.81414 4.35012 1.39617 1.43311 2.95395 2.33413 0.997808 1.95807 1.56285 0.771907
internal_count=720 624 82 45 542 532 96 81 52 526 511 496 42 454 435 415 393 373 351 120 96 231 74 76 157 124 53 104 83 41
is_linear=0
shrinkage=0.05


Tree=49
num_leaves=31
num_cat=0
split_feature=14 4 16 16 11 5 14 1 3 13 3 6 18 13 4 0 14 10 3 16 5 15 17 17 14 13 13 19 19 13
split_gain=13.9933 7.07434 4.82816 2.88818 2.70636 1.18184 0.837199 0.73878 0.165063 0.113812 0.0155045 0.00523489 0.000372422 9.7941e-05 3.17838e-05 2.30812e-05 1.28921e-05 4.89894e-06 4.61795e-07 3.23363e-07 1.18964e-07 1.36263e-07 6.03174e-08 4.80993e-08 1.14721e-08 2.76064e-09 6.64742e-09 1.16322e-09 3.74561e-10 2.93905e-10
threshold=0.74542510509490978 -0.96065890789031971 -0.40014460682868952 0.60697931051254284 0.98273175954818737 -0.66452947258949269 0.13182821497321132 -1.8017750978469846 0.91866990923881542 0.43928393721580511 0.30880722403526312 1.0000000180025095e-35 0.38375216722488409 0.053857475519180305 -0.83268636465072621 -0.06192429177463054 -0.046672698110342019 0.12989606708288196 0.24514682590961459 0.14448035508394244 1.436197102069855 0.56579580903053295 -0.60756295919418324 1.2705836892127993 -0.20843914896249768 -0.50032672286033619 -0.56574264168739308 -0.55534929037094105 -0.047122845426201813 -0.19703464210033414
decision_type=2 2 2 2 2 2 2 2 2 2 2 2 2 2 2 2 2 2 2 2 2 2 2 2 2 2 2 2 2 2
left_child=1 2 7 4 6 -4 8 -1 9 13 -2 12 -12 15 -14 16 17 -3 19 20 21 22 -19 24 25 26 -24 -27 29 -29
right_child=10 3 5 -5 -6 -7 -8 -9 -10 -11 11 -13 14 -15 -16 -17 -18 18 -20 -21 -22 -23 23 -25 -26 27 -28 28 -30 -31
leaf_value=-0.076635716818017216 0.060093391083180937 -0.05111445232434815 0.065567034389830206 0.051818045745915635 0.058696854276238102 0.018137282347034989 -0.089249663218830017 -0.018292256019023359 -0.025859793423666455 -0.076786408882664178 0.054582319368509304 0.057348665668042358 0.053435310952337028 -0.051763801684757707 0.053766382712313723 -0.051348471075572701 -0.051246207254786118 -0.050953733742941126 -0.050988461663151977 -0.050981498694905064 -0.050961364139834722 -0.050903244689808828 -0.050929361511356547 -0.050949780194518381 -0.050938546039720992 -0.05093259234197816 -0.050937278652891993 -0.050930067088089982 -0.050928064817894206 -0.050928803407272433
leaf_weight=1.0544689372181895 1.8108282908797253 0.42415723577141395 2.6443538814783096 0.7246520575135954 0.53815797716379243 2.6094620563089892 1.6277099326252944 1.1177273448556659 0.63224391080439168 0.45009078085422594 1.5216186456382272 1.5167175866663454 1.3118907436728471 0.42010264284908849 1.6203034818172461 0.40853670798241282 0.38364878483116616 0.36510166339575789 0.45463664643466462 0.3760478701442479 0.36926273442804802 0.38247629813849915 0.60910988785326481 0.3839753996580838 0.50630840286613388 0.35945901274680636 0.46948043629526626 2.0796657316386664 0.35781603679061857 0.59084479697048653
leaf_count=11 15 21 23 10 5 35 10 35 18 2 20 14 22 16 25 17 17 20 24 20 20 22 34 21 28 20 26 116 20 33
internal_value=0 -0.0227993 0.0160861 -0.0451607 -0.0509263 0.0420097 -0.05599 -0.0466145 -0.0505886 -0.0522536 0.0560407 0.0548116 0.0539476 -0.0510185 0.0536183 -0.0509818 -0.0509633 -0.0509493 -0.0509397 -0.0509364 -0.0509338 -0.0509321 -0.0509341 -0.0509327 -0.0509314 -0.0509306 -0.0509328 -0.0509299 -0.0509296 -0.0509298
internal_weight=0 20.3395 7.42601 12.9135 12.1888 5.25382 11.6507 2.1722 10.023 9.39072 7.78136 5.97053 4.45381 8.94063 2.93219 8.52053 8.11199 7.72834 7.30418 6.84955 6.4735 6.10424 5.72176 5.35666 4.97268 4.46638 1.07859 3.38779 3.02833 2.67051
internal_count=720 624 104 520 510 58 505 46 495 477 96 81 67 475 47 459 442 425 404 380 360 340 318 298 277 249 60 189 169 149
is_linear=0
shrinkage=0.05


Tree=50
num_leaves=31
num_cat=0
split_feature=3 19 14 4 13 0 8 15 3 12 14 15 10 13 14 5 0 19 4 16 12 13 7 4 20 2 13 9 7 14
split_gain=13.1772 5.3569 3.15053 1.97068 4.34701 0.538158 0.304586 0.280169 0.102378 0.0263733 0.0185051 0.0108409 0.000498523 0.000113039 2.01583e-05 8.7376e-06 2.46193e-06 2.54586e-06 3.40464e-07 5.50241e-08 3.15017e-08 2.43838e-08 1.99544e-08 1.5121e-08 7.50372e-09 1.85413e-09 1.47474e-09 1.27525e-09 5.07185e-10 3.49871e-10
threshold=0.29989196360111242 1.1412301659584048 -0.26422068476676935 -1.152617812156677 -0.32786650955677027 -0.14620266109704969 0.085988495498895659 1.8269001841545107 0.23184519261121753 -0.58076831698417652 0.15971898287534717 1.023828983306885 0.54046151041984569 0.19546093791723254 -0.024360082112252709 -0.85844269394874562 -0.096860684454441057 0.083670727908611311 -0.83268636465072621 0.1358355134725571 -0.059897987172007554 -0.58953025937080372 -0.094601996243000017 1.0000000180025095e-35 -0.95539119839668263 0.35700818896293646 -0.46464531123638148 -0.098431486636400209 -0.10270703211426734 -0.33115851879119867
decision_type=2 2 2 2 2 2 2 2 2 2 2 2 2 2 2 2 2 2 2 2 2 2 2 2 2 2 2 2 2 2
left_child=1 3 6 4 -1 -4 -2 8 10 -7 12 -11 13 14 15 -5 17 18 -17 20 21 -20 25 24 -23 27 -25 -22 -29 -30
right_child=2 -3 5 7 -6 9 -8 -9 -10 11 -12 -13 -14 -15 -16 16 -18 -19 19 -21 22 23 -24 26 -26 -27 -28 28 29 -31
leaf_value=-0.066575472839314448 -0.053552988273228387 0.039155227449866228 0.02668066453617339 -0.051134126291741244 0.041897825158990196 0.058875981768790497 -0.0037516071070539132 -0.075762006043174471 -0.028695329570851504 0.049365546197468115 -0.062288231554159149 0.054814171155635832 -0.052887666609636286 -0.051848558817164492 -0.051294407294729533 -0.050928751252816942 -0.051031214463977348 -0.051024708716019856 -0.050902046993854144 -0.050906293002650406 -0.050886344283444185 -0.050887993793813195 -0.050872782528712725 -0.050887182611052989 -0.050897985396852544 -0.050887569476285845 -0.050883287272561008 -0.050883718876304232 -0.050883136483131544 -0.050880870403152693
leaf_weight=1.7967214845120909 0.77243653871119089 2.3538672924041739 2.0158852897584429 0.44404892437159738 1.9006103370338703 3.5494336262345305 0.50955221243202686 1.218750588595866 0.51899923756718713 1.3731738775968532 0.38337286561727602 2.7236735410988331 0.35644826851785261 0.35588610358536232 0.37598116509616275 0.53591031394898614 0.36795323528349655 0.37564290687441815 0.36534934304654632 0.3488603252917527 0.35938334465026622 0.34284845553338528 0.45490688458085671 0.34255979582667351 0.41579997725784457 0.34268886223435391 0.835826765745878 1.1775384992361044 0.34109632670879364 0.34023470059037464
leaf_count=26 30 15 26 23 16 38 14 6 15 25 3 38 13 12 16 30 19 20 21 20 21 20 27 20 24 20 49 69 20 20
internal_value=0 -0.0307389 0.0398904 -0.042246 -0.0108149 0.0496623 -0.0337584 -0.0532092 -0.0502793 0.0557212 -0.0515433 0.0529879 -0.0510575 -0.0509772 -0.0509373 -0.0509191 -0.0509054 -0.0508983 -0.0508907 -0.0508871 -0.0508858 -0.0508902 -0.0508824 -0.050888 -0.0508935 -0.0508841 -0.0508844 -0.0508836 -0.0508831 -0.050882
internal_weight=0 16.6513 10.9442 14.2974 3.69733 9.66217 1.28199 10.6001 9.38134 7.64628 8.86234 4.09685 8.47896 8.12252 7.76663 7.39065 6.9466 6.57865 6.203 5.66709 5.31823 2.30238 3.01585 1.93703 0.758648 2.56094 1.17839 2.21825 1.85887 0.681331
internal_count=716 545 171 530 42 127 44 488 482 101 467 63 464 451 439 423 400 381 361 331 311 134 177 113 44 150 69 130 109 40
is_linear=0
shrinkage=0.05


Tree=51
num_leaves=31
num_cat=0
split_feature=3 19 14 4 13 0 8 15 3 10 14 16 14 10 13 14 5 0 19 4 17 16 7 4 14 18 2 17 13 2
split_gain=12.3521 5.01897 2.8334 1.91733 4.01697 0.554914 0.468147 0.238357 0.109175 0.0211603 0.0158299 0.00686854 0.00371251 0.000430641 9.71408e-05 1.7303e-05 7.53275e-06 2.11428e-06 2.18924e-06 2.92279e-07 5.67548e-08 5.45411e-08 2.24975e-08 1.0245e-08 6.9197e-09 2.99185e-09 1.37267e-09 1.0533e-09 2.15899e-10 1.28954e-10
threshold=0.29989196360111242 1.1412301659584048 -0.20843914896249768 -1.152617812156677 -0.32786650955677027 -0.14620266109704969 0.13540612906217578 1.8269001841545107 0.23184519261121753 0.54046151041984569 0.15971898287534717 0.11854583397507669 1.0048092603683474 0.54046151041984569 0.19546093791723254 -0.024360082112252709 -0.85844269394874562 -0.096860684454441057 0.083670727908611311 -0.83268636465072621 1.2705836892127993 0.1358355134725571 -0.094601996243000017 -0.32079608738422388 -0.35347114503383631 0.071875277906656279 0.3323305100202561 -0.59216830134391774 -0.16135324537754056 -0.89500793814659108
decision_type=2 2 2 2 2 2 2 2 2 2 2 2 2 2 2 2 2 2 2 2 2 2 2 2 2 2 2 2 2 2
left_child=1 3 6 4 -1 -4 -2 8 10 11 13 -7 -13 14 15 16 -5 18 19 -18 21 22 23 24 -21 26 27 -25 29 -29
right_child=2 -3 5 7 -6 9 -8 -9 -10 -11 -12 12 -14 -15 -16 -17 17 -19 -20 20 -22 -23 -24 25 -26 -27 -28 28 -30 -31
leaf_value=-0.064805514366923916 -0.05322203949559591 0.037717792292937993 0.025781084226440022 -0.051078106765056364 0.040600498043975961 0.051619818167624176 0.0069526418030565673 -0.073954455119252013 -0.027676394149604031 0.061065623958608477 -0.061600258867072058 0.057227888794090125 0.0541596183812229 -0.052747009017071661 -0.051756194865426236 -0.051229810875968021 -0.050882638917445114 -0.050979959601258756 -0.050973859910340973 -0.050841892297394033 -0.050863027954912578 -0.050861316251214095 -0.050829493427369969 -0.050837169531832538 -0.050852048051070221 -0.050844842081561842 -0.050843013569610067 -0.050841074346510577 -0.050838878184489816 -0.050839995077104398
leaf_weight=1.7545980699360373 0.79162266477942533 2.3222148567438117 1.9827732797712077 0.42284397035836985 1.8642145097255731 1.7002022843807907 0.54624868370592594 1.1869184672832478 0.5113994814455517 1.4389605894684789 0.36864486336708147 1.655505798757076 2.4373289197683334 0.33994542248547066 0.33911822736263264 0.35808392614126194 0.51022398471832087 0.35035095829516816 0.35767003707587708 0.32566775567829609 0.33342091925442208 0.33213225565850724 0.433080049231651 0.388696594163774 0.3458466995507451 0.3430602978914975 0.32606382109224785 0.3253826517611732 0.38947992585599855 1.8524234313517807
leaf_count=26 33 15 26 23 16 27 13 6 15 15 3 19 38 13 12 16 30 19 20 20 20 20 27 24 21 21 20 20 24 114
internal_value=0 -0.0302747 0.0393423 -0.0417501 -0.0105061 0.0492144 -0.0286529 -0.0529001 -0.050109 0.055639 -0.0514679 0.054291 0.0554007 -0.0510053 -0.0509287 -0.0508908 -0.0508735 -0.0508604 -0.0508537 -0.0508465 -0.050843 -0.0508417 -0.0508404 -0.0508415 -0.0508471 -0.0508404 -0.0508399 -0.0508396 -0.05084 -0.0508402
internal_weight=0 16.0815 10.5526 13.7593 3.61881 9.21477 1.33787 10.1405 8.95354 7.232 8.44214 5.79304 4.09283 8.07349 7.73355 7.39443 7.03634 6.6135 6.26315 5.90548 5.39525 5.06183 4.7297 4.29662 0.671514 3.62511 3.28205 2.95598 2.56729 2.17781
internal_count=716 545 171 530 42 125 46 488 482 99 467 84 57 464 451 439 423 400 381 361 331 311 291 264 41 223 202 182 158 134
is_linear=0
shrinkage=0.05


Tree=52
num_leaves=31
num_cat=0
split_feature=3 19 14 11 0 0 13 14 11 13 10 16 13 18 20 13 14 20 0 19 4 16 13 14 13 7 2 12 16 11
split_gain=11.5761 4.75773 2.66502 2.45943 1.34218 0.561945 0.488133 0.4242 0.443288 0.0846275 0.019043 0.00708676 0.00406803 0.00230848 0.000518961 0.000208736 1.53422e-05 1.49462e-05 1.09367e-05 3.72219e-06 9.296e-07 2.59954e-07 3.11066e-08 1.18021e-08 8.11119e-09 6.11663e-09 4.18852e-09 6.68841e-09 1.77915e-09 1.26245e-09
threshold=0.29989196360111242 1.3355520963668825 -0.20843914896249768 1.0307204723358157 -0.19758062809705731 -0.14620266109704969 -0.1554063409566879 0.55297881364822399 0.78451767563819896 0.43928393721580511 0.54046151041984569 0.101256150752306 1.5037795901298525 -0.74924099445343006 1.0659573674201968 0.19546093791723254 -0.041094543412327759 0.78787198662757885 -0.074985306710004793 0.16214687377214435 -0.96065890789031971 0.14448035508394244 -0.60142406821250904 -0.19170469045639035 -0.45275150239467615 -0.094601996243000017 -0.56113746762275685 -0.034039177000522607 -0.045706134289503091 -0.62384575605392445
decision_type=2 2 2 2 2 2 2 2 2 2 2 2 2 2 2 2 2 2 2 2 2 2 2 2 2 2 2 2 2 2
left_child=1 3 6 4 -1 -4 -2 8 9 13 11 -7 -13 -6 -14 16 17 18 19 20 -15 22 -22 24 26 28 -24 -28 29 -26
right_child=2 -3 5 -5 7 10 -8 -9 -10 -11 -12 12 14 15 -16 -17 -18 -19 -20 -21 21 -23 23 -25 25 -27 27 -29 -30 -31
leaf_value=0.015701935420188797 -0.052313512670829149 0.051281784676796484 0.024897608213828373 0.0073110024165652793 -0.053570768644558245 0.051128946177445456 0.010580649482146383 -0.087282145239447328 0.0010939029488208046 -0.069256477759966337 0.06053093304824856 0.057148604308118849 0.054478885359888929 -0.050872513030263515 0.05301573660570276 -0.052051607749423939 -0.051166143293276956 -0.051184809047583157 -0.051102170772358228 -0.050984343614005223 -0.050813612143055645 -0.050845905248240945 -0.050798605402260201 -0.050806770161141636 -0.050795040503565127 -0.050791461187968283 -0.050810214585472628 -0.050800633209342964 -0.050801889732272211 -0.050798332113547777
leaf_weight=0.755267493426797 0.79873258620500565 1.6202654764056195 1.9512914102524508 2.3561543300747863 0.91912773251532875 1.5739792529493541 0.50264211464673347 0.84375724941492158 0.40172919631004411 0.70007429271936494 1.3805664293467996 1.4989767074584963 1.4026156403124335 0.53667470440267795 1.0671026110649107 0.39018725417554367 0.40211935248226982 0.31618737708777178 0.35806711390614498 0.32079036347568024 0.44084124546497339 0.34159751050174225 0.4642086261883378 0.53108989074827739 0.33892985153942667 0.36811791546643524 0.31370821222662926 0.43429407756774885 0.31065417733043421 2.0727530363947153
leaf_count=7 36 11 26 17 21 26 10 4 3 4 15 17 21 32 20 13 19 17 18 18 28 21 30 34 22 24 20 28 20 134
internal_value=0 -0.0298071 0.0387985 -0.0392482 -0.0487377 0.048597 -0.0280213 -0.0532421 -0.0503587 -0.052521 0.0552766 0.0539679 0.0550938 -0.0511985 0.0538467 -0.0509239 -0.0508656 -0.0508487 -0.0508332 -0.0508183 -0.0508096 -0.0508036 -0.0508009 -0.0507997 -0.0507989 -0.0507975 -0.0508023 -0.0508047 -0.0507983 -0.0507979
internal_weight=0 15.5366 10.1759 13.9163 11.5602 8.87453 1.30137 10.8049 9.96115 9.55942 6.92324 5.54267 3.96869 8.85935 2.46972 7.94022 7.55003 7.14791 6.83173 6.47366 6.15287 5.61619 5.2746 4.83376 4.30267 3.09045 1.21221 0.748002 2.72234 2.41168
internal_count=716 545 171 534 517 125 46 510 506 503 99 84 58 499 41 478 465 446 429 411 393 361 340 312 278 200 78 48 176 156
is_linear=0
shrinkage=0.05


Tree=53
num_leaves=31
num_cat=0
split_feature=3 19 14 4 13 0 13 9 13 10 16 13 20 10 13 14 5 0 19 16 4 17 4 11 20 10 5 18 7 13
split_gain=10.8396 4.4569 2.50576 1.84483 3.72891 0.568652 0.469299 0.150457 0.162753 0.0172009 0.00739441 0.00348213 0.000444612 0.000319639 7.1239e-05 1.25346e-05 5.10675e-06 3.13575e-06 1.55842e-06 1.87498e-07 1.74555e-07 7.22587e-08 1.14587e-08 8.63664e-09 6.04948e-09 5.29788e-09 5.44323e-09 3.74881e-09 3.81677e-10 9.24811e-11
threshold=0.29989196360111242 1.1412301659584048 -0.20843914896249768 -1.152617812156677 -0.32786650955677027 -0.14620266109704969 -0.1554063409566879 0.12842184305191043 0.3530538678169251 0.54046151041984569 0.101256150752306 1.5037795901298525 1.0659573674201968 0.54046151041984569 0.19546093791723254 -0.024360082112252709 -0.85036298632621754 -0.076572369784116731 0.083670727908611311 0.14448035508394244 -0.89667263627052296 1.2859783768653872 -0.32079608738422388 -0.69061261415481556 -0.95539119839668263 0.14849310368299487 1.2018852829933169 0.08078604564070703 -0.099291045218706117 -0.11377801746129988
decision_type=2 2 2 2 2 2 2 2 2 2 2 2 2 2 2 2 2 2 2 2 2 2 2 2 2 2 2 2 2 2
left_child=1 3 6 4 -1 -4 -2 8 13 10 -7 -12 -13 14 15 16 -5 18 19 20 -18 22 24 -24 -22 -25 27 28 29 -27
right_child=2 -3 5 7 -6 9 -8 -9 -10 -11 11 12 -14 -15 -16 -17 17 -19 -20 -21 21 -23 23 25 -26 26 -28 -29 -30 -31
leaf_value=-0.063333705046738673 -0.052208698284522737 0.03539298973332166 0.024030770569842638 -0.050961872889918158 0.0399209867671644 0.050692366301010941 0.010061495145929217 -0.023482488594444403 -0.069630222480716694 0.060022522565612108 0.05677161983681564 0.054246300323421738 0.052860104846340475 -0.052482652296801983 -0.051584777857256542 -0.051110325880050378 -0.050799987531819836 -0.050934184474036054 -0.050878792482239005 -0.050802760388671687 -0.050760362468827397 -0.050784853625154835 -0.050750326684989404 -0.05075283753194109 -0.050769731733235915 -0.050758944654934635 -0.050766315131133714 -0.050764407472354126 -0.050756954560600247 -0.050757996615083879
leaf_weight=1.6872106883674862 0.76126483175903559 2.2626163512468329 1.9213714506477106 0.4146301252767407 1.8149905689060677 1.5097873229533423 0.50216136779636034 0.42858165409416038 1.3743306472897527 1.3240773677825926 1.4350992701947691 1.3397851176559927 1.0179724358022211 0.30912890285253514 0.30772657692432392 0.32474682666361676 0.30954001005738607 0.31502036098391162 0.32381190825253714 0.32468013931065787 0.30983247235417366 0.3041238598525523 0.29099679924547306 0.29224770329893468 0.38807895500212497 2.047236669808624 0.29724396672099818 0.31135768443346012 0.30850017443299682 0.29420894104987372
leaf_count=26 36 15 26 25 16 26 10 7 8 15 17 21 20 13 12 16 20 18 20 21 21 20 20 20 26 139 20 21 21 20
internal_value=0 -0.0292885 0.0382663 -0.0407416 -0.0098227 0.0479806 -0.0274588 -0.0524151 -0.0538166 0.0549247 0.0536517 0.0548298 0.0536478 -0.0509085 -0.0508405 -0.0508071 -0.0507921 -0.0507805 -0.0507722 -0.0507659 -0.0507636 -0.0507613 -0.0507597 -0.0507586 -0.0507656 -0.0507593 -0.0507599 -0.0507592 -0.0507586 -0.0507588
internal_weight=0 15.0408 9.81152 12.7782 3.5022 8.54809 1.26343 9.27602 8.84744 6.62672 5.30264 3.79286 2.35776 7.47311 7.16398 6.85626 6.53151 6.11688 5.80186 5.47805 5.15337 4.84383 4.5397 3.84179 0.697911 3.5508 3.25855 2.9613 2.64995 2.34145
internal_count=716 545 171 530 42 125 46 488 481 99 84 58 41 473 460 448 432 407 389 369 348 328 308 261 47 241 221 201 180 159
is_linear=0
shrinkage=0.05


Tree=54
num_leaves=31
num_cat=0
split_feature=3 19 11 0 0 5 13 2 7 12 15 1 10 18 17 13 20 0 4 13 7 10 3 19 4 13 4 10 0 2
split_gain=10.1558 4.21077 2.34772 1.85496 1.28787 0.552313 1.07711 0.311128 0.174934 0.126483 0.123308 0.0186669 0.0153855 0.00182484 0.00065457 4.14817e-05 1.01783e-05 3.1728e-06 2.15294e-06 9.47803e-07 5.83893e-07 3.65252e-07 1.57737e-07 8.55008e-08 1.52918e-07 5.47889e-08 2.06285e-08 1.40192e-08 1.12018e-09 1.40085e-09
threshold=0.29989196360111242 1.3355520963668825 1.0307204723358157 -0.16555932164192197 -0.19758062809705731 0.26463806629180914 1.1172308921813967 1.9761142134666445 -1.0000000180025095e-35 1.7280540466308596 0.6162400245666505 -0.31940054893493647 0.54046151041984569 -0.74924099445343006 -0.88659089803695668 0.15085916221141818 0.78612688183784496 -0.093639820814132677 -1.0246452093124387 -0.11377801746129988 -0.10365971922874449 0.15516896545886996 -0.56204646825790394 -0.13307290524244306 0.51102556288242351 -0.58953025937080372 -0.44876866042613978 0.26102903485298162 -0.15312092751264569 0.19957839697599414
decision_type=2 2 2 2 2 2 2 2 2 2 2 2 2 2 2 2 2 2 2 2 2 2 2 2 2 2 2 2 2 2
left_child=1 2 4 -2 -1 11 -7 8 9 10 13 12 14 -6 -5 16 17 18 -15 21 -21 -20 -23 25 27 -24 -27 -25 29 -28
right_child=3 -3 -4 5 7 6 -8 -9 -10 -11 -12 -13 -14 15 -16 -17 -18 -19 19 20 -22 22 23 24 -26 26 28 -29 -30 -31
leaf_value=0.015776156855786729 -0.017434529208213038 0.048482148830818958 0.0072700423869452692 0.054564784302369496 -0.053310913657700389 -0.017684736031965614 0.054249157549288579 -0.0855106277125324 -0.016564610746439102 -0.069676762370292925 -0.017597703296327975 0.049779197684397258 0.059879292336404814 -0.050863434330989978 0.053017472067633534 -0.051374443024142173 -0.051067053775058185 -0.050919253817626936 -0.050784105630676563 -0.050754260042984306 -0.050838704025810658 -0.050757792948335767 -0.050744878745217652 -0.050721839051737688 -0.050772390865950492 -0.050734852468396686 -0.050721040043344628 -0.050736896928640973 -0.050718278715308901 -0.050724854617817131
leaf_weight=0.73363941907882413 1.3123726192861784 1.5711825862526883 2.3299147114157668 1.3614282533526405 0.81027233228086881 0.87894620280712876 1.2756880931556223 0.68034656345844347 0.36528936587274685 0.89649600163102139 0.28542925231158722 1.5914223063737143 1.6697187870740888 0.41965038236229979 1.3726298362016685 0.30249669309705485 0.28645523730665434 0.30622579716146514 0.38434127438812815 0.41777938511222601 0.40138338971883758 0.56916253920643889 0.31748190894722395 0.33665038086475174 0.29633174277842045 0.31374920904635883 1.6536130923777768 0.28579911589622498 0.29316778294743162 0.28167776856571425
leaf_count=7 36 11 17 20 19 24 21 3 6 6 14 26 18 26 26 14 17 18 26 29 26 39 22 24 20 22 118 20 21 20
internal_value=0 -0.028822 -0.0381885 0.0377334 -0.0481453 0.0466171 0.024905 -0.0528804 -0.0504735 -0.0518718 -0.0498669 0.0544203 0.0560975 -0.0510668 0.053788 -0.050802 -0.0507756 -0.0507623 -0.0507542 -0.050746 -0.0507956 -0.0507374 -0.0507333 -0.0507296 -0.0507428 -0.0507253 -0.0507228 -0.0507288 -0.0507212 -0.0507216
internal_weight=0 14.5385 12.9674 9.46221 10.6374 8.14983 2.15463 9.9038 9.22345 8.85816 7.96167 5.9952 4.40378 7.67624 2.73406 6.86597 6.56347 6.27701 5.97079 5.55114 0.819163 4.73197 4.34763 3.77847 0.918781 2.85969 2.54221 0.622449 2.22846 1.93529
internal_count=716 545 534 171 517 135 45 510 507 501 495 90 64 481 46 462 448 431 413 387 55 332 306 267 64 203 181 44 159 138
is_linear=0
shrinkage=0.05


Tree=55
num_leaves=31
num_cat=0
split_feature=14 12 3 26 19 3 15 6 19 26 7 0 13 3 4 0 16 17 14 4 13 19 7 15 15 19 2 17 20 16
split_gain=12.1442 2.91635 2.61909 0.891173 0.765765 0.0399756 0.0294797 0.00324304 0.00272323 0.00229972 3.72117e-05 3.07912e-05 5.07558e-06 4.77109e-06 5.83497e-07 4.98519e-07 1.57803e-07 2.44202e-08 2.02054e-08 2.03995e-08 4.87166e-09 6.95234e-09 1.94851e-09 1.05271e-09 8.95103e-10 4.14395e-10 2.02889e-10 1.54459e-10 8.66813e-11 4.03522e-12
threshold=1.0000000180025095e-35 1.6393952965736391 1.4263821244239809 1.0000000180025095e-35 0.58629176020622265 0.27150651812553411 0.73730605840682995 1.0000000180025095e-35 0.30415131151676184 1.0000000180025095e-35 -0.037387806922197335 0.090495467185974135 0.037868009880185134 0.30880722403526312 -0.96065890789031971 -0.11339803785085677 0.15312519669532779 1.2821297049522402 -0.20843914896249768 0.06312160007655622 -0.47059220075607294 -0.084492437541484819 -0.096663739532232271 0.48508518934249883 0.111798282712698 -0.028438048437237736 -0.9993777573108672 0.60091668367385875 0.68840071558952343 -0.37421008944511408
decision_type=2 2 2 2 2 2 2 2 2 2 2 2 2 2 2 2 2 2 2 2 2 2 2 2 2 2 2 2 2 2
left_child=2 3 4 5 6 -2 9 8 -7 -1 12 -10 13 14 -11 16 17 18 20 -20 21 24 23 25 27 26 -22 -16 29 -28
right_child=1 -3 -4 -5 -6 7 -8 -9 11 10 -12 -13 -14 -15 15 -17 -18 -19 19 -21 22 -23 -24 -25 -26 -27 28 -29 -30 -31
leaf_value=-0.053177628562955409 0.06272944904347405 -0.0031280524562347987 0.041930191087543117 0.011929312609360261 0.024335899863387175 0.055573298773038161 -0.064998526653165481 0.056302820177246721 0.052877258540052187 -0.050752933323754405 -0.051270366475851273 0.052537767687592399 -0.0509275489465476 -0.050853516959054261 -0.050683941563936491 -0.050758007353233263 -0.050723766459463387 -0.050702782045570674 -0.050705925488595399 -0.050687532509693572 -0.05068392656915998 -0.05069410855904101 -0.050680931745887892 -0.050688217904201152 -0.050688336430465802 -0.050683042328482635 -0.050685454200476369 -0.050685643691215754 -0.050684687231564288 -0.050685663728416375
leaf_weight=1.1338781490921945 1.9111342504620541 3.6960878632962695 0.87541109882295209 1.320138731971382 0.34418918192386705 1.2211690507829187 0.40000780858099538 1.5354631319642065 1.7117850705981257 0.46291195787489048 0.32461487688124435 1.0952340997755525 0.28711907844990481 0.54809481371194113 0.26623932924121618 0.29091372247785674 0.33589355181902636 0.27316555939614762 0.27445655222982202 0.3344528041779995 0.27954612579196392 0.39146261569112162 0.29149714577943475 0.26783961802721012 0.26787332538515329 0.26589691080153 0.32017891295253897 0.26688787061721087 0.33315024059265841 0.8140308065339954
leaf_count=22 15 33 10 30 7 18 7 16 34 32 14 24 18 34 20 20 24 20 20 25 21 29 22 20 20 20 24 20 25 61
internal_value=0 0.0341399 -0.0405383 0.0498019 -0.0487662 0.0564906 -0.0517508 0.0543476 0.0536023 -0.0510909 -0.0507478 0.0527448 -0.050722 -0.0507126 -0.0506991 -0.0506944 -0.0506907 -0.0506883 -0.0506874 -0.0506958 -0.050686 -0.0506886 -0.0506848 -0.0506853 -0.050686 -0.0506849 -0.0506852 -0.0506848 -0.0506854 -0.0506856
internal_weight=0 12.491 9.64971 8.79492 8.7743 7.47479 8.43011 5.56365 4.02819 8.0301 6.89623 2.80702 6.57161 6.28449 5.7364 5.27349 4.98257 4.64668 4.37351 0.608909 3.7646 1.19246 2.57214 2.28064 0.801001 2.0128 1.74691 0.533127 1.46736 1.13421
internal_count=705 170 535 137 525 107 518 92 76 511 489 58 475 457 423 391 371 347 327 45 282 89 193 171 60 151 131 40 110 85
is_linear=0
shrinkage=0.05


Tree=56
num_leaves=31
num_cat=0
split_feature=14 12 3 26 19 3 15 6 19 26 7 0 13 3 0 4 16 17 14 4 13 19 7 15 15 19 10 17 2 16
split_gain=11.3844 2.80223 2.48055 0.893025 0.736636 0.0344096 0.0253651 0.00274212 0.00235993 0.00197154 3.19531e-05 2.63316e-05 4.29985e-06 4.7681e-06 4.93214e-07 5.64824e-07 1.35713e-07 2.10182e-08 1.74047e-08 1.75235e-08 4.21272e-09 5.97177e-09 1.67432e-09 9.04005e-10 7.68946e-10 3.56085e-10 2.63689e-10 1.3275e-10 7.00699e-11 1.65623e-12
threshold=1.0000000180025095e-35 1.6393952965736391 1.4263821244239809 1.0000000180025095e-35 0.58629176020622265 0.27150651812553411 0.73730605840682995 1.0000000180025095e-35 0.30415131151676184 1.0000000180025095e-35 -0.033339237794280045 0.090495467185974135 0.037868009880185134 0.30880722403526312 -0.10483168438076972 -0.96065890789031971 0.15312519669532779 1.2821297049522402 -0.20843914896249768 0.06312160007655622 -0.47059220075607294 -0.084492437541484819 -0.096663739532232271 0.48508518934249883 0.111798282712698 -0.028438048437237736 0.34018568694591528 0.60091668367385875 -0.97531357407569874 -0.40878944098949427
decision_type=2 2 2 2 2 2 2 2 2 2 2 2 2 2 2 2 2 2 2 2 2 2 2 2 2 2 2 2 2 2
left_child=2 3 4 5 6 -2 9 8 -7 -1 12 -10 13 14 15 -11 17 18 20 -20 21 24 23 25 27 26 28 -17 -22 -30
right_child=1 -3 -4 -5 -6 7 -8 -9 11 10 -12 -13 -14 -15 -16 16 -18 -19 19 -21 22 -23 -24 -25 -26 -27 -28 -29 29 -31
leaf_value=-0.053014481713170115 0.062062695000039241 -0.0029689565604916349 0.040435562487462391 0.011360155063162998 0.023293625315096406 0.05529816633033649 -0.064186647472273498 0.055961551671436453 0.052729454201769992 -0.050715686376435379 -0.051240461177092057 0.05240796958609685 -0.050881776757343247 -0.05082047249141234 -0.050729630515406743 -0.050650140104239155 -0.050687974552863418 -0.050668038392294938 -0.05067102466459518 -0.050653551716117032 -0.050650830622645374 -0.050659798541002693 -0.050647361032402888 -0.050654202428979833 -0.050654315446717335 -0.050649285950087157 -0.050649895775028125 -0.050651757507600141 -0.050651644491922714 -0.050651784801884495
leaf_weight=1.0818136259913425 1.836961768567561 3.6993534974753848 0.86271114461124021 1.3170470446348179 0.34167664311826307 1.1672453805804255 0.38518979493528593 1.4692590683698652 1.6327492520213129 0.44065070990472754 0.27291045524180191 1.044333968311548 0.27335560880601395 0.5420795241370796 0.28022638242691744 0.25341942999511957 0.31973175238817919 0.26001680176705111 0.26124643534422221 0.3183493884280324 0.25368373841047009 0.37261659186333129 0.29011149704456629 0.2549436967819928 0.2549758106470108 0.25309328269213449 0.27865563239902269 0.2540371511131525 0.27939327433705041 0.85105871222913532
leaf_count=22 15 33 10 30 7 18 7 16 34 32 12 24 18 35 20 20 24 20 20 25 20 29 23 20 20 20 22 20 22 67
internal_value=0 0.0333345 -0.0402911 0.0491949 -0.0486085 0.0561636 -0.0516674 0.0541242 0.0534221 -0.0510367 -0.0507108 0.052604 -0.0506878 -0.050679 -0.050665 -0.0506615 -0.0506565 -0.0506542 -0.0506534 -0.0506614 -0.0506521 -0.0506546 -0.0506509 -0.0506514 -0.0506521 -0.050651 -0.0506513 -0.0506509 -0.0506516 -0.0506518
internal_weight=0 12.1669 9.23595 8.4676 8.37324 7.15055 8.03156 5.31359 3.84433 7.64637 6.56456 2.67708 6.29165 6.01829 5.47621 5.19598 4.75533 4.4356 4.17558 0.579596 3.59599 1.13505 2.46094 2.17083 0.762432 1.91588 1.66279 0.507457 1.38414 1.13045
internal_count=705 170 535 137 525 107 518 92 76 511 489 58 477 459 424 404 372 348 328 45 283 89 194 171 60 151 131 40 109 89
is_linear=0
shrinkage=0.05


Tree=57
num_leaves=31
num_cat=0
split_feature=14 12 3 26 19 3 15 6 19 26 7 0 13 3 4 0 16 17 14 4 13 19 7 15 15 19 2 17 20 16
split_gain=10.6705 2.692 2.35034 0.894431 0.709321 0.0296321 0.0218212 0.00232049 0.00204471 0.00169054 2.74399e-05 2.25253e-05 3.76234e-06 3.52144e-06 4.30795e-07 3.68008e-07 1.16482e-07 1.80186e-08 1.4909e-08 1.5053e-08 3.59488e-09 5.12869e-09 1.43689e-09 7.76546e-10 6.60393e-10 3.05806e-10 1.4973e-10 1.14036e-10 6.39988e-11 2.97251e-12
threshold=1.0000000180025095e-35 1.6393952965736391 1.4263821244239809 1.0000000180025095e-35 0.58629176020622265 0.27150651812553411 0.73730605840682995 1.0000000180025095e-35 0.30415131151676184 1.0000000180025095e-35 -0.037387806922197335 0.090495467185974135 0.037868009880185134 0.30880722403526312 -0.96065890789031971 -0.11339803785085677 0.15312519669532779 1.2821297049522402 -0.20843914896249768 0.06312160007655622 -0.47059220075607294 -0.084492437541484819 -0.096663739532232271 0.48508518934249883 0.111798282712698 -0.028438048437237736 -0.9993777573108672 0.60091668367385875 0.68840071558952343 -0.37421008944511408
decision_type=2 2 2 2 2 2 2 2 2 2 2 2 2 2 2 2 2 2 2 2 2 2 2 2 2 2 2 2 2 2
left_child=2 3 4 5 6 -2 9 8 -7 -1 12 -10 13 14 -11 16 17 18 20 -20 21 24 23 25 27 26 -22 -16 29 -28
right_child=1 -3 -4 -5 -6 7 -8 -9 11 10 -12 -13 -14 -15 15 -17 -18 -19 19 -21 22 -23 -24 -25 -26 -27 28 -29 -30 -31
leaf_value=-0.052860107674938261 0.061434862795884143 -0.0028180839168819691 0.038968274512514556 0.010815999538684645 0.022282153459958071 0.055036984789415579 -0.06342112782354091 0.055640529233434523 0.052589607595832602 -0.050680307193677956 -0.051146865882833875 0.052285104645903593 -0.050838287838908619 -0.050771069474465441 -0.050618031289654801 -0.050684883054823354 -0.050653976529998659 -0.05063503357417945 -0.050637870690616031 -0.050621271464895978 -0.050618017372958547 -0.050627205845095835 -0.050615315849793056 -0.05062188978205831 -0.050621997517866481 -0.050617219354371336 -0.050619396278298159 -0.050619567830955031 -0.050618703752277019 -0.050619585214115671
leaf_weight=1.0319822914898393 1.7647761851549137 3.7024549134075633 0.85074700228869904 1.3142173513770092 0.33938760869204987 1.1154540553689005 0.37071422208100546 1.405461825430393 1.5571448393166067 0.4194451542571177 0.29442090447992342 0.9956766478717326 0.26024072151631106 0.4967172062024473 0.24120907485485077 0.26359841413796026 0.30433723423629988 0.24749278184026469 0.24866389483213458 0.30301153939217329 0.25326469819992747 0.35466629266738825 0.26409080531448204 0.24266084004193533 0.24269142840057611 0.2408984499052168 0.29007842764258318 0.24179740715771914 0.30182970035821188 0.73750302661210343
leaf_count=22 15 33 10 30 7 18 7 16 34 32 14 24 18 34 20 20 24 20 20 25 21 29 22 20 20 20 24 20 25 61
internal_value=0 0.0325377 -0.0400387 0.048594 -0.0484504 0.0558541 -0.0515878 0.053913 0.0532512 -0.0509853 -0.0506757 0.0524708 -0.0506524 -0.0506439 -0.0506317 -0.0506275 -0.0506241 -0.0506219 -0.0506211 -0.0506288 -0.0506199 -0.0506223 -0.0506188 -0.0506192 -0.0506199 -0.0506189 -0.0506191 -0.0506188 -0.0506193 -0.0506195
internal_weight=0 11.8552 8.84145 8.15273 7.9907 6.83851 7.65131 5.07374 3.66828 7.2806 6.24862 2.55282 5.9542 5.69396 5.19724 4.77779 4.5142 4.20986 3.96237 0.551675 3.41069 1.08036 2.33033 2.06624 0.725698 1.82357 1.58268 0.483006 1.32941 1.02758
internal_count=705 170 535 137 525 107 518 92 76 511 489 58 475 457 423 391 371 347 327 45 282 89 193 171 60 151 131 40 110 85
is_linear=0
shrinkage=0.05


Tree=58
num_leaves=31
num_cat=0
split_feature=14 6 3 26 19 3 15 14 26 14 14 7 9 3 10 4 9 3 16 14 3 17 14 7 18 9 16 19 16 15
split_gain=9.99962 2.65437 2.22794 1.00778 0.683703 0.0340776 0.01877 0.00177076 0.00144987 0.000237903 0.000112673 2.35678e-05 1.46702e-05 3.08079e-06 1.69308e-06 3.10956e-07 2.23419e-07 1.45771e-07 9.83045e-08 3.01503e-08 1.54996e-08 5.83572e-09 2.46787e-09 2.11804e-09 1.61376e-09 3.74156e-10 3.61375e-10 2.41024e-10 1.30154e-10 4.31867e-11
threshold=1.0000000180025095e-35 1.0000000180025095e-35 1.4263821244239809 1.0000000180025095e-35 0.58629176020622265 0.17977768182754519 0.73730605840682995 0.31311821937561041 1.0000000180025095e-35 2.519277930259705 0.87372267246246349 -0.033339237794280045 -0.079830035567283616 0.30880722403526312 0.14563202112913134 -0.96065890789031971 -0.054541146382689469 -1.0655999779701231 0.17905972152948382 -0.18612653017044065 0.15256693959236148 1.2224754095077517 -0.25306437909603113 -0.096663739532232271 0.10751835629343988 -0.094665747135877595 -0.3396307229995727 -0.11812507361173628 -0.24453746527433393 -0.16867133975028989
decision_type=2 2 2 2 2 2 2 2 2 2 2 2 2 2 2 2 2 2 2 2 2 2 2 2 2 2 2 2 2 2
left_child=2 3 4 5 6 -2 8 -7 -1 10 -9 13 -12 14 -10 -16 17 -17 19 20 21 22 23 24 25 27 -27 29 -29 -19
right_child=1 -3 -4 -5 -6 7 -8 9 11 -11 12 -13 -14 -15 15 16 -18 18 -20 -21 -22 -23 -24 -25 -26 26 -28 28 -30 -31
leaf_value=-0.052713996080528597 0.061220296183834261 -0.0047167950397225787 0.037529162026102611 0.0090492495837483349 0.021302228458709896 0.055084359439096967 -0.062699228285674147 0.052988972166918183 -0.050726691524388093 0.053470977574636869 0.052461679425858047 -0.051119943298288478 0.052167598193182466 -0.050741262984745461 -0.050644289915706311 -0.050634440145320272 -0.050645464782151678 -0.050588300985099699 -0.050625302732334954 -0.05060690054511701 -0.050600206006173078 -0.050597238048250483 -0.050594121216899192 -0.05058413893099846 -0.050592942210207638 -0.050591212095805374 -0.050588846665545577 -0.050586503108019522 -0.050588166827075058 -0.05058901948632314
leaf_weight=0.98430406861007202 1.9282108545303334 3.4852119050920001 0.83949495665729035 1.4071685206145037 0.33730474859476078 1.1081684045493601 0.35659132711589325 0.95975713431835252 0.29465611092746158 0.96965618431568135 0.82844349369406589 0.24751474801451223 0.86881641298532575 0.49123763665556897 0.42281333450227876 0.24174453318118949 0.24903712421655821 0.35630960017442792 0.24264637567102898 0.33000846393406513 0.40940256044268597 0.24484574515372504 0.23205837700516019 0.22818991355597962 0.25473573803901661 0.24250138644129038 0.48318256717175256 0.2406389806419611 0.22982614859938622 0.50633771903812885
leaf_count=22 16 29 10 30 7 17 7 19 23 18 19 12 22 35 34 20 20 31 20 28 35 21 20 20 22 21 42 21 20 44
internal_value=0 0.031749 -0.0397806 0.0474972 -0.0482913 0.055617 -0.051512 0.0533351 -0.0509365 0.0528006 0.052556 -0.0506423 0.0523111 -0.0506216 -0.0506103 -0.0506033 -0.0505994 -0.0505967 -0.0505945 -0.0505925 -0.0505911 -0.0505898 -0.0505892 -0.0505887 -0.0505892 -0.0505887 -0.0505896 -0.0505882 -0.0505873 -0.0505887
internal_weight=0 11.5554 8.46538 8.07022 7.62589 6.66305 7.28858 4.73484 6.93199 3.62667 2.65702 5.94769 1.69726 5.70017 5.20893 4.91428 4.49147 4.24243 4.00068 3.75804 3.42803 3.01863 2.77378 2.54172 2.31353 2.0588 0.725684 1.33311 0.470465 0.862647
internal_count=705 170 535 141 525 111 518 95 511 78 60 489 41 477 442 419 385 365 345 325 297 262 241 221 201 179 63 116 41 75
is_linear=0
shrinkage=0.05


Tree=59
num_leaves=31
num_cat=0
split_feature=14 12 3 26 19 3 12 6 26 19 7 0 13 3 0 7 16 3 13 15 14 5 14 13 18 19 19 0 13 3
split_gain=9.37028 2.60999 2.11288 0.897711 0.659665 0.0224323 0.0167192 0.0022648 0.00183133 0.00153832 1.67675e-05 1.65754e-05 2.79693e-06 2.76357e-06 2.17597e-07 1.32233e-07 3.70259e-08 3.05973e-08 1.62969e-08 9.9243e-09 7.88624e-09 7.15713e-09 4.42246e-09 1.68152e-09 1.81109e-09 4.29988e-10 1.7582e-10 7.23088e-11 9.20941e-12 2.41129e-12
threshold=1.0000000180025095e-35 1.6393952965736391 1.4263821244239809 1.0000000180025095e-35 0.58629176020622265 0.27150651812553411 1.2810660600662234 1.0000000180025095e-35 1.0000000180025095e-35 0.30415131151676184 -0.037387806922197335 0.090495467185974135 0.037868009880185134 0.30880722403526312 -0.10483168438076972 -0.10371747240424155 0.15312519669532779 -0.3961352258920669 -0.30407889187335962 0.54561814665794384 -0.60448807477951039 -0.48677569627761835 -0.20843914896249768 -0.46464531123638148 -0.14198316633701322 -0.40960791707038874 -0.024701089598238465 -0.16901943087577817 -0.21487535536289212 0.03036829270422459
decision_type=2 2 2 2 2 2 2 2 2 2 2 2 2 2 2 2 2 2 2 2 2 2 2 2 2 2 2 2 2 2
left_child=2 3 4 5 6 -2 8 9 -1 -7 12 -11 13 14 15 -10 17 18 -17 20 -19 -22 23 24 25 -23 27 28 29 -25
right_child=1 -3 -4 -5 -6 7 -8 -9 10 11 -12 -13 -14 -15 -16 16 -18 19 -20 -21 21 22 -24 26 -26 -27 -28 -29 -30 -31
leaf_value=-0.052895081256981072 0.060439805436406119 -0.0039001162306740891 0.036119171656894614 0.0099214170291147298 0.020354364764225703 0.054555078945120086 -0.064019126191089334 0.055363342051529374 -0.050594372750190811 0.052331329043305924 -0.051026651736992161 0.052057276271012622 -0.0507578014484667 -0.050698127315469965 -0.050616927326273015 -0.050567865087624869 -0.050583711215733344 -0.050571411529349554 -0.050584638942823536 -0.050551483641386931 -0.050570441486864751 -0.05056232020434636 -0.050566922364305295 -0.050559977543584024 -0.05056608536461267 -0.050559376298452099 -0.050558070779102973 -0.050558979641530923 -0.050559547155687348 -0.050559778811238715
leaf_weight=1.034623436629772 1.6326656267046926 3.6340488083660603 0.82892880588769902 1.3105017021298389 0.33541169948875893 1.0191165059804919 0.25445498339831818 1.3491617217659948 0.4252580301836123 1.415389981120825 0.22849944606423633 0.90422519296407688 0.2358755487948655 0.46451294422149647 0.23778303805738676 0.39945846144109964 0.24993604142218817 0.23439485207199995 0.22714346181601186 0.21493730321526516 0.22293243370950255 0.21993088815361261 0.28811715077609079 0.50383054278790995 0.22130456473678428 0.28447266295552254 0.21831988357007426 0.33894095476716757 0.21889154426753521 0.21898072585463524
leaf_count=23 15 33 10 30 7 18 5 16 37 34 12 24 18 35 20 36 22 21 20 20 20 20 26 46 20 26 20 31 20 20
internal_value=0 0.0309753 -0.0395164 0.0475835 -0.048131 0.0553924 -0.0514396 0.0536345 -0.050961 0.0529359 -0.0506071 0.0522245 -0.0505894 -0.0505818 -0.0505703 -0.0505678 -0.0505651 -0.0505638 -0.0505739 -0.0505619 -0.0505626 -0.0505619 -0.0505611 -0.0505603 -0.0505623 -0.0505607 -0.0505594 -0.0505596 -0.0505598 -0.0505599
internal_weight=0 11.2651 8.10694 7.63106 7.27801 6.32056 6.9426 4.68789 6.68814 3.33873 5.65352 2.31962 5.42502 5.18915 4.72463 4.48685 4.06159 3.81166 0.626602 3.18505 2.97012 2.73572 2.51279 2.22467 0.725708 0.504404 1.49896 1.28064 0.941703 0.722811
internal_count=705 170 535 137 525 107 518 92 513 76 490 58 478 460 425 405 368 346 56 290 270 249 229 203 66 46 137 117 86 66
is_linear=0
shrinkage=0.05


Tree=60
num_leaves=31
num_cat=0
split_feature=14 13 4 3 13 7 12 11 11 11 16 14 14 26 20 14 8 14 3 4 5 16 18 7 7 17 14 15 19 20
split_gain=6.90407 3.76286 2.54751 1.60096 1.59466 1.20175 0.927794 0.852243 0.674915 0.635832 0.00887647 0.0085657 0.00238957 0.00135565 0.000484719 0.000104508 2.64734e-05 1.59643e-05 1.36783e-06 2.49219e-07 2.79e-07 5.828e-08 1.25131e-08 1.49147e-08 1.17918e-08 3.62853e-09 3.711e-09 9.163e-10 4.48245e-10 1.15768e-10
threshold=0.74542510509490978 -0.095937307924032197 -0.96065890789031971 1.65289843082428 1.0815494656562807 -0.064404055476188646 1.4842424392700198 0.36182458698749548 2.6519032716751103 0.51953673362731945 0.032097429968416698 2.7758729457855229 0.087202988564968123 1.0000000180025095e-35 1.0139375329017641 -0.024360082112252709 0.23615507036447528 -0.25306437909603113 0.25802253186702734 -0.96065890789031971 1.5452732443809511 0.15312519669532779 -1.0000000180025095e-35 -0.10348754376173018 -0.094075798988342271 1.1589725613594057 -0.20843914896249768 0.39630344510078436 -0.0060162937734276048 0.7090805470943452
decision_type=2 2 2 2 2 2 2 2 2 2 2 2 2 2 2 2 2 2 2 2 2 2 2 2 2 2 2 2 2 2
left_child=1 3 6 7 5 9 -3 12 11 10 17 14 13 -1 -2 16 18 -4 19 -15 21 22 24 -24 25 26 27 28 29 -21
right_child=8 2 4 -5 -6 -7 -8 -9 -10 -11 -12 -13 -14 15 -16 -17 -18 -19 -20 20 -22 -23 23 -25 -26 -27 -28 -29 -30 -31
leaf_value=-0.052856137988710243 0.053730815362076217 0.060706663495188218 -0.050614697389176233 0.057600661034848483 0.01930323826813321 0.003774662768121185 0.0074081602347504842 -0.14301503672616067 0.010032850101572323 -0.12206461473369833 -0.060643422489020972 0.058421056885931993 -0.055873391764921489 -0.050584527037397055 0.052467614356314321 -0.051666300960245243 -0.05098975822711125 -0.051080004950448614 -0.050637965411700306 -0.050532038593648333 -0.050592706373858348 -0.050560130099233318 -0.050533563382510131 -0.050551359259393129 -0.0505227924370001 -0.050538968272688327 -0.050538415564293351 -0.050534640519347446 -0.050529795189288254 -0.050533286552689488
leaf_weight=0.79045810550451356 1.4346859343349927 1.6918168067932131 0.44236176926642679 0.33272133022546757 1.2396273650228975 0.69234933424741152 1.5781728290021417 0.26301543787121762 1.0900267772376535 0.49668958596885193 0.32893893122673035 0.98717115074396122 0.25461897626519192 0.32809016481041897 1.6135092377662656 0.23372636828571547 0.37233760021626938 0.3160264827311039 0.4143423307687043 1.2188854701817056 0.22844411991536606 0.22908522747457016 0.26115179993212223 0.2143969573080543 0.26548573095351446 0.30586502887308586 0.29506322834640775 0.37679098360240448 0.21786747407168139 0.2192645864561199
leaf_count=18 25 22 39 3 12 11 18 5 16 3 5 13 4 29 38 12 22 19 34 117 20 21 25 20 26 29 28 36 21 21
internal_value=0 -0.023145 0.00321682 -0.0493692 -0.0263273 -0.0511761 0.0349836 -0.0548541 0.0449432 -0.0751942 -0.0537838 0.0543731 -0.0511297 -0.0509274 0.0530622 -0.0506331 -0.0505843 -0.0508086 -0.0505513 -0.0505427 -0.0505391 -0.0505357 -0.0505341 -0.0505416 -0.0505328 -0.0505338 -0.0505332 -0.0505324 -0.0505319 -0.0505322
internal_weight=0 13.6076 6.78598 6.82161 3.51599 2.27637 3.26999 6.48889 5.12539 1.58402 1.08733 4.03537 6.22587 5.97126 3.0482 5.1808 4.94707 0.758388 4.57473 4.16039 3.8323 3.60386 3.37477 0.475549 2.89922 2.63374 2.32787 2.03281 1.65602 1.43815
internal_count=712 620 129 491 89 77 40 488 92 66 63 76 483 479 63 461 449 58 427 393 364 344 323 45 278 252 223 195 159 138
is_linear=0
shrinkage=0.05


Tree=61
num_leaves=31
num_cat=0
split_feature=14 13 4 3 13 7 12 11 13 2 14 16 14 26 11 14 10 8 14 3 16 4 5 16 7 7 17 14 20 15
split_gain=6.46562 3.6018 2.33709 1.51382 1.47113 1.13528 0.879749 0.725719 0.672165 0.547658 0.00959809 0.00757333 0.00204759 0.00116466 0.000395243 9.01785e-05 2.66195e-05 2.20861e-05 1.31997e-05 1.17567e-06 4.78796e-07 2.142e-07 2.39825e-07 5.00875e-08 9.09154e-09 1.65797e-08 4.17166e-09 2.89779e-09 8.84381e-10 3.57715e-10
threshold=0.74542510509490978 -0.095937307924032197 -0.96065890789031971 1.65289843082428 1.0815494656562807 -0.064404055476188646 1.4842424392700198 0.4047811776399613 -0.32786650955677027 2.027431964874268 2.8818579912185673 0.15312519669532779 0.087202988564968123 1.0000000180025095e-35 0.33175492286682134 -0.024360082112252709 -1.8499736189842222 0.23615507036447528 -0.25306437909603113 0.25802253186702734 -0.30505137145519251 -0.96065890789031971 1.5452732443809511 0.15312519669532779 -0.094075798988342271 -0.10093542933464049 1.2224754095077517 -0.20843914896249768 0.75146761536598217 -0.039534244686365121
decision_type=2 2 2 2 2 2 2 2 2 2 2 2 2 2 2 2 2 2 2 2 2 2 2 2 2 2 2 2 2 2
left_child=1 3 6 7 5 9 -3 12 -2 11 14 18 13 -1 -10 17 -16 19 20 21 -4 -15 23 24 25 26 27 28 29 -23
right_child=8 2 4 -5 -6 -7 -8 -9 10 -11 -12 -13 -14 15 16 -17 -18 -19 -20 -21 -22 22 -24 -25 -26 -27 -28 -29 -30 -31
leaf_value=-0.052711675616459008 0.0093911109867743404 0.059344405957535873 -0.050530079604985789 0.056246513477768961 0.018429684823728764 0.0035878486548406026 0.0070566281355355712 -0.13687504184842744 0.053540930589337954 -0.11802734938028654 0.058547258086814227 -0.059951878002604334 -0.055562981730726713 -0.050555701636709152 0.052496318538330311 -0.051585158375930897 0.052127253619541208 -0.05092911298948663 -0.051010042663712743 -0.050606483273680905 -0.05063549766323279 -0.050505466415357594 -0.050563477106790572 -0.050532516576909242 -0.050499651346502708 -0.050521706752334444 -0.050514103544322009 -0.050511921802554954 -0.050509519171062847 -0.050506826403848695
leaf_weight=0.7539156489074238 1.0731469579041002 1.6453127656131985 0.21650208905339263 0.3239206876605748 1.2336228825151918 0.69198844209313515 1.5740592703223226 0.25711087975651015 0.97603043541312207 0.47695802152156819 0.9308071769773959 0.32128114625811577 0.24351990595459927 0.31226247269660268 0.96220296993851684 0.22266828920692194 0.99258223176002458 0.36491983104497183 0.31078253965824842 0.39437362365424622 0.21435328852385283 1.1691304240375782 0.21742522064596403 0.21802868228405703 0.31268644798547018 0.22353603597730387 0.22151837497949589 0.26078131888061751 0.19966594502329815 0.82449369132518802
leaf_count=18 15 22 21 3 12 11 18 4 18 2 11 4 4 29 22 12 26 23 20 34 19 118 20 21 32 22 22 26 20 83
internal_value=0 -0.0226833 0.00310603 -0.0491249 -0.0253887 -0.0496085 0.0337792 -0.0546336 0.0443961 -0.0735138 0.054124 -0.0535395 -0.0510731 -0.0508812 0.0527192 -0.0506019 0.0523089 -0.0505555 -0.0507617 -0.0505242 -0.0505825 -0.050516 -0.0505126 -0.0505093 -0.0505078 -0.0505086 -0.0505075 -0.0505069 -0.0505063 -0.050506
internal_weight=0 13.2048 6.68486 6.51996 3.46549 2.23187 3.21937 6.19604 4.93477 1.53988 3.86162 1.06292 5.93893 5.69541 2.93082 4.94149 1.95479 4.71882 0.741638 4.3539 0.430855 3.95953 3.64727 3.42984 3.21181 2.89913 2.67559 2.45407 2.19329 1.99362
internal_count=712 620 129 491 89 77 40 488 92 66 77 64 484 480 66 462 48 450 60 427 40 393 364 344 323 291 269 247 221 201
is_linear=0
shrinkage=0.05


Tree=62
num_leaves=31
num_cat=0
split_feature=3 13 1 14 11 11 11 9 0 14 18 13 4 14 14 14 20 20 13 14 14 12 0 4 16 5 18 7 14 13
split_gain=6.1217 2.92643 3.33402 2.10366 1.78801 1.28166 1.12415 0.837162 0.593059 0.136896 0.058305 0.0260885 0.0197377 0.00370707 0.00181347 0.000665072 0.000106278 2.48176e-05 1.00374e-05 3.25926e-06 2.70352e-06 7.9571e-07 5.5068e-07 1.67814e-07 8.58287e-08 2.08984e-08 1.01854e-08 1.19451e-08 2.03965e-09 1.12536e-09
threshold=0.29989196360111242 -0.13756562769412992 -0.81352543830871571 -0.26422068476676935 1.0307204723358157 2.7562265396118169 1.9508512616157534 -0.07541503012180327 -0.14384657889604566 0.55297881364822399 -0.26673392951488489 0.3530538678169251 -0.38478237390518183 0.31311821937561041 0.087202988564968123 -0.99495881795883168 0.8677377998828889 0.84630149602890026 0.06462907046079637 -0.21401730179786679 -0.077352542430162416 -0.0303450608626008 -0.10685373097658156 -0.96065890789031971 0.15312519669532779 1.411957919597626 -1.0000000180025095e-35 -0.094075798988342271 -0.20843914896249768 -0.59547716379165638
decision_type=2 2 2 2 2 2 2 2 2 2 2 2 2 2 2 2 2 2 2 2 2 2 2 2 2 2 2 2 2 2
left_child=1 5 -3 10 7 6 14 9 -5 11 -2 18 13 -10 15 -1 -15 20 19 21 22 -4 23 -17 25 26 27 28 29 -25
right_child=3 2 4 8 -6 -7 -8 -9 12 -11 -12 -13 -14 16 -16 17 -18 -19 -20 -21 -22 -23 -24 24 -26 -27 -28 -29 -30 -31
leaf_value=-0.052455362957751772 -0.052299784279454656 0.062175177185725419 -0.05048743116741744 0.013977252395623242 0.03838889926869668 -0.1290812246548329 0.05558633829482932 -0.0072471817111809892 0.056221850463673374 -0.086305291245507537 -0.025039889467028564 -0.064671180277056775 0.046450784171263387 0.053016095865017043 -0.055270120867402711 -0.050526017915975045 0.052298950497544343 -0.051093438932610015 -0.050982547121789193 -0.050794184292533011 -0.050683028193643093 -0.050621837702522376 -0.050573019279932019 -0.05048544683113592 -0.050516020224986836 -0.05049950377088204 -0.050490606103572713 -0.050469791595334802 -0.050487061558809831 -0.050481569140152366
leaf_weight=0.50543840415775765 0.50408591981977224 1.4958140403032301 0.21922416891902685 1.3184788748621938 0.84189450740814198 0.50383502990007389 0.26108462363481511 1.0115597648546111 1.1782379951328037 0.48526220023632038 0.32110512256622303 0.52056223154067993 1.1801635045558208 1.4188744351267817 0.23283965326845635 0.28531768452376249 0.81242978200316418 0.1872117007151245 0.29823272209614515 0.21034292969852708 0.19970079232007298 0.22125260718166828 0.20832594949752126 0.20940055232495347 0.22099265083670605 0.19538515340536822 0.34513272810727258 0.20224919635802496 0.21970268245786417 1.7573271468281746
leaf_count=12 31 14 23 21 6 3 3 14 19 2 14 3 31 29 4 28 21 11 20 16 17 20 19 22 22 20 36 22 23 186
internal_value=0 -0.0276152 -0.00107694 0.0330888 -0.0259207 -0.0530514 -0.045436 -0.0441722 0.0435334 -0.0632793 -0.0416922 -0.0556762 0.052024 0.053953 -0.0509666 -0.0507457 0.052755 -0.0505313 -0.0507423 -0.0506323 -0.0505039 -0.0505549 -0.0504941 -0.0504893 -0.050486 -0.0504837 -0.0504826 -0.0504814 -0.0504825 -0.050482
internal_weight=0 10.8381 5.30415 6.73338 3.80833 5.53394 5.03011 2.96644 5.90818 1.95488 0.825191 1.46961 4.58971 3.40954 4.76902 4.53618 2.2313 4.03075 0.949052 0.65082 3.84353 0.440477 3.64383 3.43551 3.15019 2.9292 2.73381 2.38868 2.18643 1.96673
internal_count=712 546 118 166 104 428 425 98 121 84 45 82 100 69 422 418 50 406 79 59 395 43 378 359 331 309 289 253 231 208
is_linear=0
shrinkage=0.05


Tree=63
num_leaves=31
num_cat=0
split_feature=14 13 6 26 3 3 11 11 3 12 7 14 26 20 14 9 8 1 3 5 4 16 18 7 7 14 20 19 16 12
split_gain=5.73633 3.28482 4.83399 2.77058 1.3633 0.746836 0.655864 0.53019 0.0444918 0.00804257 0.00544377 0.00149852 0.000877307 0.000341633 8.12756e-05 2.57044e-05 1.76934e-05 4.16942e-06 1.13912e-06 1.54136e-07 1.64768e-07 3.6807e-08 8.92635e-09 1.07537e-08 7.49302e-09 1.74965e-09 9.5843e-10 5.26814e-10 5.65898e-10 7.83465e-10
threshold=0.74542510509490978 -0.095937307924032197 1.0000000180025095e-35 1.0000000180025095e-35 1.65289843082428 0.20575022697448733 2.6519032716751103 4.0644396543502816 0.33739949762821203 1.1591602563858034 -0.10250829905271529 0.087202988564968123 1.0000000180025095e-35 0.6899399757385255 -0.024360082112252709 -0.060903947800397866 0.20531125366687777 1.0000000180025095e-35 0.25802253186702734 1.5452732443809511 -0.96065890789031971 0.15312519669532779 -1.0000000180025095e-35 -0.10348754376173018 -0.094075798988342271 -0.20843914896249768 0.74115082621574413 -1.0000000180025095e-35 -0.26182715594768519 -0.22982731461524961
decision_type=2 2 2 2 2 2 2 2 2 2 2 2 2 2 2 2 2 2 2 2 2 2 2 2 2 2 2 2 2 2
left_child=1 4 3 8 7 9 10 11 -3 17 -2 12 -1 -12 16 -15 18 -5 19 20 -14 22 24 -24 25 26 27 28 -22 -30
right_child=6 2 -4 5 -6 -7 -8 -9 -10 -11 13 -13 14 15 -16 -17 -18 -19 -20 -21 21 -23 23 -25 -26 -27 -28 -29 29 -31
leaf_value=-0.052468184902626017 0.056863837503414873 0.065732568964131308 -0.057867767337500015 -0.05052507798350863 0.054400964490921015 0.030672922828589161 0.0088476535493757207 -0.12712612332159368 0.053560351727005441 -0.060760493539893649 0.053310862291704279 -0.054993704244761604 -0.05049979899834961 0.052297590301212664 -0.051522833302323691 0.051900119791608738 -0.05084608134008102 -0.050795192645206336 -0.050558234378949012 -0.050509318029540097 -0.050457374884267027 -0.05048133997954854 -0.050458525707301465 -0.050474792381299441 -0.050449286952684219 -0.050462687900002814 -0.050461755134189282 -0.050455435481329136 -0.050461696049113963 -0.050458184068534334
leaf_weight=0.68762571364641267 1.0143456514924767 1.5504460260272028 2.1684844018891454 0.27801259793341226 0.30461149290204037 0.36932226736098528 1.0547160953283308 0.23861728608608235 1.4554571397602556 0.30106706079095602 0.89607121236622278 0.22256900928914536 0.29096873104572418 0.79873266443610202 0.20545940659940232 0.82886051759123769 0.34939505904912938 0.29387961234897375 0.37190790567547072 0.19694306608289469 0.8892437163740422 0.19747303519397963 0.22509241290390491 0.18519493564963241 0.22882252745330323 0.25432453863322724 0.18128216732293356 0.18784134928137097 0.22658271621912718 0.53085271082818497
leaf_count=18 15 12 23 28 3 9 16 1 29 5 17 4 30 20 12 24 24 23 35 20 99 21 25 20 26 28 20 21 25 59
internal_value=0 -0.0219666 0.00287457 0.0338805 -0.0486448 -0.0289299 0.0434538 -0.0541806 0.0598388 -0.054146 0.0537702 -0.050976 -0.0508043 0.0525268 -0.0505512 0.0520952 -0.050505 -0.0506639 -0.0504749 -0.0504663 -0.0504638 -0.0504605 -0.050459 -0.0504659 -0.0504579 -0.0504588 -0.0504583 -0.0504579 -0.0504582 -0.0504592
internal_weight=0 12.3915 6.41667 4.24818 5.97481 1.24228 4.59273 5.6702 3.0059 0.872959 3.53801 5.43158 5.20901 2.52366 4.52138 1.62759 4.31592 0.571892 3.96653 3.59462 3.39768 3.10671 2.90924 0.410287 2.49895 2.27013 2.0158 1.83452 1.64668 0.757435
internal_count=712 620 129 106 491 65 92 488 41 56 76 487 483 61 465 44 453 51 429 394 374 344 323 45 278 252 224 204 183 84
is_linear=0
shrinkage=0.05


Tree=64
num_leaves=31
num_cat=0
split_feature=3 13 1 14 11 20 14 9 0 9 14 8 4 13 8 14 8 20 19 14 14 0 4 5 10 14 14 10 4 11
split_gain=5.40306 2.67446 2.92336 1.87608 1.53176 0.885541 1.5698 0.823026 0.589236 0.414827 0.0969926 0.0657104 0.0199727 0.0187746 0.0028601 0.00145946 0.000514868 0.000226412 7.92758e-06 3.66638e-06 1.73898e-06 4.10937e-07 1.24148e-07 2.54185e-08 8.7851e-09 8.57525e-09 4.75718e-09 3.99482e-09 2.8778e-09 2.03122e-09
threshold=0.29989196360111242 -0.13756562769412992 -0.81352543830871571 -0.26422068476676935 1.0307204723358157 0.88831177353858959 1.1582085490226748 -0.07541503012180327 -0.14384657889604566 -0.10255432128906249 0.55297881364822399 0.085988495498895659 -0.38478237390518183 0.3530538678169251 0.38440798223018652 0.13182821497321132 -0.23134249448776242 0.46009343862533575 -0.16296858340501783 -0.046672698110342019 -0.26422068476676935 -0.097276192158460603 -0.96065890789031971 1.436197102069855 0.40885168313980108 -0.59890991449356068 -0.27537699043750757 0.3268339484930039 0.38305301964282995 0.010439409408718349
decision_type=2 2 2 2 2 2 2 2 2 2 2 2 2 2 2 2 2 2 2 2 2 2 2 2 2 2 2 2 2 2
left_child=1 5 -3 11 7 6 9 10 -5 -1 13 -2 14 18 17 16 -11 -10 20 21 -4 22 -18 24 25 -24 27 29 -28 -27
right_child=3 2 4 8 -6 -7 -8 -9 12 15 -12 -13 -14 -15 -16 -17 19 -19 -20 -21 -22 -23 23 -25 -26 26 28 -29 -30 -31
leaf_value=-0.11791900058804833 -0.052653157850139888 0.060901669217363598 -0.050472088330035095 0.012673435393149727 0.03626536719442016 -0.12697076192159865 0.055662373779300778 -0.0052681115484170303 0.053349329502073384 -0.052323360926942758 -0.081459231423610889 -0.022609678635014077 0.045736065039650331 -0.06297160352722668 0.056100723443148419 -0.055095791902980008 -0.050475484471878308 0.052313168116740444 -0.050853001858877506 -0.050682071730255518 -0.050662645543689967 -0.050518193613268869 -0.050447010883884535 -0.050457573746345186 -0.050448186447258229 -0.050435516755772417 -0.050445064697020758 -0.050428010645587697 -0.050436904237850494 -0.050441226900113739
leaf_weight=0.24422702193260182 0.46794728841632593 1.3860013522207735 0.31799129396677028 1.266193628311157 0.80523566156625737 0.3682906487956642 0.34847260639071453 0.98903663083911064 0.82445165701210532 0.41322159580886442 0.4717535376548766 0.29784182086586952 1.0877163838595145 0.48525571823120117 0.83839393220841874 0.19396412558853615 0.25841813627630639 1.462321890518069 0.34938468411564838 0.17376358062028874 0.19202106073498726 0.18883323622867454 0.20981962746009486 0.17907555960118759 0.20115440804511298 1.5492399772629171 0.22709144558757133 0.1678774352185427 0.2060753433033824 0.17314652167260636
leaf_count=1 30 14 35 21 6 10 4 14 16 10 2 15 31 3 15 3 28 38 27 15 17 19 24 20 23 181 26 20 24 20
internal_value=0 -0.026828 -0.000826477 0.0323368 -0.0245216 -0.0522895 -0.04648 -0.041969 0.0425824 -0.0545955 -0.0619527 -0.0409682 0.0515716 -0.0551091 0.0536026 -0.0508614 -0.0506534 0.0526867 -0.0506695 -0.0504581 -0.0505438 -0.0504465 -0.0504423 -0.0504393 -0.0504381 -0.0504373 -0.0504365 -0.0504354 -0.0504412 -0.0504361
internal_weight=0 10.0994 4.99668 6.24487 3.61068 5.10267 4.73438 2.80544 5.47908 4.38591 1.81641 0.765789 4.21288 1.34465 3.12517 4.14168 3.94772 2.28677 0.859397 3.5345 0.510012 3.36073 3.1719 2.91348 2.7344 2.53325 2.32343 1.89026 0.433167 1.72239
internal_count=712 546 118 166 104 428 418 98 121 414 84 45 100 82 69 413 410 54 79 400 52 385 366 338 318 295 271 221 50 201
is_linear=0
shrinkage=0.05


Tree=65
num_leaves=31
num_cat=0
split_feature=4 2 13 13 7 2 20 5 11 11 2 2 2 12 3 0 1 13 3 9 13 18 3 16 5 4 10 5 19 12
split_gain=5.45793 3.62726 3.30053 2.17236 1.08374 0.577703 0.533394 0.302692 0.151178 0.107444 0.094076 0.0658931 0.0205538 0.00879027 0.00167503 0.00161144 0.000202249 8.55858e-05 7.16035e-05 8.29817e-06 3.76686e-06 1.41276e-06 1.27713e-06 4.62513e-07 5.87958e-07 5.05352e-08 6.80931e-08 1.20633e-08 6.93545e-09 2.31722e-09
threshold=-0.76870006322860707 0.050868861377239234 1.0815494656562807 -0.13756562769412992 0.6630949378013612 2.1803799867630009 0.88831177353858959 -0.37365964055061335 -0.78241705894470204 -0.010425233747810124 2.027431964874268 1.9761142134666445 0.2983414232730866 2.2840185165405278 0.57895466685295116 0.362011268734932 -0.31940054893493647 0.15085916221141818 0.93471217155456554 -0.009222419932484625 -0.10188420861959456 -0.24000161886215207 0.28066459298133856 -0.4347239732742309 -0.18782614916563031 1.0869021415710451 0.22192757576704028 0.11112341284751893 -0.34607960283756251 -0.66942706704139698
decision_type=2 2 2 2 2 2 2 2 2 2 2 2 2 2 2 2 2 2 2 2 2 2 2 2 2 2 2 2 2 2
left_child=1 3 4 6 5 8 9 12 -2 16 11 13 -3 15 -14 17 -1 18 19 20 22 -22 23 24 -10 27 -27 29 -29 -25
right_child=2 7 -4 -5 -6 -7 -8 -9 10 -11 -12 -13 14 -15 -16 -17 -18 -19 -20 -21 21 -23 -24 25 -26 26 -28 28 -30 -31
leaf_value=-0.052148112080451697 -0.0011075869475550603 0.061529427932455284 0.032219489588419213 0.030009727143268057 0.053707639821531407 -0.12994319591332312 -0.10840270534648062 0.031142765626238453 -0.050541355727684013 -0.010351230752018246 -0.082209877519804672 -0.02278979498265048 0.05506581336440132 -0.060943664574371718 0.052775020217120307 -0.055180349620111584 -0.05048733228837983 -0.051592785147591705 -0.051499905364865754 -0.050806769128839351 -0.050503763085521493 -0.050675852740118821 -0.050552033112697341 -0.050419479259410517 -0.050413953929095791 -0.050418300532543536 -0.050453406062852729 -0.050417740951186951 -0.05042995855939858 -0.050414013057741826
leaf_weight=0.38559364527463913 0.15307632740586807 1.2024404630064962 1.6177298724651334 1.0998415797948817 0.24619824066758145 0.23672516644000996 0.45507991220802069 1.7050313823856411 0.19250036962330341 0.20408499892801069 0.23829288780689228 0.21232067048549641 1.518470222130418 0.22418625652790058 1.6817718986421821 0.19906652718782414 0.34945138916373253 0.19608078058809031 0.17866685055196274 0.17953020427376509 0.24084226600825787 0.23624651040881861 0.22698478866368521 0.23075784370303121 0.1710091801360244 0.30387332616373885 0.25325175281614065 0.22173593193292618 0.24394858814775933 1.2132283272221693
leaf_count=10 11 17 36 23 4 1 16 37 20 16 1 2 25 2 39 3 39 10 11 13 26 21 22 28 21 37 29 27 29 149
internal_value=0 0.028281 -0.0306862 -0.0225293 -0.0488632 -0.0535813 -0.0639755 0.0490292 -0.0500476 -0.0424471 -0.0515572 -0.0500111 0.0559561 -0.0512921 0.053862 -0.0507874 -0.0513586 -0.0505735 -0.0505222 -0.0504752 -0.0504583 -0.050589 -0.0504379 -0.0504288 -0.0504814 -0.050421 -0.0504343 -0.0504171 -0.0504241 -0.0504149
internal_weight=0 8.60177 7.21625 2.49405 5.59852 5.35232 1.39421 6.10771 5.1156 0.93913 4.96252 4.72423 4.40268 4.51191 3.20024 4.28772 0.735045 4.08866 3.89258 3.71391 3.53438 0.477089 3.05729 2.83031 0.36351 2.4668 0.557125 1.90967 0.465685 1.44399
internal_count=725 222 503 104 467 463 81 118 462 65 451 450 81 448 64 446 49 443 433 422 409 47 362 340 41 299 66 233 56 177
is_linear=0
shrinkage=0.05


Tree=66
num_leaves=31
num_cat=0
split_feature=14 4 18 11 20 11 14 18 2 10 19 3 3 6 13 15 14 9 20 3 13 0 16 4 17 17 17 14 18 15
split_gain=6.14144 3.98703 1.57022 1.15453 0.859472 0.710925 0.542118 0.743975 0.169263 0.0116615 0.00822455 0.00577857 0.000895057 0.000487702 3.628e-05 2.26626e-05 1.56201e-05 6.86799e-06 2.87887e-06 1.87903e-06 5.12022e-07 9.80586e-08 6.73742e-08 9.4928e-09 8.41349e-09 7.03701e-09 8.56213e-10 7.81068e-10 7.94055e-10 4.51947e-10
threshold=0.57250237464904796 -0.96065890789031971 -0.026143180206418034 0.98273175954818737 -1.6782596707344053 2.7562265396118169 0.31311821937561041 0.85602295398712169 1.451275169849396 0.2629364281892777 1.0422007441520693 0.17977768182754519 1.2386741042137148 1.0000000180025095e-35 1.3759211897850039 0.70300397276878368 -0.013203775510191916 -0.0058462403248995534 0.80150431394577037 0.28066459298133856 0.011456758715212347 -0.12137585505843161 0.18770455569028857 -0.76870006322860707 1.3302379846572878 -0.62680625915527333 -0.52096807956695546 -0.20843914896249768 0.098607588559389128 0.31962829828262335
decision_type=2 2 2 2 2 2 2 2 2 2 2 2 2 2 2 2 2 2 2 2 2 2 2 2 2 2 2 2 2 2
left_child=1 2 4 6 -1 11 7 8 10 -6 12 -2 16 14 -13 -16 17 18 19 20 21 22 23 -3 25 -25 -27 28 29 -28
right_child=5 3 -4 -5 9 -7 -8 -9 -10 -11 -12 13 -14 -15 15 -17 -18 -19 -20 -21 -22 -23 -24 24 -26 26 27 -29 -30 -31
leaf_value=0.018927219193064632 0.056361042395928457 -0.050405982544232876 0.046733107710014606 0.053683410070381535 -0.064555387417185167 0.006489120906800973 -0.086715309386444797 0.044980627602516005 -0.011410310369161791 -0.051410765272171602 -0.061498609175876934 0.05218297341529779 -0.05379634918673544 0.053285612829338518 0.051965650567592316 0.051587348701635796 -0.050847696960056213 -0.05074746222009166 -0.050625590308861948 -0.050538315916537006 -0.050486048125951324 -0.050436525960166761 -0.050429148825884333 -0.050402420018378163 -0.050406650223000317 -0.050390394271341538 -0.050393079793669006 -0.050396811753510545 -0.05039711950252649 -0.050395923855669079
leaf_weight=0.75900737755000613 1.1791420392692096 0.23932348890230137 2.1579829817637792 0.2757447101175784 0.24246280267834663 0.99365660175681103 0.90024933964014042 0.22161604370921839 0.28611961938440789 0.55487906932830811 0.18119293637573708 0.70404838025569993 0.21192021761089552 0.84757551923394192 0.70307497307658173 0.90609479136765003 0.25042663887143213 0.17388590332120646 0.17226418433710922 0.28973310068249691 0.18581192893907417 0.17867619777098331 0.16741233691573132 0.26782263210043433 0.15993919130414713 0.16893214406445789 1.3466191566549253 0.2342855846509303 0.1562918107956649 0.15585140557959665
leaf_count=11 15 30 36 5 6 18 6 5 4 38 2 19 6 15 20 31 16 13 18 29 21 21 20 34 20 22 174 30 20 20
internal_value=0 -0.0218704 0.0191249 -0.046335 -0.0191558 0.0446392 -0.0509715 -0.0445971 -0.0487102 -0.0554079 -0.0510607 0.0533739 -0.0506269 0.0522596 0.0518836 0.0517526 -0.0504649 -0.0504403 -0.050426 -0.0504163 -0.0504054 -0.0504006 -0.0503984 -0.0503965 -0.0503956 -0.0503948 -0.0503938 -0.0503941 -0.0503937 -0.0503934
internal_weight=0 9.93845 3.71433 6.22412 1.55635 5.33359 5.94837 5.04812 4.82651 0.797342 4.54039 4.33994 4.3592 3.16079 2.31322 1.60917 4.14728 3.89685 3.72296 3.5507 3.26097 3.07515 2.89648 2.72907 2.48974 2.3298 2.06198 1.89305 1.65876 1.50247
internal_count=725 607 91 516 55 118 511 505 500 44 496 100 494 85 70 51 488 472 459 441 412 391 370 350 320 300 266 244 214 194
is_linear=0
shrinkage=0.05


Tree=67
num_leaves=31
num_cat=0
split_feature=14 4 8 11 11 14 19 0 7 28 12 28 6 14 13 15 9 13 28 14 4 8 16 17 17 14 18 7 15 19
split_gain=5.77122 3.76205 1.56116 1.08937 0.705383 0.473863 0.777651 0.325788 0.319449 0.250292 0.0123654 0.00496249 0.000416644 7.19879e-05 3.11188e-05 1.94181e-05 1.07534e-05 5.37295e-06 2.00565e-06 2.95023e-07 2.86212e-07 1.05811e-07 4.04518e-08 6.88332e-09 6.82897e-09 2.8943e-09 1.45846e-09 6.63652e-10 8.79505e-10 3.51295e-10
threshold=0.57250237464904796 -0.96065890789031971 -0.22019820660352704 0.98273175954818737 2.7562265396118169 0.31311821937561041 1.7503545284271242 -0.10685373097658156 -0.10367933288216589 1.4806447029113772 2.2840185165405278 0.17977768182754519 1.0000000180025095e-35 0.034210531972348697 1.3759211897850039 0.70300397276878368 -0.0058462403248995534 0.011456758715212347 0.28066459298133856 -0.10803239420056342 -0.83268636465072621 0.067864943295717253 0.1358355134725571 1.3302379846572878 -0.62680625915527333 -0.20843914896249768 0.13425065577030185 -0.096663739532232271 0.35594809055328375 -0.028438048437237736
decision_type=2 2 2 2 2 2 2 2 2 2 2 2 2 2 2 2 2 2 2 2 2 2 2 2 2 2 2 2 2 2
left_child=1 2 8 5 11 6 9 -4 -1 10 13 -2 14 16 -13 -16 17 18 19 20 -3 22 23 24 -22 26 27 28 29 -26
right_child=4 3 7 -5 -6 -7 -8 -9 -10 -11 -12 12 -14 -15 15 -17 -18 -19 -20 -21 21 -23 -24 -25 25 -27 -28 -29 -30 -31
leaf_value=-0.051428357768306711 0.056032687946900188 -0.050445870083792477 0.020466011682694241 0.0534950284111314 0.0061970610069801433 -0.084279660370452314 0.053817976442170151 0.057071110238707493 0.0020398632436747477 0.0015483115144188271 -0.061075486127082503 0.052072648185179531 0.053115506692632014 -0.051443249551133698 0.051866366244249812 0.051507631862389748 -0.05078899618534774 -0.050631745226142028 -0.050516748930964674 -0.050452656856344917 -0.050383783565758289 -0.050418563759037617 -0.050401964576755269 -0.050386660441927147 -0.050373923025362505 -0.050380667158029357 -0.050378758682159144 -0.050370490754954811 -0.050377107675697898 -0.050371764906362332
leaf_weight=0.67815370904281758 1.128041114658118 0.1784794041886929 1.080598743632436 0.26319681480526913 0.98859489150345314 0.88045565038919438 0.19348245859146107 1.3893772037699808 0.47502854513004422 0.23706810362637032 0.29537890851497639 0.67109460942447263 0.80875555798411358 0.18630764633417118 0.67003349214792229 0.86320430226624012 0.2058751326985665 0.2717720791697501 0.33641373924911011 0.16793262120336283 0.23295412212610411 0.17148332437500347 0.16488804761320341 0.15219769999384869 1.1125143081881117 0.18727125553414081 0.15659765573218454 0.14585654716938745 0.20053978636860859 0.2270482163876294
leaf_count=37 15 22 20 5 18 6 3 23 11 4 2 19 15 9 20 31 15 27 35 20 31 21 21 20 151 25 21 20 27 31
internal_value=0 -0.021559 0.0186306 -0.0459592 0.0441448 -0.0505478 -0.0443913 0.0410566 -0.0294033 -0.0484949 -0.0511951 0.0532039 0.0521448 -0.050483 0.0517887 0.0516644 -0.0504373 -0.0504177 -0.0504008 -0.0503882 -0.0503845 -0.0503805 -0.050378 -0.0503764 -0.0503757 -0.0503747 -0.0503741 -0.0503737 -0.050374 -0.0503736
internal_weight=0 9.59087 3.62316 5.96771 5.12972 5.70452 4.82406 2.46998 1.15318 4.63058 4.39351 4.14113 3.01309 4.09813 2.20433 1.53324 3.91182 3.70595 3.43418 3.09776 2.92983 2.75135 2.57987 2.41498 2.26278 2.02983 1.84256 1.68596 1.5401 1.33956
internal_count=725 607 91 516 118 511 505 43 48 502 498 100 85 496 70 51 487 472 445 410 390 368 347 326 306 275 250 229 209 182
is_linear=0
shrinkage=0.05


Tree=68
num_leaves=31
num_cat=0
split_feature=14 4 8 11 14 14 10 0 7 20 26 3 11 13 14 9 14 3 13 8 16 4 18 11 2 10 11 11 15 14
split_gain=5.42322 3.55392 1.44637 1.02881 0.744064 0.414326 0.798017 0.322564 0.311032 0.144158 0.0106609 0.00110705 8.42822e-05 8.08893e-05 6.08431e-05 1.32327e-05 2.07624e-06 1.46868e-06 3.57626e-07 8.81136e-08 5.05913e-08 7.42866e-09 4.43551e-09 4.80538e-09 2.50474e-09 1.20321e-09 1.96577e-09 1.70178e-09 8.75699e-10 2.21796e-10
threshold=0.57250237464904796 -0.96065890789031971 -0.22019820660352704 0.98273175954818737 3.4368841648101811 0.31311821937561041 -1.8499736189842222 -0.10685373097658156 -0.10367933288216589 0.88831177353858959 1.0000000180025095e-35 0.31959420442581182 0.056341625750064857 1.3759211897850039 0.034210531972348697 -0.0058462403248995534 -0.046672698110342019 0.28066459298133856 0.011456758715212347 0.067864943295717253 0.17905972152948382 -0.76870006322860707 1.0000000180025095e-35 -0.21907167136669156 0.40325666964054113 0.29536204040050512 -0.4777932465076446 -0.61132699251174916 -0.40273231267929072 -0.35904929041862482
decision_type=2 2 2 2 2 2 2 2 2 2 2 2 2 2 2 2 2 2 2 2 2 2 2 2 2 2 2 2 2 2
left_child=1 2 8 5 11 6 -3 -4 -1 10 -8 -2 -13 -14 15 16 17 18 19 20 21 -12 24 -24 25 27 -27 -23 -29 -30
right_child=4 3 7 -5 -6 -7 9 -9 -10 -11 14 12 13 -15 -16 -17 -18 -19 -20 -21 -22 22 23 -25 -26 26 -28 28 29 -31
leaf_value=-0.051357733482956969 0.05392025685255597 0.038999161922971204 0.019557913430867369 0.053316715000438046 0.0013399403159165407 -0.082036287755084827 -0.059272960897067954 0.05634311730478251 0.0019374800513213587 -0.0036519225230792207 -0.050367437536677474 0.052498120291136152 0.05219967923892084 0.051591080159334647 -0.051413628279866036 -0.050787386480060696 -0.050568419530412093 -0.050486247895790037 -0.05043595288174383 -0.050397986897007953 -0.050388169491291296 -0.050361083067809745 -0.050369791635240718 -0.050357605872919625 -0.050362480989159186 -0.050348932250070699 -0.050356097200732503 -0.050359039060150747 -0.050354844060795025 -0.050356431663515291
leaf_weight=0.6459444551728668 1.0913679376244552 0.27107663825154205 1.0743964714929464 0.2511767055839299 0.85844589769840229 0.8598300702869891 0.3764389380812635 1.3382634874433268 0.47512123035266995 0.16540261125192035 0.20969865471124771 0.80069234780967269 1.10300206579268 1.081097302958369 0.157314141280949 0.21753571415320294 0.14793138718232501 0.28077112557366479 0.17520193848758925 0.1631849044933914 0.15168525138869871 0.20632090140134218 0.14486032864078879 0.18323959037661541 0.17130605317652214 0.13734590634703636 0.31593797495588649 0.21230690320953827 0.55275936983525853 0.36543266242369743
leaf_count=37 19 6 20 5 12 6 3 23 11 9 29 21 29 37 8 16 15 31 22 21 20 29 20 26 24 20 45 30 79 52
internal_value=0 -0.0212617 0.0181568 -0.0456276 0.0436475 -0.0501747 -0.0442266 0.0399621 -0.0287706 -0.0494313 -0.0512475 0.0525576 0.0520593 0.0518984 -0.0504509 -0.0504093 -0.0503852 -0.0503769 -0.0503666 -0.0503623 -0.0503601 -0.0503584 -0.0503576 -0.050363 -0.0503567 -0.0503562 -0.0503539 -0.0503569 -0.0503561 -0.0503555
internal_weight=0 9.25048 3.53373 5.71676 4.93461 5.46558 4.60575 2.41266 1.12107 4.33467 4.16927 4.07616 2.98479 2.1841 3.79283 3.63552 3.41798 3.27005 2.98928 2.81408 2.65089 2.49921 2.28951 0.3281 1.96141 1.7901 0.453284 1.33682 1.1305 0.918192
internal_count=725 607 91 516 118 511 505 43 48 499 490 106 87 66 487 479 463 448 417 395 374 354 325 46 279 255 65 190 161 131
is_linear=0
shrinkage=0.05


Tree=69
num_leaves=31
num_cat=0
split_feature=14 4 8 11 14 14 13 0 7 2 13 3 3 17 16 14 7 13 3 4 0 16 16 17 17 14 7 15 18 12
split_gain=5.09767 3.35618 1.3393 0.971244 0.778947 0.363831 0.669663 0.318713 0.302743 0.211957 0.00505559 0.000998803 0.000646909 8.16145e-05 3.43296e-05 8.62091e-06 4.2761e-06 3.01785e-06 1.66087e-06 2.392e-07 9.41098e-08 5.83745e-08 3.11992e-08 5.10198e-09 4.13522e-09 2.17461e-09 7.71682e-10 4.78242e-10 5.71889e-10 1.23446e-10
threshold=0.57250237464904796 -0.96065890789031971 -0.22019820660352704 0.98273175954818737 3.5233454704284672 0.31311821937561041 0.90908932685852062 -0.10685373097658156 -0.10367933288216589 1.451275169849396 0.32629279792308813 0.30880722403526312 1.2386741042137148 -0.88659089803695668 0.55078783631324779 0.0091088395565748232 -0.037387806922197335 0.011456758715212347 0.29989196360111242 -0.83268636465072621 -0.10685373097658156 -0.48659302294254297 0.14448035508394244 1.3302379846572878 -0.62680625915527333 -0.20843914896249768 -0.09315920993685721 0.35594809055328375 0.10751835629343988 -0.54013302922248829
decision_type=2 2 2 2 2 2 2 2 2 2 2 2 2 2 2 2 2 2 2 2 2 2 2 2 2 2 2 2 2 2
left_child=1 2 8 5 11 6 9 -4 -1 10 12 -2 15 -13 -15 16 17 18 19 -3 21 -21 23 24 -23 26 27 28 29 -26
right_child=4 3 7 -5 -6 -7 -8 -9 -10 -11 -12 13 -14 14 -16 -17 -18 -19 -20 20 -22 22 -24 -25 25 -27 -28 -29 -30 -31
leaf_value=-0.051290645815844027 0.05376890135096575 -0.050406058238635247 0.018683369546638368 0.053147887312833042 -0.0012190640062995344 -0.079967595604546526 0.053410151504130948 0.055610349127761617 0.001840254005094988 -0.006013421345631681 -0.059556333184541614 0.052256823501912665 -0.053397916436461572 0.051967089700749064 0.051509998326389222 -0.050777758241661725 -0.050644614279523027 -0.050553763592825374 -0.050478509062508663 -0.050374700269731024 -0.050384496589363496 -0.050345971811213766 -0.050364429464526572 -0.0503496031878128 -0.050336833286093167 -0.050343489078589432 -0.050334559749620714 -0.05034095444604772 -0.050341214607923748 -0.050338109987408758
leaf_weight=0.61522478284314297 1.0231993086636078 0.17685171309858683 1.0686054057441654 0.23966645635664452 0.81759472563862789 0.83851118013262738 0.16953174024820317 1.289348199032246 0.47520961798727512 0.28145771101117123 0.16257775761187065 1.2512705978006127 0.18967661960050453 0.76458901539444901 0.88767783530056477 0.14636314101517189 0.15273070149123746 0.21802369598299254 0.27510363422334183 0.14274098910391497 0.14959710463881393 0.23076742701232689 0.14255130290985096 0.13781390525400627 0.23926984425634346 0.22341837501152939 0.13189890887588274 0.18157425802201044 0.14131887489929784 0.9073184859007597
leaf_count=37 18 24 20 5 11 6 3 23 11 4 2 34 6 23 32 10 13 25 31 20 20 34 20 20 36 33 20 27 21 136
internal_value=0 -0.0209576 0.0176852 -0.0452798 0.043181 -0.0497825 -0.0440309 0.0388753 -0.0281363 -0.0479352 -0.0509226 0.0524256 -0.050552 0.0519522 0.0517215 -0.0504019 -0.050386 -0.050374 -0.0503613 -0.0503498 -0.050346 -0.0503437 -0.0503418 -0.0503403 -0.0503397 -0.0503389 -0.0503382 -0.0503386 -0.0503382 -0.0503378
internal_weight=0 8.92715 3.44839 5.47876 4.74433 5.2391 4.40059 2.35795 1.09043 4.23105 3.9496 3.92674 3.78702 2.90354 1.65227 3.59734 3.45098 3.29825 3.08022 2.80512 2.62827 2.47867 2.33593 2.19338 2.05557 1.8248 1.60138 1.46948 1.28791 1.14659
internal_count=725 607 91 516 118 511 505 43 48 502 498 107 496 89 55 490 480 467 442 411 387 367 347 327 307 273 240 220 193 172
is_linear=0
shrinkage=0.05


Tree=70
num_leaves=31
num_cat=0
split_feature=3 5 13 14 3 16 7 6 19 11 7 26 13 14 19 6 14 13 14 13 12 4 13 14 5 4 8 20 18 14
split_gain=6.07967 2.06462 3.186 1.82773 1.01829 0.79008 0.29765 0.184278 0.795207 0.0774417 0.0393537 0.0329344 0.0128943 0.00546713 0.0035623 0.000400741 0.000230837 0.000106766 0.000106228 7.98781e-06 5.88471e-06 1.40828e-06 1.06355e-06 9.93763e-07 1.42878e-07 1.24139e-07 7.37903e-08 7.71469e-09 2.51435e-09 1.91139e-09
threshold=0.29989196360111242 -0.67664906382560719 -0.13756562769412992 -0.26422068476676935 -0.45340926945209498 -0.071640655398368822 0.14427567273378375 1.0000000180025095e-35 1.2383911013603213 0.69062677025794994 -0.088915854692459093 1.0000000180025095e-35 1.9468237757682803 0.24339129775762561 0.26491324603557592 1.0000000180025095e-35 0.13182821497321132 1.304558336734772 -0.99495881795883168 0.0051600427832454452 -0.15409793704748151 -0.89667263627052296 -0.14351253211498258 -0.057829003781080239 1.5452732443809511 -0.83268636465072621 -0.082414191216230379 -1.3225628733634947 0.071875277906656279 -0.28095513582229609
decision_type=2 2 2 2 2 2 2 2 2 2 2 2 2 2 2 2 2 2 2 2 2 2 2 2 2 2 2 2 2 2
left_child=1 2 4 10 5 18 7 8 12 14 -2 13 16 -5 22 17 19 -15 -1 23 -19 -20 26 24 25 -3 -9 -27 29 -29
right_child=3 6 -4 11 -6 -7 -8 9 -10 -11 -12 -13 -14 15 -16 -17 -18 20 21 -21 -22 -23 -24 -25 -26 27 -28 28 -30 -31
leaf_value=-0.051700109683480468 -0.027598753945900202 -0.050370803749216458 0.043474367583666559 0.056528526506234314 -0.10380437816513118 0.044793341621132007 0.006413636031459541 -0.050322416472004576 0.053220052993506677 -0.073375170301910667 -0.052923513576341077 0.041754893841009659 -0.064568777868435276 0.052030396522507683 -0.058847868783029826 0.053029379499733235 -0.052412957424601364 0.051447002000103464 -0.050547482432541369 -0.050670680365752743 0.051204076139100087 -0.050339420709364605 -0.050499068739740305 -0.050474174189153224 -0.05038213704852005 -0.050333991841313264 -0.050366690818840688 -0.050322196224086041 -0.050330274269800773 -0.050327222776115635
leaf_weight=0.35514971427619457 0.30042638629674911 0.16457726340740952 1.9683687309734512 0.88349967822432551 0.59007787285372637 0.31347009679302573 0.22786397486925114 0.31168046686798323 0.19523826800286759 1.0507694482803343 0.31346359662711609 0.76972533948719579 0.17472217977046955 1.2438278757035739 0.15805725287646055 0.78994857892394055 0.14771385956555594 0.55542598478496119 0.17601753445342183 0.20400293404236425 0.45231322385370665 0.15118244756013155 0.12840684177353978 0.13395973946899253 0.13878181995823968 0.21605573315173376 0.13481688965111971 1.017696098424494 0.13662858773022879 0.23229387821629632
leaf_count=12 28 23 32 15 9 7 2 49 4 5 13 25 1 36 4 15 4 21 19 20 20 23 15 16 19 33 19 160 21 36
internal_value=0 -0.0278684 0.000982856 0.0406026 -0.0517563 -0.020915 -0.0493515 -0.0521471 -0.0440561 -0.064674 -0.04053 0.0512116 -0.0514563 0.0530662 -0.0522 0.0520604 -0.0504984 0.0517205 -0.0511013 -0.0503724 0.051338 -0.0504513 -0.0503723 -0.0503425 -0.0503333 -0.0503295 -0.0503358 -0.0503252 -0.0503238 -0.0503231
internal_weight=0 8.32753 3.55427 5.30863 1.5859 0.99582 4.77327 4.5454 2.76167 1.78373 0.61389 4.69474 2.56643 3.92502 0.732961 3.04152 2.39171 2.25157 0.68235 2.244 1.00774 0.3272 0.574904 2.03999 1.90603 1.76725 0.446497 1.60267 1.38662 1.24999
internal_count=706 533 102 173 70 61 431 429 337 92 41 132 333 107 87 92 332 77 54 328 41 42 83 308 292 273 68 250 217 196
is_linear=0
shrinkage=0.05


Tree=71
num_leaves=31
num_cat=0
split_feature=3 5 13 14 10 2 7 6 19 11 8 26 13 14 19 6 14 13 13 12 13 14 5 4 8 20 18 14 3 13
split_gain=5.70934 1.97442 2.92224 1.72784 0.905454 0.591601 0.290334 0.162901 0.755176 0.0642643 0.0512405 0.0361968 0.0109088 0.00471845 0.00304295 0.000342569 0.000198192 9.15778e-05 6.87332e-06 5.04904e-06 9.14999e-07 8.54925e-07 1.22894e-07 1.06766e-07 6.34603e-08 6.63606e-09 2.16296e-09 1.64373e-09 8.36878e-10 3.45695e-10
threshold=0.29989196360111242 -0.67664906382560719 -0.13756562769412992 -0.26422068476676935 0.60865065455436718 0.087581504136323943 0.14427567273378375 1.0000000180025095e-35 1.2383911013603213 0.69062677025794994 0.1037743389606476 1.0000000180025095e-35 1.9468237757682803 0.24339129775762561 0.26491324603557592 1.0000000180025095e-35 0.13182821497321132 1.304558336734772 0.0051600427832454452 -0.15409793704748151 -0.14351253211498258 -0.057829003781080239 1.5452732443809511 -0.83268636465072621 -0.082414191216230379 -1.3225628733634947 0.071875277906656279 -0.28095513582229609 -0.009662821423262356 -0.58953025937080372
decision_type=2 2 2 2 2 2 2 2 2 2 2 2 2 2 2 2 2 2 2 2 2 2 2 2 2 2 2 2 2 2
left_child=1 2 4 10 5 -1 7 8 12 14 -2 13 16 -5 20 17 18 -15 21 -19 24 22 23 -3 28 -25 27 29 -9 -27
right_child=3 6 -4 11 -6 -7 -8 9 -10 -11 -12 -13 -14 15 -16 -17 -18 19 -20 -21 -22 -23 -24 25 -26 26 -28 -29 -30 -31
leaf_value=-0.050385838000464679 -0.052363149030612371 -0.050352595000424528 0.041989531453309047 0.056202063291958773 -0.077076132932702171 0.055721181177982464 0.0060945378054379721 -0.050309070192801356 0.053055954047061218 -0.071770222648669613 -0.02266093229524152 0.040865158564889453 -0.063657817414325898 0.05192811776230051 -0.058359932933701265 0.052873391013510379 -0.052290674311122144 0.051374583683637433 -0.050637727375171963 0.051144013949513401 -0.050474554641168679 -0.050450882274785384 -0.05036337178500172 -0.050317598716685077 -0.050348684340102173 -0.050308472048646739 -0.050314064313018152 -0.050311162236006957 -0.050303745100453871 -0.050305956294073952
leaf_weight=0.25865564448758993 0.3428253736346959 0.15660592075437296 1.9368929495103646 0.84516916424036059 1.0354027785360811 0.26693558692932129 0.22780627757310856 0.15863315062597383 0.18627627566456784 1.0213008373975752 0.25189122650772333 0.74772609304636795 0.16851858794689167 1.1854372266680009 0.15157385915517807 0.75358318164944638 0.14083005860447873 0.52906349301338251 0.19417669298127282 0.43074617348611288 0.12220219196751714 0.12748379074037153 0.13206129986792792 0.20558383781462852 0.12828649859875441 0.16449386673048072 0.1300059501081704 0.22103352984413593 0.1379373837262392 0.80386521993204951
leaf_count=37 26 23 32 15 30 3 2 26 4 5 15 25 1 36 4 15 4 21 20 20 15 16 19 33 19 27 21 36 23 133
internal_value=0 -0.027322 0.00096223 0.040305 -0.0499448 0.00350345 -0.0489297 -0.0518107 -0.0439882 -0.0637765 -0.0397828 0.0509089 -0.0513827 0.0529147 -0.0520909 0.0519563 -0.0504739 0.0516342 -0.0503541 0.0512711 -0.050354 -0.0503257 -0.0503169 -0.0503133 -0.0503193 -0.0503092 -0.0503079 -0.0503073 -0.0503066 -0.0503064
internal_weight=0 8.07656 3.49789 5.08644 1.56099 0.525591 4.57868 4.35087 2.63094 1.71993 0.594717 4.49173 2.44466 3.744 0.698633 2.89883 2.27614 2.14525 2.13531 0.95981 0.547059 1.94113 1.81365 1.68159 0.424857 1.52498 1.3194 1.18939 0.296571 0.968359
internal_count=706 533 102 173 70 40 431 429 337 92 41 132 333 107 87 92 332 77 328 41 83 308 292 273 68 250 217 196 49 160
is_linear=0
shrinkage=0.05


Tree=72
num_leaves=31
num_cat=0
split_feature=3 5 13 14 18 2 7 18 11 8 26 14 14 12 6 13 13 12 14 14 0 4 16 17 5 4 17 7 11 18
split_gain=5.36659 1.88335 2.69617 1.63339 0.879763 0.60735 0.283458 0.154704 0.110439 0.0525538 0.0397211 0.0313562 0.00407171 0.00359189 0.000292943 7.8564e-05 6.07679e-06 4.3327e-06 1.9279e-06 3.26615e-07 3.10378e-07 1.79633e-07 1.1653e-08 9.39977e-09 3.21028e-09 1.49129e-09 7.58022e-10 4.10746e-10 5.12804e-10 8.76056e-11
threshold=0.29989196360111242 -0.67664906382560719 -0.13756562769412992 -0.26422068476676935 -0.61425387859344471 0.10862622410058977 0.14427567273378375 0.74018293619155895 0.53622841835021984 0.1037743389606476 1.0000000180025095e-35 0.13182821497321132 0.24339129775762561 2.2840185165405278 1.0000000180025095e-35 1.304558336734772 0.053857475519180305 -0.15409793704748151 -0.046672698110342019 -0.4036745280027389 -0.074985306710004793 -0.83268636465072621 0.1358355134725571 -0.61910891532897938 1.411957919597626 -0.44876866042613978 1.2378700971603396 -0.099291045218706117 -0.62801867723464955 0.036232199519872672
decision_type=2 2 2 2 2 2 2 2 2 2 2 2 2 2 2 2 2 2 2 2 2 2 2 2 2 2 2 2 2 2
left_child=1 2 4 9 -1 19 7 8 11 -2 12 13 -5 16 15 -14 18 -17 20 -6 21 -3 23 -23 25 -25 27 28 -27 -30
right_child=3 6 -4 10 5 -7 -8 -9 -10 -11 -12 -13 14 -15 -16 17 -18 -19 -20 -21 -22 22 -24 24 -26 26 -28 -29 29 -31
leaf_value=-0.077584285529599908 -0.052250460655931974 -0.050348772786275281 0.040529761822721229 0.055892262892409131 -0.050307341388572596 0.054209704963498064 0.0057911726214884343 -0.021751211807194928 -0.069130583886314365 -0.021766539397217965 0.039950020616122454 -0.025767779591203872 0.051831148680001118 -0.05890731553155442 0.052725837641510565 0.051305877798977786 -0.050642364273010457 0.051087012331593587 -0.050501184285419567 -0.050415505427282341 -0.050378513372132262 -0.050304453346742578 -0.050309223398581487 -0.05029589911387318 -0.050300326988821503 -0.050294108357997747 -0.050295048707842384 -0.050288044298720039 -0.05029056759879777 -0.050292034405350662
leaf_weight=0.96506206458434463 0.32679115142673243 0.16597080044448587 1.9070961433462796 0.80829324014484916 0.15013652667403221 0.27495263889431953 0.22775415331125248 0.39563365234062065 0.97252938151359547 0.2491999352350831 0.7271419521421193 0.13185585010796774 1.1296791527420289 0.12834477424621571 0.71878584846854199 0.50391769409179743 0.14995729085057963 0.41018407978117399 0.13034646259620863 0.13041993649676464 0.12965822033584107 0.17930676182732175 0.12732365168631066 0.19280378567055034 0.11856255587190401 0.12784643610939506 0.11658438900485624 0.1194658642634695 0.86163026280701149 0.11543236393481493
leaf_count=23 26 25 32 15 25 4 2 8 6 15 25 4 36 1 15 21 15 20 15 18 18 30 21 33 20 22 20 21 150 20
internal_value=0 -0.026842 0.000932835 0.0400057 -0.0487295 0.00139862 -0.0485233 -0.0514947 -0.054618 -0.0390617 0.0506018 -0.0495684 0.0527709 -0.0507468 0.0518576 0.0515523 -0.0503336 0.0512077 -0.0503142 -0.0503576 -0.0503034 -0.0502988 -0.0502946 -0.0502936 -0.0502924 -0.0502918 -0.0502912 -0.0502908 -0.0502911 -0.0502907
internal_weight=0 7.81867 3.42767 4.87399 1.52057 0.555509 4.39101 4.16325 3.76762 0.575991 4.298 2.79509 3.57086 2.66323 2.76257 2.04378 2.53489 0.914102 2.38493 0.280556 2.25459 2.12493 1.95896 1.83163 1.65233 1.53376 1.34096 1.22437 1.10491 0.977063
internal_count=706 533 102 173 70 47 431 429 421 41 132 415 107 411 92 77 410 41 395 43 380 362 337 316 286 266 233 213 192 170
is_linear=0
shrinkage=0.05


Tree=73
num_leaves=31
num_cat=0
split_feature=28 4 13 14 28 4 20 19 11 26 17 14 0 6 13 14 12 5 14 13 8 10 12 18 17 11 7 11 1 10
split_gain=5.03834 1.80091 1.87298 1.54398 0.652487 0.0903475 0.255567 0.0622837 0.0453099 0.0435089 0.00646752 0.00351313 0.00341848 0.000250589 6.74107e-05 5.30178e-05 3.71853e-06 3.2804e-06 1.27594e-06 2.51727e-07 8.65681e-08 8.75497e-09 6.3812e-09 1.82631e-09 7.93372e-10 8.26162e-10 2.6928e-10 1.58104e-10 4.63252e-11 6.50267e-11
threshold=0.29989196360111242 -0.89667263627052296 -0.32786650955677027 -0.26422068476676935 -0.45340926945209498 -0.51275493204593647 0.47183510661125189 -0.57403409481048573 0.53622841835021984 1.0000000180025095e-35 1.189761817455292 0.24339129775762561 0.046816010028123863 1.0000000180025095e-35 1.304558336734772 0.053734069690108306 -0.15409793704748151 -0.62817072868347157 -0.077352542430162416 -0.04538863152265548 0.067864943295717253 0.32301917672157293 -0.26307433843612665 0.036232199519872672 1.212853789329529 -0.65931564569473255 -0.098416004329919801 -0.043808665126562112 1.0000000180025095e-35 0.25244578719139105
decision_type=2 2 2 2 2 2 2 2 2 2 2 2 2 2 2 2 2 2 2 2 2 2 2 2 2 2 2 2 2 2
left_child=1 2 4 7 -1 6 10 -2 12 11 17 -5 15 14 -13 18 -16 -3 19 20 21 23 -23 24 25 -7 27 28 29 -27
right_child=3 5 -4 9 -6 8 -8 -9 -10 -11 -12 13 -14 -15 16 -17 -18 -19 -20 -21 -22 22 -24 -25 -26 26 -28 -29 -30 -31
leaf_value=-0.015167031306249482 -0.018053950079618127 -0.050600377551904975 0.024124362119620411 0.055598245826563211 -0.08685053390896294 -0.050280354049350488 0.0081990716965182706 -0.052087904837694023 -0.066666827694458058 0.039010936898244718 -0.062264976450792292 0.051739196923729885 -0.05582970777287171 0.052586225542220422 0.051240685266594845 -0.051264551665824803 0.051032908572118597 -0.050287175709349735 -0.050457851915260303 -0.050342110862396594 -0.050320000997935294 -0.050278853938522487 -0.050294158867170972 -0.050282758300200195 -0.050280922337490146 -0.050277941084753468 -0.050273781109543607 -0.050274697450652994 -0.050276354835514292 -0.050276348985352284
leaf_weight=0.64017602801322959 0.22563616745173931 0.15129136154428124 2.4472470628097653 0.77283551357686553 0.62970548123121262 0.12742815213278025 0.23820218630135059 0.33255580207332958 0.56949318293482054 0.7079097544774412 0.17514812480658293 1.0764456018805506 0.32843161746859539 0.68549965322017659 0.47993580624461185 0.15244181267917145 0.39058239199221112 0.18685826100409064 0.11824594344943751 0.19823058880865585 0.142637792043388 0.12118486408144236 0.15548913879320014 0.15640975860878814 0.11661956598982204 0.13741997303441256 0.11363778309896522 0.11951925745233893 0.4427796034142375 0.12026043888181448
leaf_count=36 15 20 34 15 9 23 18 26 4 25 3 36 7 15 21 8 20 33 15 31 23 22 27 28 21 25 21 22 81 22
internal_value=0 -0.026301 -0.00144239 0.0397003 -0.0507133 -0.0501669 -0.0346035 -0.0383305 -0.0539153 0.0502896 -0.0544666 0.0526343 -0.0510683 0.0517641 0.0514746 -0.0503646 0.0511475 -0.0504273 -0.0502984 -0.0502887 -0.0502827 -0.0502794 -0.0502875 -0.0502777 -0.050277 -0.0502766 -0.0502761 -0.0502764 -0.0502767 -0.0502772
internal_weight=0 7.58886 3.71713 4.6714 1.26988 3.87173 0.7515 0.558192 3.12023 4.11321 0.513298 3.4053 2.55074 2.63246 1.94696 2.2223 0.870518 0.33815 2.06986 1.95162 1.75339 1.61075 0.276674 1.33407 1.17766 1.06105 0.933617 0.819979 0.70046 0.25768
internal_count=706 533 79 173 45 454 74 41 380 132 56 107 376 92 77 369 41 53 361 346 315 292 49 243 215 194 171 150 128 47
is_linear=0
shrinkage=0.05


Tree=74
num_leaves=31
num_cat=0
split_feature=3 5 13 14 10 7 17 18 6 11 14 26 14 13 6 13 13 0 14 0 4 16 17 4 17 11 17 19 19 19
split_gain=4.71695 1.76692 2.31651 1.46443 0.794771 0.272516 0.188448 0.167318 0.105999 0.091309 0.0343867 0.0262071 0.00319784 0.00262578 0.000214426 5.78501e-05 4.65482e-06 2.48705e-06 1.39363e-06 2.19854e-07 1.79744e-07 8.02882e-09 6.26414e-09 5.25873e-09 1.90881e-09 7.12992e-10 2.94945e-10 1.45379e-10 1.45959e-10 8.39413e-11
threshold=0.29989196360111242 -0.67664906382560719 -0.13756562769412992 -0.20843914896249768 0.60865065455436718 0.14427567273378375 -2.0758272409439082 0.74018293619155895 1.0000000180025095e-35 0.53622841835021984 0.13182821497321132 1.0000000180025095e-35 0.24339129775762561 0.43928393721580511 1.0000000180025095e-35 1.304558336734772 0.053857475519180305 -0.057054692879319184 -0.046672698110342019 -0.074985306710004793 -0.83268636465072621 0.1358355134725571 -0.61910891532897938 -0.44876866042613978 1.2859783768653872 -0.64888334274291981 -0.515195071697235 -0.0060162937734276048 -0.084492437541484819 -0.49182099103927607
decision_type=2 2 2 2 2 2 2 2 2 2 2 2 2 2 2 2 2 2 2 2 2 2 2 2 2 2 2 2 2 2
left_child=1 2 4 8 6 7 -1 9 -2 10 13 12 -5 16 15 -14 18 -17 19 20 -3 22 -22 -24 25 -25 -27 28 29 -28
right_child=3 5 -4 11 -6 -7 -8 -9 -10 -11 -12 -13 14 -15 -16 17 -18 -19 -20 -21 21 -23 23 24 -26 26 27 -29 -30 -31
leaf_value=0.054344011342062876 -0.009780464377407351 -0.050323286466091632 0.03863428104740238 0.055485526110812658 -0.071035298206380479 0.0062912606650624902 -0.013391169737520329 -0.019511372614799481 -0.05205223410533704 -0.067688079952949926 -0.023834827423635845 0.041596829336352628 0.051651989672236935 -0.057941763483537315 0.052454089031561894 0.051169348122634732 -0.050585817414926064 0.0509954116973724 -0.050452171044894217 -0.050341854106989076 -0.050275316074675905 -0.050279632247222962 -0.050272784354625878 -0.050266833155816953 -0.050270256093757328 -0.050260321334357261 -0.050263961515154471 -0.05026136343514323 -0.050264849093020536 -0.050262747476840203
leaf_weight=0.14610466361045837 0.26698895823210467 0.15338542591780635 1.854072442743927 0.70562574081122909 0.98986856872215867 0.22120811790227879 0.3455171440728011 0.38522408995777357 0.33360012900084257 0.92603646870702494 0.12551026046276081 0.66344600915908847 1.0256318803876641 0.1182778775691985 0.653668563812971 0.45231240615248736 0.13674411270767439 0.37665291503071718 0.11791567597538311 0.11731485836207856 0.16233268147334645 0.1152740973047911 0.18849873868748734 0.1265946570783868 0.10687827086076129 0.10295717930421366 0.19326111488044395 0.1034527355804955 0.13623738149181008 0.54080781899392605
leaf_count=2 26 25 32 14 30 2 38 8 18 6 4 23 36 1 15 21 15 20 15 18 30 21 35 24 20 20 37 20 26 104
internal_value=0 -0.0256024 0.00138753 0.0393908 -0.0452265 -0.047679 0.00673899 -0.0507746 -0.0332605 -0.0542438 -0.0493528 0.0506443 0.0525119 -0.0506763 0.0516754 0.0514009 -0.0503029 0.0510903 -0.050285 -0.0502754 -0.0502714 -0.0502669 -0.050266 -0.050265 -0.0502639 -0.0502633 -0.0502629 -0.0502631 -0.0502633 -0.0502631
internal_weight=0 7.41347 3.33556 4.47793 1.48149 4.07791 0.491622 3.8567 0.600589 3.47148 2.54544 3.87734 3.21389 2.41993 2.50827 1.8546 2.30165 0.828965 2.16491 2.04699 1.92968 1.77629 1.66102 1.49869 1.31019 1.20331 1.07672 0.973759 0.870306 0.734069
internal_count=706 533 102 173 70 431 40 429 44 421 415 129 106 411 92 77 410 41 395 380 362 337 316 286 251 231 207 187 167 141
is_linear=0
shrinkage=0.05


Tree=75
num_leaves=31
num_cat=0
split_feature=19 4 2 13 5 11 13 16 18 5 3 3 13 7 7 13 14 5 3 14 13 0 13 4 5 20 4 7 11 13
split_gain=3.76048 2.71143 1.92828 1.28009 1.001 0.955052 0.747413 0.354261 0.320484 0.254366 0.179636 0.0319625 0.0123196 0.0062238 0.00122881 0.000788456 8.17863e-05 1.00719e-05 5.91121e-06 2.04356e-06 4.69754e-07 1.55151e-07 2.52086e-08 7.51619e-09 2.18857e-09 1.61321e-09 8.94039e-10 4.43529e-10 6.79567e-10 3.39601e-10
threshold=1.0777018666267397 -0.96065890789031971 0.22056066244840625 -0.13756562769412992 0.40199327468872076 0.98273175954818737 -0.67278689146041859 0.57672235369682323 0.98077368736267101 -0.42213794589042658 0.27150651812553411 1.1981186270713808 0.56119546294212352 -0.043543342500925057 0.41120620071887976 1.5037795901298525 0.087202988564968123 -0.81804409623146046 0.25802253186702734 -0.024360082112252709 0.011456758715212347 -0.087453570216894136 -0.10783111304044722 -0.76870006322860707 1.436197102069855 -1.3225628733634947 -0.19282352924346921 -0.094075798988342271 -0.67809385061264027 -0.58953025937080372
decision_type=2 2 2 2 2 2 2 2 2 2 2 2 2 2 2 2 2 2 2 2 2 2 2 2 2 2 2 2 2 2
left_child=1 2 3 6 10 7 -1 8 11 13 -2 12 14 -4 16 -12 17 -3 19 20 21 22 23 -19 25 -25 -27 28 -28 -30
right_child=4 5 9 -5 -6 -7 -8 -9 -10 -11 15 -13 -14 -15 -16 -17 -18 18 -20 -21 -22 -23 -24 24 -26 26 27 -29 29 -31
leaf_value=-0.014154974466948404 0.081196995255840454 -0.050661065311382515 0.058180789477614014 0.023030591793123209 -0.0006194443398334393 0.052955116322906906 -0.089635339890334009 0.011844815004575578 -0.10518417870759281 0.020311758875293295 0.053751546905110886 -0.028561487366237787 -0.059926295747088992 0.05163527459086114 -0.055609162595248521 0.051526056150801802 -0.051623163760740921 -0.050265177226459005 -0.050506225589694934 -0.050479013172158416 -0.050350604283224791 -0.050316317988876508 -0.050276119477809411 -0.050256454277431833 -0.050259242348716773 -0.050254679041310729 -0.050254695720982581 -0.050247527885411258 -0.050252716368492045 -0.050250033450713438
leaf_weight=0.61377838067710411 0.81321518868208098 0.2190361353568745 0.73477534018456947 0.89363220101222296 0.86331662721931923 0.23197519034147251 0.70431532012298714 0.20973354391753662 0.29253734787926067 0.83474472258239973 0.6811203248798845 0.15576950926333655 0.40333922952413548 0.7180895945057274 0.11775031313300122 0.95740139298141003 0.12940305192023505 0.12016471475362989 0.32408111309632648 0.11832808423787344 0.14918212126940478 0.10891519021242846 0.12878648517653335 0.15670861536637115 0.10240099625661958 0.15114576090127396 0.10581923741847421 0.10753908427431658 0.14004431944340612 0.74757923884317135
leaf_count=25 9 27 14 15 23 6 32 6 4 13 17 8 3 26 2 38 6 23 39 14 24 18 24 31 20 30 21 22 28 151
internal_value=0 -0.0168806 0.0101226 -0.0231668 0.045682 -0.0456697 -0.0544874 -0.0514061 -0.054917 0.0423078 0.0619859 -0.0506987 -0.0517341 0.0549456 -0.0506052 0.0524512 -0.0503954 -0.0503362 -0.0503072 -0.0502771 -0.0502652 -0.0502584 -0.0502548 -0.0502531 -0.0502522 -0.0502517 -0.0502511 -0.0502506 -0.0502509 -0.0502505
internal_weight=0 8.71957 4.49934 2.21173 3.31505 4.22024 1.31809 3.98826 3.77853 2.28761 2.45174 3.48599 3.33022 1.45286 2.92688 1.63852 2.80913 2.67973 2.46069 2.13661 2.01829 1.8691 1.76019 1.6314 1.51124 1.40884 1.25213 1.10098 0.993443 0.887624
internal_count=719 632 125 72 87 507 57 501 495 53 64 491 483 40 480 55 478 472 445 406 392 368 350 326 303 283 252 222 200 179
is_linear=0
shrinkage=0.05


Tree=76
num_leaves=31
num_cat=0
split_feature=19 4 2 13 5 11 3 13 2 5 16 11 13 7 4 0 14 5 3 0 13 0 13 14 4 10 14 17 4 16
split_gain=3.50786 2.56395 1.79111 1.16858 0.973849 0.9008 0.540835 0.444344 0.313057 0.273642 0.161354 0.0317715 0.0102125 0.00552915 0.00410558 0.0013054 0.000105244 6.38932e-06 6.19412e-06 1.45313e-06 8.91047e-07 1.52035e-07 7.43465e-08 7.09876e-08 3.56239e-09 1.92661e-09 2.57272e-09 1.77347e-09 1.26831e-09 1.44722e-10
threshold=1.0777018666267397 -0.96065890789031971 0.22056066244840625 -0.34570722281932825 0.40199327468872076 0.98273175954818737 1.65289843082428 -0.91066297888755787 2.1803799867630009 -0.39789879322051996 0.21363908052444461 -0.77407121658325184 0.56119546294212352 -0.047122446820139878 -1.0886315107345579 0.362011268734932 0.034210531972348697 -0.78572526574134816 0.25802253186702734 -0.090586137026548372 0.06462907046079637 -0.076572369784116731 -0.10783111304044722 -0.14707946777343747 -0.76870006322860707 0.32301917672157293 -0.49292498826980585 1.2821297049522402 -0.19282352924346921 -0.080285493284463869
decision_type=2 2 2 2 2 2 2 2 2 2 2 2 2 2 2 2 2 2 2 2 2 2 2 2 2 2 2 2 2 2
left_child=1 2 3 7 10 6 8 -1 11 13 -2 -3 15 -4 -12 16 17 -13 20 -20 21 22 23 24 -19 27 -27 28 -26 -30
right_child=4 5 9 -5 -6 -7 -8 -9 -10 -11 14 12 -14 -15 -16 -17 -18 18 19 -21 -22 -23 -24 -25 25 26 -28 -29 29 -31
leaf_value=-0.02117253119166089 0.080554265129327035 -0.025167203073213913 0.0577887480859611 0.018367090529937971 -0.00058835403877907752 0.05280820161485892 0.042195331675326644 -0.082108922287460251 -0.10895998485816523 0.018023983993965213 0.055362963604289744 -0.050580845458067986 -0.059353964702900476 0.05155274713022702 0.050251144879038527 -0.054407259856896199 -0.051461854212806385 -0.050249720191572922 -0.050400055563794323 -0.050605280630811302 -0.050404757596697672 -0.050308830705563648 -0.05027756006415867 -0.050283131228117575 -0.050243089849646087 -0.050238830757797941 -0.050250107210714323 -0.050245723505525725 -0.050238268451069157 -0.050236639826971144
leaf_weight=0.5381286581978203 0.75465338025242257 0.11658752337098111 0.70880287885665905 0.98065844736993213 0.86348498985171307 0.22126002237200726 0.14973077364265908 0.67367980582639586 0.24830947816371907 0.79439466912299384 0.69973599165678069 0.21283717220649245 0.38727374374866474 0.71303471643477689 0.89544514287263088 0.22112584020942438 0.21917524375021447 0.10344508755952242 0.20450487267225981 0.14917174680158485 0.099276087712496408 0.1067146430723368 0.18166498560458411 0.10635996144264925 0.13936602137982912 0.099315802566707134 0.10307807102799404 0.097264153882861026 0.71269183605909414 0.16869332361966216
leaf_count=23 13 17 14 25 23 6 4 24 1 12 18 30 3 27 33 4 12 21 30 14 14 18 35 20 29 21 21 20 151 36
internal_value=0 -0.0165498 0.0098308 -0.022211 0.0448194 -0.0452822 -0.050954 -0.0550489 -0.0547472 0.041529 0.0615052 -0.0508209 -0.051724 0.0546615 0.0524935 -0.0507137 -0.0504116 -0.0503189 -0.0502943 -0.0504866 -0.0502589 -0.0502509 -0.0502473 -0.0502437 -0.0502408 -0.0502401 -0.0502446 -0.0502393 -0.0502387 -0.050238
internal_weight=0 8.45655 4.4087 2.19247 3.21332 4.04785 3.82659 1.21181 3.67686 2.21623 2.34983 3.42855 3.31196 1.42184 1.59518 2.92468 2.70356 2.48438 2.27155 0.353677 1.91787 1.81859 1.71188 1.53021 1.42385 1.32041 0.202394 1.11802 1.02075 0.881385
internal_count=719 632 125 72 87 507 501 47 497 53 64 496 479 41 51 476 472 460 430 44 386 372 354 319 299 278 42 236 216 187
is_linear=0
shrinkage=0.05


Tree=77
num_leaves=31
num_cat=0
split_feature=13 4 2 11 3 16 19 13 3 10 17 11 27 15 17 7 18 14 13 2 14 13 4 9 5 3 17 4 13 7
split_gain=3.28026 3.14608 1.8506 1.03599 0.787929 0.693596 0.650439 0.227526 0.228211 0.577528 0.188267 0.0395369 0.0035978 0.00170199 0.000259912 0.000125987 4.70505e-05 2.46025e-05 6.12306e-06 4.43992e-06 3.49332e-06 4.61411e-07 2.18775e-07 7.49577e-08 9.56921e-09 5.41639e-09 2.32094e-09 2.72991e-09 8.59569e-10 5.44428e-10
threshold=1.0815494656562807 -1.0886315107345579 0.22056066244840625 1.5857200622558596 0.23184519261121753 0.96141779422760021 -0.94212457537651051 0.90908932685852062 0.29989196360111242 0.093655668199062361 0.66634392738342296 0.69062677025794994 1.0000000180025095e-35 0.8967096507549287 -0.76728239655494679 -0.098026972264051424 -0.72118312120437611 -0.32000222802162165 0.037868009880185134 1.1554582118988039 1.0000000180025095e-35 -0.066202796995639787 -0.83268636465072621 -0.048178344964981072 -0.66452947258949269 0.19348940998315814 -0.61910891532897938 -0.51275493204593647 -0.40517626702785486 -0.10362702608108519
decision_type=2 2 2 2 2 2 2 2 2 2 2 2 2 2 2 2 2 2 2 2 2 2 2 2 2 2 2 2 2 2
left_child=1 2 6 5 -2 7 -1 8 11 -10 15 13 -4 16 -11 -6 -3 -16 20 -17 21 22 -18 24 -24 26 -26 -28 29 -29
right_child=4 3 12 -5 10 -7 -8 -9 9 14 -12 -13 -14 -15 17 19 18 -19 -20 -21 -22 -23 23 -25 25 -27 27 28 -30 -31
leaf_value=-0.054970984084893461 -0.00055433443291924849 -0.051272496446187622 0.051493052532084686 0.069123795708030331 0.052046118320311953 0.048589272076967012 0.0077688432193462097 -0.087501522162572343 0.044143532720578818 -0.053216007322995966 0.084483623633219429 -0.06556154221846798 0.055847962226407893 -0.054413083901303727 -0.050405891824469612 0.051042613282158325 -0.050288088905637289 -0.051232133321968354 -0.050560133321573247 0.051267396312151506 -0.050535705674125457 -0.050324231193362601 -0.050244306200448285 -0.050275381733321703 -0.050235741363088296 -0.05024053716259326 -0.050235319874420259 -0.050231994875549246 -0.050225717496251113 -0.050227874332043593
leaf_weight=0.70474630128592253 0.69958444125950459 0.12778354110196177 0.99311101343482711 0.20011930167675007 0.75785326119512364 0.18183531798422325 0.99825955042615466 0.39035502076148976 0.22609727503731836 0.15980653930455446 0.58956115972250689 0.54204252362251271 0.90776878781616688 0.28661086177453388 0.19146842788904905 0.38790841866284587 0.20713027007877838 0.17016959749162197 0.1880302159115671 0.50654050335288048 0.11074506817385543 0.17720003426075126 0.11956822406500567 0.10021978011354793 0.10678216861560885 0.10411690874025215 0.11626400239765589 0.09629435790702634 0.492010997841136 0.47850881097838283
leaf_count=19 9 12 30 1 26 6 24 2 10 4 9 3 18 8 28 20 39 13 23 22 11 31 25 19 23 22 25 21 110 106
internal_value=0 -0.0156043 0.0196594 -0.0422294 0.0457709 -0.0471023 -0.0181945 -0.0510648 -0.0475097 -0.0225978 0.0602269 -0.053234 0.0535727 -0.0507694 -0.0515367 0.0515718 -0.0503387 -0.0507947 -0.0502867 0.0511699 -0.0502624 -0.0502472 -0.0502397 -0.0502335 -0.0502307 -0.0502296 -0.0502287 -0.050228 -0.0502273 -0.0502286
internal_weight=0 8.37704 3.60389 4.77316 2.94145 4.57304 1.70301 4.3912 4.00085 0.747542 2.24186 3.25331 1.90088 2.71127 0.521445 1.6523 2.42465 0.361638 2.29687 0.894449 2.10884 1.9981 1.8209 1.61377 1.51355 1.39398 1.28986 1.18308 1.06681 0.574803
internal_count=719 633 91 542 86 541 43 535 533 55 77 478 48 475 45 68 467 41 455 42 432 421 390 351 332 307 285 262 237 127
is_linear=0
shrinkage=0.05


Tree=78
num_leaves=31
num_cat=0
split_feature=13 4 2 11 3 16 2 13 3 10 12 11 27 15 17 8 18 14 3 13 14 13 4 0 5 11 4 10 14 17
split_gain=3.0714 2.96973 1.75163 0.976147 0.77071 0.655601 0.443953 0.196092 0.217542 0.546686 0.179037 0.0333481 0.0034292 0.00146331 0.000222735 0.000103553 4.05243e-05 2.12215e-05 7.10378e-06 5.27152e-06 3.0039e-06 3.9707e-07 1.88293e-07 8.39583e-08 8.76545e-09 3.88285e-09 2.38236e-09 1.99125e-09 2.04271e-09 7.0669e-10
threshold=1.0815494656562807 -1.0886315107345579 0.22056066244840625 1.5857200622558596 0.23184519261121753 0.96141779422760021 -0.14624849706888196 0.90908932685852062 0.29989196360111242 0.093655668199062361 2.1491832733154301 0.69062677025794994 1.0000000180025095e-35 0.8967096507549287 -0.76728239655494679 -0.18777844309806821 -0.72118312120437611 -0.32000222802162165 1.4674609303474428 0.037868009880185134 1.0000000180025095e-35 -0.066202796995639787 -0.83268636465072621 -0.097276192158460603 -0.66452947258949269 -0.71982312202453602 -0.57674121856689442 0.32301917672157293 -0.46503421664237971 1.2224754095077517
decision_type=2 2 2 2 2 2 2 2 2 2 2 2 2 2 2 2 2 2 2 2 2 2 2 2 2 2 2 2 2 2
left_child=1 2 6 5 -2 7 -1 8 11 -10 15 13 -4 16 -11 -6 -3 -16 -17 20 21 22 -18 24 -24 -26 -27 29 -29 -28
right_child=4 3 12 -5 10 -7 -8 -9 9 14 -12 -13 -14 -15 17 18 19 -19 -20 -21 -22 -23 23 -25 25 26 27 28 -30 -31
leaf_value=0.0080447023889460498 -0.00052656110632620721 -0.051210164597741192 0.051211246002372583 0.067846547557570386 0.051919934584261286 0.048128665050521394 -0.043211279118245419 -0.084891076649926303 0.043464688108936382 -0.053051791214080879 0.084695015475540938 -0.064575101889786976 0.055559212286572658 -0.054188665527177264 -0.05038599777221784 0.050956963141921323 -0.050273979195854426 -0.051172487320565951 0.05124527581015096 -0.050532720290444214 -0.050509328890981781 -0.050308347134262646 -0.0502323363187306 -0.050266927765851482 -0.050227897576699633 -0.050225023599971642 -0.05021517992258711 -0.050216175482445315 -0.050226736622865302 -0.050219800450145895
leaf_weight=0.85010167025029659 0.69965779781341675 0.12169568380340923 0.94974490534514167 0.1938512623310088 0.7390906168147926 0.17458118870854367 0.83980836719274454 0.38244134187698353 0.21834544278681267 0.1524713383987546 0.54384147189557541 0.52328208088874806 0.86787067912518978 0.27373323403298844 0.1822005002759397 0.39476041309535481 0.19708231091499384 0.16205424349755049 0.46568323392421007 0.17895445646718133 0.10539759183302511 0.16860976442694764 0.11376323178410563 0.097654226701706093 0.090034186840057484 0.08896508812904369 0.87024596077389949 0.094252606853842735 0.089037021156400442 0.091449503321200609
leaf_count=33 9 12 30 1 27 6 10 2 10 4 7 3 18 8 28 22 39 13 21 23 11 31 25 19 20 20 204 22 20 21
internal_value=0 -0.0153884 0.0192174 -0.0419482 0.0450384 -0.0468117 -0.0174272 -0.0507565 -0.0473384 -0.0224756 0.0599121 -0.0530658 0.0532873 -0.0507322 -0.0514609 0.0514859 -0.0503221 -0.0507562 0.051113 -0.0502727 -0.0502495 -0.0502351 -0.050228 -0.0502221 -0.050219 -0.0502179 -0.0502171 -0.0502165 -0.0502213 -0.0502156
internal_weight=0 8.07763 3.50753 4.5701 2.84303 4.37625 1.68991 4.20167 3.81923 0.715072 2.14338 3.10416 1.81762 2.58087 0.496726 1.59953 2.30714 0.344255 0.860444 2.18545 2.00649 1.90109 1.73248 1.5354 1.43775 1.32398 1.23395 1.14499 0.18329 0.961695
internal_count=719 633 91 542 86 541 43 535 533 55 77 478 48 475 45 70 467 41 43 455 432 421 390 351 332 307 287 267 42 225
is_linear=0
shrinkage=0.05


Tree=79
num_leaves=31
num_cat=0
split_feature=19 4 3 13 5 11 3 18 3 16 11 13 4 17 9 14 5 3 13 9 17 14 3 4 13 17 12 7 5 19
split_gain=2.94418 2.19677 1.01572 1.43667 0.90953 0.750245 0.45825 0.447576 0.177335 0.111533 0.0257117 0.00678128 0.00391957 0.00181815 0.000702444 6.71984e-05 3.76014e-06 3.17576e-06 5.62035e-07 1.16891e-07 4.54703e-08 4.5219e-08 7.02264e-09 5.50017e-09 3.61578e-09 7.85581e-10 5.1001e-10 1.19985e-10 5.52525e-11 1.72903e-11
threshold=1.0777018666267397 -0.96065890789031971 0.47381128370761877 -0.13756562769412992 0.40199327468872076 0.98273175954818737 1.65289843082428 -0.78355848789215077 1.5298002362251284 0.21363908052444461 -0.75320655107498158 0.56119546294212352 -1.152617812156677 -2.1220113039016719 0.12842184305191043 0.034210531972348697 -0.75340637564659108 0.29989196360111242 0.06462907046079637 -0.031816856935620301 -0.6652928590774535 -0.14707946777343747 0.19688674062490466 -0.19282352924346921 -0.31002579629421229 1.2705836892127993 -0.66942706704139698 -0.095275439321994768 0.7373015582561494 -0.17417945712804792
decision_type=2 2 2 2 2 2 2 2 2 2 2 2 2 2 2 2 2 2 2 2 2 2 2 2 2 2 2 2 2 2
left_child=1 2 3 7 9 6 8 -1 10 -2 -3 14 -11 -4 15 16 -12 18 19 20 -18 22 23 24 -22 26 -25 28 29 -28
right_child=4 5 13 -5 -6 -7 -8 -9 -10 12 11 -13 -14 -15 -16 -17 17 -19 -20 -21 21 -23 -24 25 -26 -27 27 -29 -30 -31
leaf_value=-0.075920900247458942 0.07650264836008859 -0.027473663810002737 0.052791175028646477 0.026177754619397475 -0.002205450011238307 0.052275804282370247 0.041126449258148748 -0.018749733857713276 -0.094500766189712093 0.055320789612957701 -0.050475963132094792 -0.058065876068662939 0.049956960738873131 0.04866397028059774 -0.053262423537544783 -0.051254706222610857 -0.050244863428563116 -0.050412301929164155 -0.050347952686406378 -0.050272318716721498 -0.050208656228807949 -0.050244331262255963 -0.050221378101345172 -0.050208502252266141 -0.050220954509947326 -0.050209860316396418 -0.050204558948908851 -0.050202535120126915 -0.050205799076141235 -0.050203920412540126
leaf_weight=0.59267307585105278 0.70493361726403314 0.11563985887915018 0.56200186256319284 1.6239033415913582 0.804240122437477 0.18847068026661862 0.13183152768760908 0.81048014620319031 0.24915340542793263 0.57530012354254767 0.20157575584016996 0.34777694195508946 0.83480956219136648 0.50808967836201169 0.22804155386984337 0.18915333412587632 0.10352374939248177 0.25674571795389045 0.085512658581137546 0.087795401457694378 0.14873266266658902 0.092021707911042028 0.091453543864190467 0.082484920043500054 0.0999153424054402 0.083180635701864958 0.46259165648371159 0.080291778314855344 0.081632170360535383 0.13753650058060884
leaf_count=20 13 20 20 28 23 6 4 37 1 15 34 3 36 20 8 12 23 37 14 17 36 20 21 20 23 20 114 20 20 34
internal_value=0 -0.0159755 0.00896037 -0.00584146 0.0430538 -0.0447946 -0.0502451 -0.0428981 -0.0539805 0.0602635 -0.0505876 -0.0515222 0.0521453 0.0508315 -0.0506163 -0.0503522 -0.0502707 -0.0502488 -0.0502232 -0.0502163 -0.0502129 -0.0502105 -0.050208 -0.050207 -0.0502136 -0.0502052 -0.0502048 -0.0502044 -0.0502046 -0.0502044
internal_weight=0 7.64221 4.09715 3.02706 2.91928 3.54506 3.35659 1.40315 3.22476 2.11504 2.97561 2.85997 1.41011 1.07009 2.51219 2.28415 2.09499 1.89342 1.63667 1.55116 1.46336 1.35984 1.26782 1.17637 0.248648 0.927718 0.844537 0.762052 0.68176 0.600128
internal_count=719 632 125 85 87 507 501 57 497 64 496 476 51 40 473 465 453 419 382 368 351 328 308 287 59 228 208 188 168 148
is_linear=0
shrinkage=0.05


Tree=80
num_leaves=31
num_cat=0
split_feature=13 4 28 15 13 0 18 17 14 9 11 18 2 7 28 14 2 13 28 14 4 17 13 0 28 4 11 16 17 9
split_gain=4.1873 2.26051 1.36863 1.02646 0.964506 0.639977 0.121806 0.117695 0.0596023 0.010205 0.00965427 0.00149552 0.000160886 8.61989e-05 4.8264e-05 4.74342e-06 3.82302e-06 2.64497e-06 2.20662e-06 1.43157e-06 1.55666e-07 8.50349e-08 8.27683e-08 3.49962e-08 1.68155e-08 3.95266e-09 1.87404e-09 1.60709e-09 4.48465e-10 9.70573e-11
threshold=1.0815494656562807 -1.0886315107345579 0.28730009496212011 2.3212531805038457 -0.32786650955677027 0.711773842573166 0.7847367823123933 0.66634392738342296 0.72869068384170543 -0.096418764442205415 1.3082203269004824 0.44167216122150427 1.2111750245094302 -0.10250829905271529 1.0538238286972048 -0.70768392086029042 1.1163700819015505 0.037868009880185134 0.28066459298133856 -0.024360082112252709 -0.83268636465072621 -0.76728239655494679 -0.34570722281932825 -0.12458373233675955 -0.7425599694252013 -0.51275493204593647 -0.67809385061264027 0.083966474980115904 1.2378700971603396 -0.08116102963685988
decision_type=2 2 2 2 2 2 2 2 2 2 2 2 2 2 2 2 2 2 2 2 2 2 2 2 2 2 2 2 2 2
left_child=1 2 4 5 -1 6 8 11 10 -4 12 -2 14 -13 15 -3 -15 18 19 20 22 -22 -17 24 -23 -26 -27 28 29 -28
right_child=7 3 9 -5 -6 -7 -8 -9 -10 -11 -12 13 -14 16 -16 17 -18 -19 -20 -21 21 23 -24 -25 25 26 27 -29 -30 -31
leaf_value=-0.044014273670848841 0.054393823281299963 -0.050616168909606497 0.05421792719370358 0.051960224572366369 0.020952587629572514 0.043672315734160576 -0.073444618316160573 0.077342510073483098 -0.021467703743337212 0.045700856886747521 -0.062954741295404945 0.051850460944744041 -0.052068369205145959 0.050933071804226106 -0.051465107625677964 -0.050219018922380232 0.051143279273315627 -0.050472406148455266 -0.050386134977510592 -0.050415684258636212 -0.050249645167152759 -0.050219633445911752 -0.050284088928521875 -0.050228497554434565 -0.050205040054063392 -0.050202984494445518 -0.05019443649046932 -0.050202353061119864 -0.050198565808021817 -0.050196177754476407
leaf_weight=1.1472629304043951 0.56721294857561622 0.09297441667877393 0.82617442030459642 0.2703845165669917 1.1379581480287018 0.17719273269176472 0.64006540598347772 0.61137451138347376 0.18023719824850548 0.61239275569096185 0.16343380510807026 0.53416802734136581 0.13790917210280884 0.4135642349719999 0.087227684911340364 0.098403641721233726 0.45345930941402912 0.12745251669548441 0.222727168817073 0.088343307375906455 0.095466655446219462 0.089469095459210668 0.097085187910127657 0.10643378342501209 0.14189924788661556 0.092430216260256937 0.75614499370567734 0.079783992143347859 0.078747361665591598 0.089499649824566707
leaf_count=36 13 14 23 4 16 8 7 9 4 24 1 19 8 24 6 23 22 19 34 12 21 21 19 24 35 23 196 20 20 23
internal_value=0 -0.0154989 0.0123873 -0.0420345 -0.0116631 -0.049011 -0.0537496 0.0581796 -0.0492883 0.0505922 -0.0511838 0.0522277 -0.0504087 0.0513508 -0.0503111 -0.0502665 0.051043 -0.0502514 -0.0502376 -0.0502194 -0.0502093 -0.050204 -0.0502513 -0.0502009 -0.0501987 -0.0501972 -0.0501962 -0.0501955 -0.050195 -0.0501946
internal_weight=0 7.6371 3.72379 3.91331 2.28522 3.64293 3.46573 2.57978 2.82567 1.43857 2.64543 1.9684 2.482 1.40119 2.34409 2.25686 0.867024 2.16389 2.03643 1.81371 1.72536 1.52987 0.195489 1.43441 1.32797 1.23851 1.09661 1.00418 0.924392 0.845645
internal_count=728 641 99 542 52 538 530 87 523 47 519 78 518 65 510 504 46 490 471 437 425 383 42 362 338 317 282 259 239 219
is_linear=0
shrinkage=0.05


Tree=81
num_leaves=31
num_cat=0
split_feature=13 4 0 8 14 0 18 18 18 17 10 2 18 14 7 11 3 8 2 7 13 13 0 2 11 4 17 20 3 4
split_gain=3.95316 2.14632 1.46344 1.14955 1.49262 0.387441 0.355162 0.119573 0.180095 0.104676 0.00772232 0.00256432 0.00128812 7.99857e-05 7.40441e-05 3.00698e-05 4.9129e-06 3.47467e-06 3.2822e-06 1.64966e-06 3.6292e-07 3.09455e-07 4.91274e-08 2.86026e-08 1.07598e-08 5.02302e-09 2.13773e-09 1.23328e-09 7.59948e-10 2.41449e-10
threshold=1.0815494656562807 -0.89667263627052296 -0.18453065305948255 -0.19138064235448835 0.27489149570465093 0.711773842573166 -0.026143180206418034 0.98077368736267101 0.38375216722488409 0.66634392738342296 0.10939162597060205 2.027431964874268 0.44167216122150427 0.034210531972348697 -0.10250829905271529 -0.54873305559158314 0.25802253186702734 -0.22841572016477582 1.1163700819015505 -0.095275439321994768 -0.35165412724018091 0.011456758715212347 -0.096860684454441057 -1.0154227614402769 -0.69061261415481556 -0.38478237390518183 -0.62680625915527333 -0.28597371280193323 0.15472862124443057 -0.064850963652133928
decision_type=2 2 2 2 2 2 2 2 2 2 2 2 2 2 2 2 2 2 2 2 2 2 2 2 2 2 2 2 2 2
left_child=1 2 3 4 10 7 -4 8 11 12 -1 13 -2 16 -14 -12 17 -3 -16 -18 -17 22 23 -19 -25 27 -27 -26 29 -28
right_child=9 5 6 -5 -6 -7 -8 -9 -10 -11 15 -13 14 -15 18 20 19 21 -20 -21 -22 -23 -24 24 25 26 28 -29 -30 -31
leaf_value=-0.063182313903067444 0.054174695153230881 -0.050449332756798339 0.015414567283246132 -0.09400877937280494 0.056266306519122893 0.039691751798806026 0.052615936724235091 -0.075789225524479531 0.012018668689248464 0.076271567877810351 -0.051077757680056263 -0.057913419371535893 0.051757965556617602 -0.051428692121776268 0.05088681521719908 -0.05024821417944119 -0.050342975520332484 -0.050218844393936701 0.051086420395753146 -0.050579101921665121 -0.05037805139317051 -0.050277767474197356 -0.050231558189709424 -0.050204646065418301 -0.05019132443219914 -0.050194435509875582 -0.050187910071350129 -0.050199663174244492 -0.050189802781020892 -0.050184919608260825
leaf_weight=0.16510894894599892 0.54167689662426743 0.15370728471316519 1.6848206589929762 0.49060571193695057 0.56627832911908627 0.12007109727710474 1.0361370106693355 0.44544246466830362 0.12040504184551526 0.58951756451278914 0.29032008303329315 0.11797114461660374 0.50900146644562483 0.1569084133952855 0.39374304842203833 0.12709430279210177 0.17843683063983917 0.087325962958858416 0.43181181233376265 0.12634126376360644 0.093353935517371367 0.11793783609755326 0.079849539557471316 0.10392342158593337 0.087023730855435133 0.076565797440708461 0.074565376155079188 0.09040299570188004 0.10136810690164566 0.71209581312723114
leaf_count=1 13 29 39 2 10 4 28 5 14 9 17 1 19 9 24 27 31 21 22 13 15 24 18 26 23 20 20 23 27 194
internal_value=0 -0.0152019 0.0067088 -0.0292071 -0.00361285 -0.0482775 0.0295808 -0.0520095 -0.0475679 0.0578929 -0.0537821 -0.0507363 0.0521183 -0.0503418 0.0512837 -0.0507435 -0.0502561 -0.0502227 0.0509912 -0.0504409 -0.0503032 -0.0502 -0.0501935 -0.0501912 -0.0501892 -0.0501878 -0.0501864 -0.0501956 -0.0501857 -0.0501852
internal_weight=0 7.40406 4.45372 1.73276 1.24216 2.95034 2.72096 2.83027 2.38483 2.46575 0.675877 2.26442 1.87623 2.14645 1.33456 0.510768 1.98954 1.68477 0.825555 0.304778 0.220448 1.53106 1.41312 1.33327 1.24595 1.14202 0.964595 0.177427 0.888029 0.786661
internal_count=728 641 139 72 70 502 67 498 493 87 60 479 78 478 65 59 469 425 46 44 42 396 372 354 333 307 261 46 241 214
is_linear=0
shrinkage=0.05


Tree=82
num_leaves=31
num_cat=0
split_feature=13 4 3 15 13 7 13 3 10 17 11 9 18 7 2 7 2 14 8 5 13 4 5 11 18 16 4 14 8 7
split_gain=3.7333 2.04288 1.25215 0.92835 0.853699 0.316243 0.0962522 0.108482 0.214419 0.0928003 0.0225642 0.0108111 0.00110945 6.36102e-05 2.78401e-05 2.86465e-06 2.81819e-06 1.08501e-06 5.33347e-07 1.50018e-07 5.085e-08 1.81212e-08 5.38341e-09 2.47275e-09 1.64905e-09 1.78094e-09 1.02857e-09 5.17403e-10 4.58619e-10 1.00262e-10
threshold=1.0815494656562807 -1.0886315107345579 0.28730009496212011 2.3212531805038457 -0.32786650955677027 0.11649989709258081 0.90908932685852062 0.34605717658996588 0.093655668199062361 0.66634392738342296 0.69062677025794994 -0.097879610955715166 0.44167216122150427 -0.10250829905271529 1.2111750245094302 -0.10371747240424155 1.1163700819015505 -0.041094543412327759 0.20531125366687777 -0.67664906382560719 1.0000000180025095e-35 -0.83268636465072621 1.4846753478050234 -0.71982312202453602 1.0000000180025095e-35 0.10990099236369134 -0.44876866042613978 -0.44829976558685297 -0.066992286592721925 -0.099553667008876787
decision_type=2 2 2 2 2 2 2 2 2 2 2 2 2 2 2 2 2 2 2 2 2 2 2 2 2 2 2 2 2 2
left_child=1 2 4 5 -1 6 7 10 -9 12 14 -4 -2 -14 15 -3 -15 18 19 -17 21 -21 23 -23 25 26 -25 -26 29 -28
right_child=9 3 11 -5 -6 -7 -8 8 -10 -11 -12 -13 13 16 -16 17 -18 -19 -20 20 -22 22 -24 24 27 -27 28 -29 -30 -31
leaf_value=-0.041830467440333155 0.053966712379140275 -0.050413879232015138 0.054053237473999233 0.050274113512012289 0.020234010605725591 0.026280926144900459 -0.076149236002216902 0.022928224827400118 -0.051169270774477152 0.075205287462157919 -0.062390759798669537 0.045016863545821559 0.051670201833562662 0.050842886810941894 -0.05115823722296621 -0.050235261343819393 0.051032439424389467 -0.050373043161869635 -0.050315725447222071 -0.050203546993083881 -0.050224290615605606 -0.05018765120741811 -0.050192268136586338 -0.050182443065265314 -0.050180323554780304 -0.05018488406802929 -0.050176119875858398 -0.050186299597933554 -0.050180031903958616 -0.050174148672429281
leaf_weight=1.1200635137502106 0.51719459705054793 0.18376511055976275 0.74951009079813957 0.25636779330670822 1.0964362523518505 0.13585995137691487 0.35512603074312199 0.14963545557111491 0.28093332191929221 0.56851676385849703 0.47746989130973805 0.59277704823762156 0.48497881181538105 0.37485541217029072 0.083744784351438173 0.15925362752750616 0.41117561887949705 0.091910122428088825 0.088412283221259602 0.087644845712930741 0.073822443839162699 0.077896083239466507 0.082986697787418851 0.07587779033929154 0.071443072287365794 0.07655807607807219 0.58057522634044334 0.073462788248434663 0.074888021219519096 0.072571184253320098
leaf_count=36 13 35 22 4 16 6 2 11 35 9 3 25 19 24 6 37 22 14 16 22 18 21 22 21 20 21 166 20 21 21
internal_value=0 -0.014932 0.011951 -0.0414322 -0.011129 -0.0484422 -0.051597 -0.0485513 -0.0254182 0.0576087 -0.0526464 0.0500626 0.0520143 0.0512199 -0.0502663 -0.0502264 0.050942 -0.050206 -0.0501964 -0.0501894 -0.0501839 -0.0501816 -0.05018 -0.0501791 -0.0501784 -0.0501776 -0.0501769 -0.0501834 -0.0501763 -0.0501759
internal_weight=0 7.16899 3.55879 3.6102 2.2165 3.35384 3.21798 2.86285 0.430569 2.35672 2.43228 1.34229 1.7882 1.27101 1.95481 1.87107 0.786031 1.6873 1.59539 1.50698 1.34773 1.2739 1.18626 1.10327 1.02538 0.88047 0.803912 0.144906 0.728034 0.653146
internal_count=728 641 99 542 52 538 532 530 46 87 484 47 78 65 481 475 46 440 426 410 373 355 333 311 290 250 229 40 208 187
is_linear=0
shrinkage=0.05


Tree=83
num_leaves=31
num_cat=0
split_feature=13 4 0 8 16 16 0 7 16 2 13 9 2 16 8 3 13 1 2 18 3 5 12 13 0 8 7 11 18 4
split_gain=3.52459 1.93344 1.30095 1.03161 0.588104 0.367111 0.352937 0.175516 0.118199 0.0870361 0.0753363 0.0167351 0.00816506 0.00102824 4.38878e-05 2.47715e-05 1.49345e-05 8.62382e-06 3.58521e-06 3.58225e-06 1.6617e-06 2.70146e-07 2.97818e-07 1.20484e-07 6.45381e-08 2.25442e-08 1.4072e-08 2.10573e-09 1.52764e-09 1.09796e-09
threshold=1.0815494656562807 -0.89667263627052296 -0.18453065305948255 -0.19138064235448835 -0.27401645481586451 -0.25318230688571924 0.711773842573166 -0.088022287935018526 0.33466683328151708 2.1803799867630009 1.304558336734772 0.27161732316017156 2.027431964874268 0.0061629081610590228 -0.14579033851623532 0.97458308935165416 0.19546093791723254 -1.8017750978469846 1.7580562233924868 -0.67217388749122609 0.25802253186702734 -0.67664906382560719 -0.12639207020401952 -0.095937307924032197 -0.18613329529762265 0.067864943295717253 -0.1037011295557022 -0.71982312202453602 1.0000000180025095e-35 -0.44876866042613978
decision_type=2 2 2 2 2 2 2 2 2 2 2 2 2 2 2 2 2 2 2 2 2 2 2 2 2 2 2 2 2 2
left_child=1 2 3 4 17 -4 8 -7 9 11 -2 12 15 -12 -15 16 19 -1 -16 -3 21 22 -21 25 -25 26 -23 -28 29 -29
right_child=10 6 5 -5 -6 7 -8 -9 -10 -11 13 -13 -14 14 18 -17 -18 -19 -20 20 -22 23 -24 24 -26 -27 27 28 -30 -31
leaf_value=-0.051022190167659624 0.072811422323302288 -0.050544058128217398 0.00066897550103440378 -0.089411434021189506 0.023618611314126264 0.022023290216211133 0.038147225862577315 0.054024644815366285 0.0017062296743876649 -0.082317938436618013 0.053952771617738773 -0.029384467540198585 -0.059734390987270639 0.051525176461872935 0.050809234027378962 -0.051175704808316624 -0.050824538281071044 -0.050559346509206349 0.05103407514676557 -0.050180729533758586 -0.050345988483400751 -0.05019038547786539 -0.050310756814427496 -0.050189159535273968 -0.050251851270783791 -0.050199491892901904 -0.050177987462348084 -0.05017372146963766 -0.050174148830740686 -0.05016749556960929
leaf_weight=0.17539235949516263 0.58244729600846801 0.082018691580743819 0.81541291973553631 0.48698270320892323 0.75052543287165474 0.71613168623298418 0.11478155013173807 1.0666630538180466 0.10053083766251791 0.23846502602100361 0.45568163320422161 0.089649331057444104 0.26039540767669667 0.50252766627818346 0.37739253323525168 0.076552865793928393 0.10923217609524716 0.23613351723179221 0.33439625054597855 0.088524312246590853 0.18634968483820546 0.089878688799218009 0.087629725923762725 0.085414998000487685 0.079040635609998078 0.077211996540427097 0.070554812904447983 0.079202291788533996 0.12391265877522528 0.66869290871545539
leaf_count=9 10 15 24 2 24 15 4 28 13 1 11 7 2 23 25 8 11 37 18 25 32 25 17 24 18 20 20 23 36 201
internal_value=0 -0.0146364 0.00641359 -0.0283215 -0.00272044 0.0284593 -0.0476509 0.04117 -0.0514484 -0.0535921 0.0573277 -0.0505534 -0.0514301 0.0519275 0.0511674 -0.0502945 -0.0502576 -0.0507566 0.0509149 -0.0502216 -0.0502054 -0.0501874 -0.0502454 -0.0501794 -0.0502193 -0.0501734 -0.0501715 -0.0501697 -0.050169 -0.0501682
internal_weight=0 6.95528 4.24724 1.64903 1.16205 2.59821 2.70804 1.78279 2.59326 2.49273 2.25245 2.25426 2.16461 1.67 1.21432 1.90422 1.82766 0.411526 0.711789 1.71843 1.63641 1.45006 0.176154 1.27391 0.164456 1.10945 1.03224 0.942363 0.871808 0.747895
internal_count=728 641 139 72 70 67 502 43 498 485 87 484 477 77 66 475 467 46 43 456 441 409 42 367 42 325 305 280 260 224
is_linear=0
shrinkage=0.05


Tree=84
num_leaves=31
num_cat=0
split_feature=19 0 1 10 3 5 19 12 5 14 17 3 2 18 20 7 5 14 3 4 3 5 9 17 4 14 7 3 15 11
split_gain=2.92411 1.76264 1.35914 0.892096 1.16678 0.263737 0.145547 0.113521 0.070974 0.0697967 0.0652632 0.0170892 0.00151616 0.000566333 7.96913e-05 3.13597e-05 1.44966e-05 1.10707e-06 9.5827e-07 6.29096e-07 1.76012e-07 3.96974e-08 2.99737e-08 2.33326e-08 6.64554e-09 3.04278e-09 1.46134e-09 7.62906e-10 7.49152e-10 3.62865e-10
threshold=1.0777018666267397 -0.14741186052560803 -0.81352543830871571 0.061230054125189788 0.50762209296226513 0.4181527048349381 -0.81693643331527699 1.7280540466308596 -0.71300777792930592 -1.0000000180025095e-35 0.693284571170807 1.0538238286972048 2.027431964874268 0.56642293930053722 0.73234385251998912 -0.10250829905271529 -0.8907615840435027 -0.013203775510191916 0.25802253186702734 -0.96065890789031971 0.25802253186702734 -0.67664906382560719 -0.050515701994299882 -0.67299020290374745 -0.25680980831384653 -0.2921114563941955 -0.098026972264051424 -0.16107042878866193 -0.48747852444648737 -0.65931564569473255
decision_type=2 2 2 2 2 2 2 2 2 2 2 2 2 2 2 2 2 2 2 2 2 2 2 2 2 2 2 2 2 2
left_child=1 2 -1 8 6 10 -5 11 -3 14 13 12 16 -2 18 -15 -4 19 22 -18 21 -21 -8 -23 25 27 28 -25 -26 -30
right_child=5 3 7 4 -6 -7 9 -9 -10 -11 -12 -13 -14 15 -16 -17 17 -19 -20 20 -22 23 -24 24 26 -27 -28 -29 29 -31
leaf_value=0.0070993341965778795 0.053439699718911986 0.055630944208860139 -0.050683374367518658 -0.0038450459674226598 0.042518361468083965 0.021318791060909354 -0.050167604846078441 -0.072350803679858425 0.032244458917966429 -0.085525595187288528 0.071794787645825767 -0.026851334831505966 -0.056519275498137435 0.051473746423187451 -0.051916506863295055 0.050809395038615535 -0.050287096321033134 -0.050371138301359281 -0.050390921281822459 -0.050196254097061681 -0.050245236649414826 -0.050192925881125373 -0.050210446649292639 -0.050162895175453637 -0.050164524724599015 -0.050179616447071911 -0.050168335177068417 -0.050170332476362357 -0.050163510078828612 -0.05015957138242369
leaf_weight=1.2444533212110402 0.45182193629443668 0.77213450707495213 0.1677701915614308 0.11679018475115299 0.53972545475699008 0.61873444076627482 0.095928313676267862 0.77630098164081562 0.55950300884433113 0.24283941090106942 0.65078529156744469 0.079099509632214793 0.10204132646322239 0.40469383355230093 0.10103247780352831 0.31658861879259348 0.13231008080765594 0.082926644943654648 0.086442291969433427 0.11271259281784263 0.078473610104992875 0.070575693389400507 0.071076820604503155 0.064533018041402102 0.104107914725318 0.070694638183339875 0.066077650291846535 0.074043797794729471 0.064875932876020115 0.59280062234029229
leaf_count=29 13 21 27 6 24 27 29 4 24 1 9 6 1 18 8 22 27 12 13 30 18 20 18 20 32 20 20 22 20 187
internal_value=0 -0.014682 -0.0359764 0.0173056 -0.012962 0.0495269 -0.0548942 -0.0562867 0.0458048 -0.0648756 0.0590962 -0.0495931 -0.0506014 0.0520516 -0.0507291 0.0511821 -0.0502424 -0.0501935 -0.0502558 -0.0501832 -0.0501727 -0.050168 -0.0501858 -0.0501651 -0.0501632 -0.0501712 -0.0501612 -0.0501669 -0.0501606 -0.05016
internal_weight=0 6.46927 3.8838 2.58547 1.25383 2.44262 0.714109 2.63934 1.33164 0.597319 1.82389 1.86304 1.78394 1.1731 0.35448 0.721282 1.6819 1.51413 0.253447 1.43121 1.2989 1.22042 0.167005 1.10771 1.03713 0.209271 0.827862 0.138577 0.761784 0.657677
internal_count=728 639 495 144 99 89 75 466 45 69 62 462 456 53 68 40 455 428 60 416 389 371 47 341 321 62 259 42 239 207
is_linear=0
shrinkage=0.05


Tree=85
num_leaves=31
num_cat=0
split_feature=19 0 0 13 15 18 11 7 5 12 16 20 11 28 2 17 19 5 28 1 14 4 4 28 13 4 0 16 4 19
split_gain=2.73924 1.78388 1.39593 0.942302 1.18453 0.566779 0.193437 0.139109 0.326783 0.0941669 0.0724205 0.0177194 0.0132956 0.00148005 0.0012536 0.000418465 4.22142e-05 3.52833e-05 2.36138e-05 1.01812e-05 1.56062e-06 1.16289e-06 7.81476e-07 5.2887e-07 1.34844e-07 3.95494e-08 1.9619e-08 3.57706e-09 1.97028e-09 6.25028e-10
threshold=1.0777018666267397 -0.14741186052560803 -0.19799613952636716 0.097337033599615111 -1.907986521720886 -0.097429323941469179 1.9508512616157534 0.65208876132965099 -0.46657638251781458 1.7280540466308596 -0.045706134289503091 1.0904579162597658 0.78451767563819896 0.31959420442581182 2.027431964874268 -0.81346631050109852 2.4996149539947514 -0.8907615840435027 0.97458308935165416 1.0000000180025095e-35 -0.013203775510191916 -0.70471379160881031 -0.96065890789031971 0.25802253186702734 -0.10783111304044722 1.0000000180025095e-35 -0.074985306710004793 0.15312519669532779 -0.70471379160881031 0.012668502517044546
decision_type=2 2 2 2 2 2 2 2 2 2 2 2 2 2 2 2 2 2 2 2 2 2 2 2 2 2 2 2 2 2
left_child=1 2 -1 4 -3 -2 9 8 -6 11 -7 14 -5 -12 17 -10 21 -4 20 -17 22 -15 -19 26 27 -26 -21 28 -24 -30
right_child=5 3 6 12 7 10 -8 -9 15 -11 13 -13 -14 16 -16 19 -18 18 -20 23 -22 -23 24 -25 25 -27 -28 -29 29 -31
leaf_value=0.058421340459919618 -0.0021037957260053733 0.044583874808870022 -0.050842672129969471 0.04168891012352776 0.052317509641258308 0.075477961860890772 -0.021784024243762804 -0.0806277678634367 -0.05329813337060392 -0.069247942467363183 0.054538419972584733 -0.027260008198918308 0.05252843663389864 0.050678775823295046 -0.056161028292287377 -0.050845997427832149 0.051411945607625631 -0.050298614803414791 -0.051137682172688582 -0.050159289475481719 -0.050387594199978014 0.050817669898984376 -0.050161603025600736 -0.050327499310877044 -0.050220540400733905 -0.050176380828627791 -0.050195685479212521 -0.05016640482675342 -0.050153022334695235 -0.050157508731479575
leaf_weight=0.32077584415674243 0.50892105512321029 0.54012341517955065 0.28779311152175124 0.53483332018367924 0.088330304250121117 0.42781499680131707 0.48737427592277516 0.2548456285148859 0.19872427359223366 0.89909066259860981 0.42275356780737583 0.084744493942707666 0.60055989492684603 0.2730906419456004 0.097668185830116161 0.094406507909298165 0.40932372864335775 0.11713615525513921 0.069084351416677348 0.081862041726708412 0.093178313691168468 0.3362562172114848 0.083073959918692819 0.093233121791854501 0.10875200410373476 0.094988397322595119 0.067602997412905097 0.065277788322418928 0.7111518788151443 0.087145896162837744
leaf_count=3 5 19 29 19 3 9 7 2 6 5 10 9 21 22 1 12 20 23 7 26 13 22 26 17 27 29 18 20 234 28
internal_value=0 -0.0184975 -0.0411371 0.0134718 -0.0136909 0.0446766 -0.0508545 -0.0494991 -0.0367892 -0.0559162 0.057413 -0.0496076 0.0474224 0.0520514 -0.0506509 -0.0514783 0.0510192 -0.0503376 -0.0502359 -0.0504054 -0.0501901 0.0507554 -0.0501756 -0.050234 -0.0501631 -0.0502 -0.0501758 -0.0501551 -0.0501543 -0.0501535
internal_weight=0 6.16176 3.60724 2.55452 1.41913 2.37816 3.28646 0.879005 0.624159 2.79909 1.86924 1.89999 1.13539 1.44142 1.81525 0.535829 1.01867 1.71758 1.42979 0.337105 1.3607 0.609347 1.26753 0.242698 1.15039 0.20374 0.149465 0.94665 0.881372 0.798298
internal_count=692 604 461 143 103 88 458 84 82 451 83 446 40 74 437 79 64 436 407 73 400 44 387 61 364 56 44 308 288 262
is_linear=0
shrinkage=0.05


Tree=86
num_leaves=31
num_cat=0
split_feature=19 0 0 13 15 8 10 9 10 11 12 11 16 16 11 15 17 2 17 19 3 13 0 14 4 3 13 16 4 11
split_gain=2.56702 1.67163 1.30915 0.88602 1.11209 0.567114 0.253701 0.443177 0.224101 0.119856 0.0818292 0.0618638 0.0519166 0.0390398 0.0146548 0.00559632 0.00318622 0.00108447 0.000338474 2.8823e-05 1.75286e-05 1.0961e-05 2.78772e-06 1.17843e-06 7.55726e-07 4.42405e-07 6.37043e-08 1.51018e-08 2.13876e-09 5.27769e-10
threshold=1.0777018666267397 -0.14741186052560803 -0.19799613952636716 0.097337033599615111 -1.907986521720886 0.23615507036447528 0.79271370172500621 -0.10300880670547484 0.061230054125189788 2.7562265396118169 1.7280540466308596 4.0644396543502816 -0.028416454792022702 0.23957359790802005 0.78451767563819896 0.057318571954965598 1.072377681732178 2.027431964874268 -0.81346631050109852 2.8901271820068364 0.93471217155456554 0.06462907046079637 -0.096860684454441057 -0.0076256219763308755 -0.96065890789031971 0.25802253186702734 -0.10783111304044722 -0.27401645481586451 -0.76870006322860707 -0.67809385061264027
decision_type=2 2 2 2 2 2 2 2 2 2 2 2 2 2 2 2 2 2 2 2 2 2 2 2 2 2 2 2 2 2
left_child=1 2 -1 4 -3 12 7 -4 -6 10 13 15 -2 17 -5 -10 19 20 -17 22 21 23 -14 24 -9 -20 28 -28 -26 -30
right_child=5 3 6 14 8 -7 -8 9 11 -11 -12 -13 16 -15 -16 18 -18 -19 25 -21 -22 -23 -24 -25 26 -27 27 -29 29 -31
leaf_value=0.057960061558864906 0.072000100026705705 0.043743081535321499 0.052573170492287949 0.040806631230616563 0.018278759967055063 -0.00061990617846268737 -0.012652846242244343 -0.050278524661090285 -0.038305546824174135 -0.092223704599105977 -0.06804999698692181 -0.080087206966035995 0.050893305972348736 -0.011912050377093511 0.052404583163284058 -0.053128567348106816 0.056434289632683737 -0.055824556404457451 -0.050163815014648595 0.05137006981985575 -0.051039189005566511 -0.050694482108373268 0.050674497587994062 -0.050377250846416123 -0.050155264384256132 -0.050309881226454502 -0.050167805979126671 -0.050200012805264732 -0.050150298256611707 -0.050145618942647387
leaf_weight=0.30749824643135104 0.47255725879222188 0.52340888697654009 0.091840490698815169 0.51947231730446197 0.10786525812000058 0.54355907253921021 0.39603221206925798 0.13307910249568622 0.098672934807837009 0.24822252988815297 0.86991247534751881 0.23454467952251434 0.27073417324572802 0.068140473915263899 0.57258630637079477 0.18962044664658606 0.38195217400789261 0.09345063567161549 0.12419402739033103 0.31292182952165604 0.069004287710413226 0.11240990995429445 0.31485615856945492 0.070345370331778789 0.067513806512580099 0.088980542728677392 0.080966330133378506 0.066122172167523696 0.065598354907707157 0.74028394720517021
leaf_count=3 9 19 2 19 4 15 28 28 17 1 5 1 18 14 21 6 6 1 39 15 8 17 25 10 22 17 25 19 22 256
internal_value=0 -0.0182475 -0.0405447 0.013307 -0.013514 0.0440006 -0.0500911 -0.0554304 -0.0490273 -0.0591246 -0.0557531 -0.0588912 0.0578361 -0.0489261 0.0468876 -0.0489775 0.0526088 -0.0506089 -0.0515918 0.0509827 -0.0502621 -0.050222 0.0507757 -0.0501786 -0.0501665 -0.0502248 -0.0501518 -0.0501823 -0.0501467 -0.050146
internal_weight=0 5.93977 3.48042 2.45935 1.36729 2.29658 3.17292 2.77689 0.843878 2.68505 2.43683 0.736013 1.75302 1.56691 1.09206 0.501468 1.28046 1.49877 0.402795 0.898512 1.40532 1.33632 0.58559 1.22391 1.15356 0.213175 1.02048 0.147089 0.873396 0.805882
internal_count=692 604 461 143 103 88 458 430 84 428 427 80 73 422 40 79 64 408 62 58 407 399 43 382 372 56 344 44 300 278
is_linear=0
shrinkage=0.05


Tree=87
num_leaves=31
num_cat=0
split_feature=3 14 13 1 6 26 12 11 9 26 15 3 10 10 14 16 18 6 18 18 14 4 4 14 0 4 16 11 3 20
split_gain=2.04458 1.23802 1.01605 1.36948 0.812898 1.18391 0.484788 0.279582 0.61313 0.205092 0.0740138 0.059841 0.00305833 0.00244662 0.00082757 0.000133312 4.55851e-05 3.69623e-05 2.95579e-05 6.06924e-06 1.89426e-06 3.01867e-07 2.49055e-07 7.18276e-08 7.75835e-09 5.89423e-09 1.6958e-09 9.95277e-10 6.56542e-10 6.01047e-10
threshold=0.25802253186702734 -0.20843914896249768 -0.13756562769412992 -0.81352543830871571 1.0000000180025095e-35 1.0000000180025095e-35 2.3357361555099492 2.7562265396118169 -0.10255432128906249 1.0000000180025095e-35 -1.1593949794769285 0.33046713471412664 -1.9663242101669309 -1.0000000180025095e-35 0.24339129775762561 -0.028416454792022702 -0.74924099445343006 1.0000000180025095e-35 0.15207219868898394 0.4906813800334931 1.1777319908142092 1.0000000180025095e-35 -1.0246452093124387 -0.10803239420056342 -0.12137585505843161 -0.76870006322860707 0.10990099236369134 -0.69478553533554066 -0.28667457401752466 -1.2026519775390623
decision_type=2 2 2 2 2 2 2 2 2 2 2 2 2 2 2 2 2 2 2 2 2 2 2 2 2 2 2 2 2 2
left_child=2 10 7 -4 5 -5 9 8 -1 11 -2 -3 -7 -12 -13 -15 -10 19 21 -16 -21 -14 -18 24 25 -24 27 -27 29 -29
right_child=1 6 3 4 -6 12 -8 -9 16 -11 13 14 18 15 17 -17 22 -19 -20 20 -22 -23 23 -25 -26 26 -28 28 -30 -31
leaf_value=0.053234373221167322 -0.0088133254200826756 0.072661977252200666 0.05554483032923796 0.054698937510418683 -0.0661707721419557 -0.059388050637536841 -0.0055842798998940804 -0.083320630937056148 -0.050861296050427621 0.019530253711594957 -0.059620586000311629 0.053461961766604053 -0.050283238927649035 -0.050238478903769902 0.050920481209590675 -0.052499484226438291 -0.050234726641927657 0.051392112017617099 -0.051258849161495625 0.050735097296734477 0.050542318805638288 -0.050173063360405924 -0.050154448646649599 -0.050199049322187189 -0.05015867838567481 -0.05014517478160703 -0.050147747793594932 -0.050145356273105159 -0.050137578312578236 -0.050138361961043466
leaf_weight=0.15988162904977765 0.11638280097395182 0.43081980058923486 0.73164662718772921 0.53065694123506546 0.7306966094765811 0.1330905556678772 0.48258975334465493 0.47535903751850117 0.28835524874739316 0.47229989687912155 0.1353253573179245 0.44739047531038512 0.16071614436805226 0.13430493418127298 0.31744112726300933 0.12669222918339107 0.084941797656937879 0.30578519590198994 0.097890882752835751 0.26397333852946758 0.24634456820785999 0.10139304539188743 0.072290817275642794 0.058809735113756201 0.065217087278142571 0.057606164831667583 0.058084903517737985 0.057453347370028496 0.54428045940585545 0.066000729566439431
leaf_count=3 6 8 13 8 21 1 11 2 24 28 1 14 35 32 19 8 20 12 5 20 24 32 24 17 21 20 20 20 199 24
internal_value=0 0.0278736 -0.0232288 -0.00192088 -0.0258855 0.00286797 0.0402726 -0.0498717 -0.039362 0.0491815 -0.0438701 0.0561427 -0.0529118 -0.0541648 0.051641 -0.051336 -0.0503036 0.0509224 -0.0505175 0.0507488 0.050642 -0.0502406 -0.0501526 -0.0501455 -0.0501421 -0.0501408 -0.0501395 -0.0501389 -0.0501383 -0.0501416
internal_weight=0 3.47935 4.47437 2.48609 1.75444 1.02375 2.96664 1.98828 1.51292 2.48405 0.512705 2.01175 0.493091 0.396323 1.58093 0.260997 1.35304 1.13354 0.36 0.827759 0.510318 0.262109 1.06469 0.979743 0.920934 0.855716 0.783426 0.725341 0.667735 0.123454
internal_count=692 183 509 115 102 81 136 394 392 125 47 97 73 41 89 40 389 75 72 63 44 67 365 345 328 307 283 263 243 44
is_linear=0
shrinkage=0.05


Tree=88
num_leaves=31
num_cat=0
split_feature=19 0 0 13 15 18 10 10 8 1 14 16 11 13 15 10 10 3 17 19 3 13 13 4 14 3 13 18 13 16
split_gain=2.28171 1.5012 1.16487 0.808034 0.97767 0.529148 0.236927 0.183866 0.136894 0.418021 0.067111 0.0467415 0.0432197 0.0147991 0.00603709 0.00501642 0.00345988 0.000888553 0.00026722 2.49115e-05 1.52615e-05 9.81521e-06 8.88582e-07 4.85154e-07 4.04123e-07 3.54584e-07 6.72972e-08 2.58811e-08 1.38736e-08 1.14901e-09
threshold=1.0777018666267397 -0.14741186052560803 -0.19799613952636716 0.097337033599615111 -1.907986521720886 -0.097429323941469179 0.79271370172500621 0.093655668199062361 -0.19138064235448835 -0.81352543830871571 0.31311821937561041 -0.045706134289503091 4.0644396543502816 0.90908932685852062 0.033105367794632919 -0.086115736514329896 1.0000000180025095e-35 0.33046713471412664 -0.81346631050109852 2.4996149539947514 0.90399315953254711 0.06462907046079637 2.5861158370971684 -0.96065890789031971 -0.096876088529825197 0.25802253186702734 -0.10188420861959456 -0.043964717537164681 -0.10783111304044722 0.058031950145959861
decision_type=2 2 2 2 2 2 2 2 2 2 2 2 2 2 2 2 2 2 2 2 2 2 2 2 2 2 2 2 2 2
left_child=1 2 -1 4 -3 -2 8 -6 9 -4 15 -7 14 -5 -9 -10 -11 -13 -16 22 21 23 -19 -18 28 -20 27 -17 29 -25
right_child=5 3 6 13 7 11 -8 12 10 16 -12 17 -14 -15 18 26 20 19 25 -21 -22 -23 -24 24 -26 -27 -28 -29 -30 -31
leaf_value=0.057132920737189966 -0.0028193655834198284 0.042467758747590061 0.052079023562796214 0.040113781592999512 0.011687790889078802 0.071471932308928857 -0.012069814933319061 -0.036887820056846168 -0.058956169464459668 -0.059034962303286469 -0.074968593018197568 0.053786151626807416 -0.075551402518745259 0.052184697108172896 -0.052913191057157527 -0.050133371706222778 -0.050259171272960305 0.050598347600075366 -0.050146986786104131 0.05120953696827401 -0.051005737578247223 -0.050751220320910208 0.050728521746107758 -0.05013297753149 -0.050278166051579469 -0.050284506652939737 -0.050192617138136143 -0.050171342742565933 -0.050156010319350831 -0.050140082829047777
leaf_weight=0.28264978900551829 0.48733450844883952 0.48449922073632479 0.10800549574196416 0.49206645414233185 0.11161332810297631 0.39500935701653395 0.37616419512778509 0.087352489586919546 0.25764279067516327 0.12962175905704476 0.75846774131059647 0.37707399576902323 0.22382041811943054 0.52465131506323814 0.17700444161891937 0.31205977313220501 0.12284228880889769 0.24788128770887852 0.10287849861197174 0.35432343324646354 0.067986635258421302 0.080165882129222155 0.27825470734387636 0.40390554559417124 0.05608680797740706 0.086104732705280185 0.069201179547235148 0.052413844969123602 0.084260388277471066 0.066227993927896023
leaf_count=3 5 19 3 19 7 9 28 16 2 1 4 11 1 21 6 118 28 22 36 20 8 10 21 153 13 18 21 17 28 24
internal_value=0 -0.0178576 -0.0398251 0.0131052 -0.0134352 0.042966 -0.0491306 -0.0477733 -0.0545574 -0.0414201 -0.0646982 0.0564681 -0.057574 0.0463427 -0.0486983 -0.0534303 -0.0514077 0.0517552 -0.0515172 0.0508854 -0.0502861 -0.0502259 0.0506672 -0.0501685 -0.0501503 -0.0502096 -0.0501474 -0.0501388 -0.0501373 -0.050134
internal_weight=0 5.51769 3.2277 2.28999 1.27327 2.13988 2.94505 0.788774 2.56889 1.1191 1.44979 1.65254 0.677161 1.01672 0.45334 0.691318 1.0111 1.25753 0.365988 0.880459 0.881476 0.813489 0.526136 0.733323 0.610481 0.188983 0.433675 0.364474 0.554394 0.470134
internal_count=692 604 461 143 103 88 458 84 430 268 162 83 77 40 76 158 265 74 60 63 264 256 43 246 218 54 156 135 205 177
is_linear=0
shrinkage=0.05


Tree=89
num_leaves=31
num_cat=0
split_feature=19 0 0 4 10 15 10 20 8 7 14 16 20 10 8 11 14 3 13 7 4 14 3 13 18 5 0 4 10 19
split_gain=2.13746 1.40961 1.09428 0.776659 0.542135 0.526995 0.236212 0.122604 0.0886369 0.242583 0.0553464 0.0414764 0.00555286 0.00423349 0.00409292 0.00293766 0.00016015 1.30789e-05 8.41842e-06 3.52987e-06 4.12729e-07 3.46222e-07 3.24915e-07 5.73046e-08 2.21002e-08 1.22141e-08 3.43923e-09 1.76467e-09 8.43844e-10 5.75491e-10
threshold=1.0777018666267397 -0.14741186052560803 -0.19799613952636716 0.06312160007655622 0.10939162597060205 2.149742960929871 0.79271370172500621 -1.6782596707344053 -0.19138064235448835 -0.098416004329919801 0.31311821937561041 -0.028416454792022702 -0.73918211460113514 -0.086115736514329896 -0.019488318823277947 0.98273175954818737 0.35216529667377477 0.90399315953254711 0.06462907046079637 -0.024224986322224137 -0.96065890789031971 -0.096876088529825197 0.28066459298133856 -0.10188420861959456 -0.052875485271215432 -0.67664906382560719 -0.11339803785085677 -0.57674121856689442 0.31729701161384588 -0.024701089598238465
decision_type=2 2 2 2 2 2 2 2 2 2 2 2 2 2 2 2 2 2 2 2 2 2 2 2 2 2 2 2 2 2
left_child=1 2 -1 4 -3 11 7 -4 9 15 13 -2 -13 -10 -14 17 19 18 20 22 -9 25 26 24 28 -22 -5 -27 -15 -29
right_child=5 3 6 16 -6 -7 -8 8 10 -11 -12 12 14 23 -16 -17 -18 -19 -20 -21 21 -23 -24 -25 -26 27 -28 29 -30 -31
leaf_value=0.056748809229651802 0.06908096950100813 0.052463007288978881 0.025369996497714833 -0.050130454802013558 -0.0021852720284983498 -0.0051642179897129978 -0.011504193234713385 -0.050246491536010476 -0.058443432839014944 0.042001764936272938 -0.073277783848869973 0.055692904392223234 0.050972320420453382 -0.050125666535641981 0.043259357220502961 -0.058517025748020701 -0.052506078881302758 -0.050956696922699551 -0.050714551261980115 -0.050595498599288274 -0.050149010571621348 -0.050264555108801845 -0.050269179511609613 -0.050183200075599926 -0.05016297084226401 -0.050133651766213427 -0.050147616524161442 -0.050124991102526266 -0.050132687967189705 -0.050130612474997074
leaf_weight=0.27063853666186366 0.42736147716641459 0.96035325061529897 0.047592119546607914 0.056737909326329938 0.86045200494118035 0.45582390995696176 0.37495781551115204 0.11687994305975835 0.24717293679714203 0.075083140283823124 0.73769703507423401 0.40114410500973463 0.5277095683850348 0.23729361221194267 0.25517137069255091 0.12436365336179733 0.11809367127716541 0.064731556456536055 0.076309892814606428 0.074932486517354624 0.077857496682555483 0.053365504369138672 0.081864710664376616 0.065838238690047346 0.049869745969772339 0.092404235387221978 0.060132744954898953 0.29082328756339948 0.052204855252057314 0.053980443626640229
leaf_count=3 5 37 6 22 32 18 28 28 2 5 4 8 37 95 20 1 3 8 10 10 27 13 18 21 17 35 21 117 20 21
internal_value=0 -0.0176074 -0.0393159 0.0128971 0.026638 0.0423017 -0.0484755 -0.0541028 -0.0556684 -0.0445196 -0.0638955 0.0557287 0.0509094 -0.0532863 0.0484584 -0.0513526 -0.0509671 -0.0502744 -0.0502164 -0.0503031 -0.0501609 -0.0501433 -0.0501928 -0.0501405 -0.0501322 -0.0501308 -0.0501393 -0.0501275 -0.0501269 -0.0501259
internal_weight=0 5.32163 3.10906 2.21257 1.82081 2.06721 2.83843 2.46347 2.41588 1.0258 1.39008 1.61139 1.18403 0.652379 0.782881 0.950716 0.391762 0.826352 0.761621 0.273668 0.685311 0.568431 0.198735 0.405206 0.339368 0.515065 0.116871 0.437208 0.289498 0.344804
internal_count=692 604 461 143 69 88 458 430 424 265 159 70 65 155 57 260 74 259 251 71 241 213 61 153 132 200 43 173 115 138
is_linear=0
shrinkage=0.05


Tree=90
num_leaves=31
num_cat=0
split_feature=3 5 16 20 0 14 2 0 1 0 10 26 13 14 7 14 20 17 12 13 13 15 17 0 14 17 16 18 19 19
split_gain=1.77016 0.857123 1.06613 1.06575 0.613329 0.435306 0.192226 0.379936 0.0425098 0.031628 0.0276296 0.011574 0.0028057 0.000639882 0.000201961 2.29693e-05 1.95728e-05 1.89805e-05 2.19691e-06 9.37964e-07 1.90513e-07 1.64332e-07 7.01601e-08 1.56666e-08 1.51575e-08 5.54766e-09 3.03971e-09 2.23431e-09 2.95745e-10 3.81032e-10
threshold=0.27150651812553411 -0.46657638251781458 -0.32234103977680201 0.72614830732345592 -0.17505991458892819 -0.20843914896249768 -0.59614357352256764 -0.19633409380912778 -0.31940054893493647 0.23529912531375888 -2.2839045524597164 1.0000000180025095e-35 0.43928393721580511 0.27489149570465093 0.41120620071887976 0.087202988564968123 0.6899399757385255 -0.59986561536788929 -0.0044862512731924644 0.053857475519180305 -0.095937307924032197 -0.19692008197307584 0.054406793788075454 -0.12137585505843161 -0.13592316210269925 -0.64604955911636341 0.10990099236369134 -0.27564468979835505 -0.36476439237594599 -0.28815673291683191
decision_type=2 2 2 2 2 2 2 2 2 2 2 2 2 2 2 2 2 2 2 2 2 2 2 2 2 2 2 2 2 2
left_child=1 2 9 6 -2 -6 7 -4 -3 17 -10 13 14 -7 15 19 -15 -1 -18 20 23 -9 -19 24 25 -12 28 -24 -27 -30
right_child=4 8 3 -5 5 11 -8 21 10 -11 12 -13 -14 16 -16 -17 18 22 -20 -21 -22 -23 27 -25 -26 26 -28 -29 29 -31
leaf_value=-0.050803897225531074 -0.020847947163846772 -0.029038215067768824 0.057044656470069212 -0.048892668623517481 -0.014478724647626935 0.053202827730841229 0.051179626411040305 -0.050147494682224215 -0.071169919403953119 -0.073640365419546452 -0.050138029510534469 0.040908195582492618 -0.056396122844677501 0.051039404764952639 -0.053260491770165799 -0.05119318410309396 0.050525446062972074 -0.05018866695285238 0.050736882163045942 -0.050348591440482426 -0.050204182187678241 -0.05025272688239351 -0.050124160042950831 -0.05015129762029117 -0.050151090345608711 -0.050118703832413194 -0.050132368211968606 -0.05013837701869011 -0.050124826473324502 -0.050120189790754083
leaf_weight=0.2462217751890422 0.50372595386579666 0.18729254300706077 0.17673194780945767 0.46348782069981087 0.3089090932626285 0.39053012058138881 0.94202104839496303 0.0936465982813387 0.20897592604160276 0.21796777844429016 0.052728155162184875 0.31338045722804864 0.23977225460112106 0.64154496276751138 0.057470217347145081 0.055789771489799023 0.27146107377484463 0.10163085372187219 0.22442232398316242 0.054578519426286221 0.088421558262780642 0.061438733246177546 0.056465912144631258 0.059298342559486628 0.04987185844220221 0.24785649823024813 0.054459307808429003 0.054126130416989215 0.054400869645177763 0.23883547098375968
leaf_count=19 31 4 2 8 30 14 24 34 1 1 20 22 3 38 1 3 27 30 18 13 27 15 23 21 18 105 21 20 22 100
internal_value=0 -0.0236895 -0.00470471 0.0160299 0.0288131 0.0404469 0.039652 0.00692552 -0.051466 -0.0579603 -0.0543383 0.0496614 -0.0515322 0.0514566 -0.0503817 -0.0502087 0.0508571 -0.0505052 0.0506211 -0.0501477 -0.0501347 -0.0501892 -0.0501587 -0.0501266 -0.0501245 -0.0501225 -0.0501211 -0.0501311 -0.05012 -0.050121
internal_weight=0 4.06349 2.41374 1.73733 2.65397 2.15025 1.27384 0.331817 1.64975 0.676412 1.46246 1.84134 1.25348 1.52796 1.01371 0.95624 1.13743 0.458445 0.495883 0.900451 0.845872 0.155085 0.212223 0.757451 0.698152 0.64828 0.595552 0.110592 0.541093 0.293236
internal_count=715 535 176 83 180 149 75 51 359 93 355 119 354 97 351 350 83 92 45 347 334 49 73 307 286 268 248 43 227 122
is_linear=0
shrinkage=0.05


Tree=91
num_leaves=31
num_cat=0
split_feature=3 5 16 20 0 14 2 0 1 0 10 26 11 14 7 14 20 11 12 13 13 5 17 0 14 17 16 18 19 19
split_gain=1.65873 0.811941 1.00475 0.992238 0.579893 0.419031 0.179644 0.35992 0.0447317 0.0263393 0.0231219 0.0127692 0.00249799 0.000550822 0.000169536 3.4428e-05 1.68305e-05 1.67909e-05 1.88899e-06 9.27317e-07 1.47879e-07 1.36943e-07 6.00213e-08 1.40111e-08 1.30257e-08 4.76433e-09 2.61072e-09 1.92246e-09 2.5935e-10 3.2377e-10
threshold=0.27150651812553411 -0.46657638251781458 -0.32234103977680201 0.72614830732345592 -0.17505991458892819 -0.20843914896249768 -0.59614357352256764 -0.19633409380912778 -0.31940054893493647 0.23529912531375888 -2.2839045524597164 1.0000000180025095e-35 0.30880382657051092 0.27489149570465093 0.41120620071887976 0.31311821937561041 0.6899399757385255 -0.54456013441085804 -0.0044862512731924644 0.053857475519180305 -0.095937307924032197 -0.66452947258949269 0.054406793788075454 -0.12137585505843161 -0.13592316210269925 -0.64604955911636341 0.10990099236369134 -0.27564468979835505 -0.36476439237594599 -0.28815673291683191
decision_type=2 2 2 2 2 2 2 2 2 2 2 2 2 2 2 2 2 2 2 2 2 2 2 2 2 2 2 2 2 2
left_child=1 2 9 6 -2 -6 7 -4 -3 17 -10 13 14 -7 15 19 -15 -1 -18 20 23 -9 -19 24 25 -12 28 -24 -27 -30
right_child=4 8 3 -5 5 11 -8 21 10 -11 12 -13 -14 16 -16 -17 18 22 -20 -21 -22 -23 27 -25 -26 26 -28 -29 29 -31
leaf_value=-0.050772542002669389 -0.019817032995240496 -0.027941837806954656 0.056666164918318863 -0.046921446830170438 -0.013814271239817428 0.053043640714552587 0.05064449667767823 -0.050231056024549803 -0.069715621955198967 -0.071962031854451589 -0.050131279957479451 0.040115903601209479 -0.056362080982554109 0.050988055402405287 -0.0530913804277372 -0.051282439085324628 0.050499566856958666 -0.050178824263659827 0.050700528535849367 -0.050333436001289013 -0.050192295078528973 -0.050134546162321325 -0.050118090135726948 -0.050144945039848621 -0.050143703746232032 -0.050112900814944496 -0.050125896844385676 -0.050131610692467202 -0.050118723321392049 -0.050114337248200524
leaf_weight=0.23120941594243061 0.50344192003831301 0.18497018213383887 0.16920706629753102 0.45893039787188161 0.30761315370909947 0.37257043458521399 0.90530947363004122 0.069389582611620315 0.2028244435787202 0.21204873919487 0.05016315495595336 0.30383651796728273 0.21315189287997782 0.61085552442818858 0.054837092757225037 0.071707328781485558 0.25835075369104765 0.099873983301222546 0.213626326061785 0.058788242982700467 0.079609110718592113 0.07815865706652414 0.053718378301710001 0.054019039729610085 0.047446391545236111 0.23579500603955239 0.051809815457090735 0.051493142265826353 0.051753850653767586 0.22498286026529968
leaf_count=18 31 4 2 8 30 14 24 18 1 1 20 22 5 38 1 3 27 31 18 14 26 31 23 20 18 105 21 20 22 99
internal_value=0 -0.0234032 -0.00462972 0.0157642 0.0283037 0.0400249 0.039305 0.00689603 -0.0510478 -0.0575062 -0.0541074 0.049439 -0.0514561 0.0513854 -0.0503901 -0.0502301 0.0508148 -0.0504804 0.0505905 -0.0501418 -0.0501276 -0.0501799 -0.0501511 -0.0501205 -0.0501185 -0.0501165 -0.0501152 -0.0501247 -0.0501141 -0.0501152
internal_weight=0 3.9112 2.32934 1.681 2.57029 2.06685 1.22206 0.316755 1.58186 0.648344 1.39689 1.75924 1.19406 1.4554 0.980912 0.926075 1.08283 0.436295 0.471977 0.854367 0.795579 0.147548 0.205086 0.71597 0.661951 0.614505 0.564342 0.105212 0.512532 0.276737
internal_count=715 535 176 83 180 149 75 51 359 93 355 119 354 97 349 348 83 92 45 345 331 49 74 305 285 267 247 43 226 121
is_linear=0
shrinkage=0.05


Tree=92
num_leaves=31
num_cat=0
split_feature=4 2 14 12 7 11 5 5 10 9 12 5 13 14 0 3 3 14 10 14 12 2 3 13 3 20 13 14 0 19
split_gain=1.59034 1.63473 0.98821 0.521273 0.774573 0.506485 0.11665 0.105754 0.190402 0.0376186 0.0338872 0.0192743 0.00249203 0.00175869 0.00136311 0.000302164 0.000122742 8.97324e-05 2.56317e-05 1.37382e-05 2.49018e-06 1.79332e-06 4.26317e-07 4.09164e-07 3.18251e-07 3.27669e-08 1.24129e-08 4.75142e-09 2.51063e-09 9.82408e-10
threshold=-0.76870006322860707 0.22056066244840625 0.73426884412765514 -1.7887440919876096 -0.10006147623062132 0.98273175954818737 -0.98771819472312916 1.2422838211059573 -0.04463002830743789 -0.098431486636400209 2.3874537944793706 -1.0000000180025095e-35 0.43928393721580511 0.0091088395565748232 -0.19633409380912778 0.34071138501167303 1.4674609303474428 -0.041094543412327759 0.67016395926475536 0.034210531972348697 1.0000000180025095e-35 0.54146292805671703 0.25802253186702734 0.097337033599615111 0.39432542026042944 -1.114912688732147 -0.10783111304044722 -0.11918869987130164 -0.15970677882432935 -0.065807640552520738
decision_type=2 2 2 2 2 2 2 2 2 2 2 2 2 2 2 2 2 2 2 2 2 2 2 2 2 2 2 2 2 2
left_child=1 3 5 -1 9 6 -2 10 -9 14 12 13 16 -3 -5 -15 19 22 -17 21 25 23 -10 24 26 -16 27 28 29 -8
right_child=2 11 -4 4 -6 -7 7 8 17 -11 -12 -13 -14 15 20 18 -18 -19 -20 -21 -22 -23 -24 -25 -26 -27 -28 -29 -30 -31
leaf_value=-0.047623318793051511 0.039563393557443129 0.055402819294366239 0.050616238746188327 -0.057298990368857029 0.049979753865022833 0.051792933165276826 -0.050107852768268679 0.028841538549605646 -0.050120531028519301 -0.016701812060779152 -0.067034880898309654 0.040319739906935159 -0.055720276717962092 0.052669065759018023 -0.050132813187752125 0.050726162211100191 -0.052633977824234623 -0.052245125955624139 0.051337128561372708 -0.050783640455772543 -0.050543280022651682 -0.05034467609423602 -0.050292892469178979 -0.050275305790040963 -0.050236118089366212 -0.050185009748015687 -0.050131528543222649 -0.050127350793165076 -0.050119605689584817 -0.050112760618405916
leaf_weight=0.77283458597958088 0.036490225465969472 0.40315575711429108 0.31733357906341542 0.11115752160549164 0.49657249497249745 0.13183489721268404 0.40763292519841421 0.11079457588493824 0.079728313023224473 0.09460158389993012 0.46285027265548695 0.40639037988148619 0.26679909229278553 0.39576903684064724 0.064158282708376646 0.45892259525135159 0.055134159512817749 0.084885725751519092 0.27425356023013592 0.09596634516492486 0.06388956937007606 0.11113820620812476 0.065223470330238342 0.046374609461054206 0.057197156362235546 0.056585059035569429 0.086019422393291634 0.043139583896845579 0.06324944575317204 0.13597784261219203
leaf_count=21 3 6 28 1 16 5 190 6 34 24 3 27 3 12 25 38 2 3 15 11 13 28 14 13 15 18 35 18 27 61
internal_value=0 0.0188156 -0.032183 -0.0176051 0.0085505 -0.0434095 -0.0490923 -0.0505817 -0.0249996 -0.0441468 -0.0553396 0.0500003 -0.0513845 0.052568 -0.0529245 0.0515557 -0.0503346 -0.0509541 0.0509547 -0.0502135 -0.0502908 -0.0501559 -0.0501981 -0.0501309 -0.0501225 -0.0501573 -0.0501137 -0.0501113 -0.0501102 -0.0501091
internal_weight=0 3.59829 2.65777 1.6598 0.886965 2.34044 2.2086 2.17211 0.340632 0.390392 1.83148 1.93849 1.36863 1.5321 0.29579 1.12895 1.10183 0.229838 0.733176 1.0467 0.184633 0.950729 0.144952 0.839591 0.793216 0.120743 0.736019 0.65 0.60686 0.543611
internal_count=715 216 499 118 97 471 466 463 57 81 406 98 403 71 57 65 400 51 53 398 56 387 48 359 346 43 331 296 278 251
is_linear=0
shrinkage=0.05


Tree=93
num_leaves=31
num_cat=0
split_feature=4 2 16 14 11 0 16 19 13 11 9 5 14 15 3 16 14 13 3 13 0 4 12 13 4 14 0 16 4 17
split_gain=1.50098 1.54478 0.961644 0.935241 0.478868 0.453149 0.190668 0.113781 0.041302 0.088322 0.0389036 0.0208629 0.00150754 0.000783471 0.000259555 1.97315e-05 1.86867e-05 6.19529e-06 1.31433e-06 5.30199e-07 4.89736e-07 1.80871e-07 5.77115e-08 1.20838e-08 6.30035e-09 4.01672e-09 4.34741e-09 5.92674e-10 4.4168e-10 2.83335e-10
threshold=-0.76870006322860707 0.22056066244840625 0.22228392213582995 0.73426884412765514 0.98273175954818737 -0.19758062809705731 0.58536720275878917 -1.0000000180025095e-35 0.90908932685852062 0.42773228883743292 -0.10132071748375891 0.0060870847664773473 0.0091088395565748232 0.8967096507549287 0.34071138501167303 -0.27911682426929468 0.034210531972348697 -1.0652824044227598 0.25802253186702734 0.15085916221141818 -0.090586137026548372 -1.0886315107345579 -0.034039177000522607 -0.10783111304044722 0.19109416753053668 -0.11918869987130164 -0.12458373233675955 0.083966474980115904 -0.25680980831384653 -0.61910891532897938
decision_type=2 2 2 2 2 2 2 2 2 2 2 2 2 2 2 2 2 2 2 2 2 2 2 2 2 2 2 2 2 2
left_child=1 2 5 4 6 -1 8 10 9 13 -7 12 -3 16 -14 -16 18 -12 19 23 -20 -19 -23 25 -25 26 27 28 -2 -30
right_child=3 11 -4 -5 -6 7 -8 -9 -10 -11 17 -13 14 -15 15 -17 -18 21 20 -21 -22 22 -24 24 -26 -27 -28 -29 29 -31
leaf_value=0.022678618976338452 -0.050106434997240878 0.055123734877405489 0.051383379965049249 0.050585883491059629 0.051703434758000634 -0.073174694734464793 0.010024913313083242 -0.022777005738593464 -0.064121740614898656 0.0099055056216093423 -0.050625389323726178 0.039483090777514523 0.052535437827619248 -0.053336439136020257 0.051238219554804065 0.05069395697055893 -0.0508872567397263 -0.05025026202456661 -0.050195737245182941 -0.050287779901497347 -0.0503616333206022 -0.050123969039993645 -0.050190758455510104 -0.050136925374092603 -0.050111900463629802 -0.05012112658448592 -0.050119722882023238 -0.050109386990705856 -0.050106703082072039 -0.050102405982655487
leaf_weight=0.23987194523215283 0.10147859388962421 0.38538608141243447 0.38795124646276224 0.30203360784798849 0.12561682704836119 0.42810407280921925 0.12941428646445263 0.22557507152669176 0.55968816578388203 0.06275201030075539 0.12839142698794592 0.39455624180845905 0.37740054633468367 0.24313281569629897 0.27436700556427218 0.42367695691064022 0.092097787186503299 0.065069619100540765 0.10589946643449366 0.043363892938941717 0.076712334528565407 0.085910655907355138 0.051872245967388486 0.050575081724674287 0.050032840459607542 0.041040609590709209 0.046626558993011713 0.04532915260642767 0.04217822395730797 0.42386337486095693
leaf_count=7 48 6 14 28 5 2 7 15 4 4 12 27 12 7 16 37 10 16 32 11 13 36 16 20 23 18 20 21 20 208
internal_value=0 0.0185736 -0.0172187 -0.0320056 -0.0431429 -0.0389483 -0.0487783 -0.0539571 -0.0526125 -0.0480923 -0.0632196 0.0496851 0.0524406 -0.0507638 0.051479 0.0509079 -0.050205 -0.0503536 -0.0501438 -0.0501175 -0.0502654 -0.0501816 -0.0501491 -0.0501083 -0.0501245 -0.0501059 -0.050105 -0.0501039 -0.0501034 -0.0501028
internal_weight=0 3.46813 1.61275 2.54184 2.2398 1.2248 2.11419 0.984923 1.98477 1.42508 0.759348 1.85539 1.46083 1.36233 1.07544 0.698044 1.1192 0.331244 1.0271 0.844488 0.182612 0.202853 0.137783 0.801124 0.100608 0.700517 0.659476 0.612849 0.56752 0.466042
internal_count=715 216 118 499 471 104 466 97 459 455 82 98 71 451 65 53 444 80 434 389 45 68 52 378 43 335 317 297 276 228
is_linear=0
shrinkage=0.05


Tree=94
num_leaves=31
num_cat=0
split_feature=4 2 16 14 0 11 16 19 13 18 9 5 14 15 3 16 14 13 3 13 0 20 12 13 17 15 14 0 5 16
split_gain=1.41494 1.45983 0.897911 0.883827 0.665365 0.45196 0.185045 0.10958 0.0363486 0.0869574 0.0360756 0.0225792 0.00129253 0.000673465 0.000222972 1.70052e-05 1.60785e-05 1.15918e-05 1.12584e-06 4.54515e-07 4.2129e-07 3.80386e-07 1.15217e-07 1.60352e-08 7.80098e-09 5.91697e-09 3.49753e-09 2.34606e-09 6.66077e-10 5.6926e-10
threshold=-0.76870006322860707 0.22056066244840625 0.22228392213582995 0.73426884412765514 -0.19799613952636716 0.98273175954818737 0.58536720275878917 -1.0000000180025095e-35 0.90908932685852062 0.85602295398712169 -0.10255432128906249 -1.0000000180025095e-35 0.0091088395565748232 0.8967096507549287 0.34071138501167303 -0.27911682426929468 0.034210531972348697 -1.1961143016815183 0.25802253186702734 0.15085916221141818 -0.090586137026548372 1.0139375329017641 1.0000000180025095e-35 -0.10188420861959456 -0.17266421765089032 -0.30184394121170038 -0.11918869987130164 -0.13498758524656293 -0.64837005734443653 0.083966474980115904
decision_type=2 2 2 2 2 2 2 2 2 2 2 2 2 2 2 2 2 2 2 2 2 2 2 2 2 2 2 2 2 2
left_child=1 2 4 5 -1 6 8 10 9 13 -6 12 -3 16 -14 -16 18 -12 19 23 -20 22 25 26 -25 -19 27 28 -2 -30
right_child=3 11 -4 -5 7 -7 -8 -9 -10 -11 17 -13 14 -15 15 -17 -18 21 20 -21 -22 -23 -24 24 -26 -27 -28 -29 29 -31
leaf_value=0.056496721144885624 -0.050104122615857019 0.054859851590844881 0.051003175884577256 0.050557037488362523 -0.071554760968959838 0.051618506545400546 0.0095451226522071751 -0.021786048735428123 -0.063296355396788836 0.0097383625835199637 -0.050740511333138873 0.038618409270437623 0.052408661670119795 -0.053171791465752072 0.051177604556578063 0.050659797965024359 -0.050843797287725701 -0.050107609314310346 -0.050186168777797448 -0.050273728972223798 -0.050343909040255874 -0.050297240760549422 -0.050208525736335996 -0.050136444225176796 -0.05010708135440689 -0.050131443923083524 -0.050115206607926878 -0.050110455010185184 -0.050097896845070558 -0.050104027490104168
leaf_weight=0.16119040176272381 0.055640921927988973 0.36830933205783356 0.37171282293274988 0.28746304381638754 0.41620770096778847 0.11968206241726864 0.12913087592460204 0.22408309020102068 0.53915756195783604 0.062320312485098728 0.16892499197274424 0.38350567175075401 0.35984098631888606 0.23124664404895146 0.26128728687763192 0.4032788807526233 0.087679120246320963 0.048880358343012409 0.10075341071933508 0.041260249097831547 0.07299607340246439 0.061911729630082846 0.057275968603789806 0.04951456852722913 0.041644749813713799 0.055722960969433633 0.039043530123308301 0.047656500246375799 0.48867738537956029 0.041045420453883708
leaf_count=2 27 6 14 28 2 5 7 15 4 4 12 27 12 7 16 37 10 23 32 11 13 11 17 20 20 22 18 22 251 20
internal_value=0 0.018334 -0.0168605 -0.0317776 -0.0379842 -0.0427991 -0.0483718 -0.052727 -0.0523108 -0.047954 -0.0612981 0.0493613 0.0523195 -0.0507258 0.0514062 0.0508634 -0.0501952 -0.0504278 -0.050137 -0.0501121 -0.0502524 -0.0501918 -0.0501515 -0.0501034 -0.050123 -0.0501203 -0.0501007 -0.0500998 -0.0500989 -0.0500984
internal_weight=0 3.34213 1.56591 2.43491 1.1942 2.14745 2.02777 1.03301 1.89864 1.35948 0.808924 1.77622 1.39272 1.29716 1.02441 0.664566 1.06591 0.392716 0.978233 0.804483 0.173749 0.223791 0.161879 0.763223 0.0911593 0.104603 0.672064 0.63302 0.585364 0.529723
internal_count=715 216 118 499 104 471 466 102 459 455 87 98 71 451 65 53 444 85 434 389 45 73 62 378 40 45 338 320 298 271
is_linear=0
shrinkage=0.05


Tree=95
num_leaves=31
num_cat=0
split_feature=19 14 3 0 5 20 6 18 26 10 4 14 7 11 2 14 7 14 19 3 18 10 4 16 5 7 17 14 9 4
split_gain=1.61279 1.38961 0.753322 0.575336 0.43787 0.395051 0.27362 0.714389 0.602213 0.0489745 0.0265139 0.0236629 0.0174967 0.00283337 0.000521648 8.37455e-05 1.57442e-05 8.86066e-06 1.66155e-06 2.7879e-07 1.93714e-07 1.38559e-07 6.16317e-08 1.26536e-08 1.3048e-08 6.64728e-09 2.51752e-09 1.64198e-09 4.06982e-10 4.429e-10
threshold=1.3019194006919863 0.74542510509490978 1.5898265838623049 -0.19799613952636716 0.28887721896171575 0.83667340874671947 1.0000000180025095e-35 0.10751835629343988 1.0000000180025095e-35 -2.0569251775741573 1.0000000180025095e-35 0.31311821937561041 0.65208876132965099 0.98273175954818737 1.2111750245094302 0.35216529667377477 -0.10380247235298155 0.034210531972348697 -0.67119503021240223 0.21645942330360415 -0.23109085112810132 0.24863100796937945 -0.89667263627052296 0.1358355134725571 -0.67664906382560719 -0.09101546928286551 0.065952774137258544 -0.14707946777343747 -0.07541503012180327 -0.44876866042613978
decision_type=2 2 2 2 2 2 2 2 2 2 2 2 2 2 2 2 2 2 2 2 2 2 2 2 2 2 2 2 2 2
left_child=1 2 3 -1 9 -3 7 12 -9 -2 -10 13 15 14 18 16 -5 19 -8 22 26 -22 -18 24 -24 27 -20 28 29 -26
right_child=4 5 -4 6 -6 -7 11 8 10 -11 -12 -13 -14 -15 -16 -17 17 -19 20 -21 21 -23 23 -25 25 -27 -28 -29 -30 -31
leaf_value=0.056150527947552376 0.075371267374252579 0.05269110845146683 0.047535958981944397 -0.0506991767085661 2.9519011890913259e-05 -0.0063576511899393548 -0.050400943421001793 0.052084701177477447 -0.023431027049238093 0.052539326781241173 -0.053234966566642929 -0.066431549284609509 -0.066860952992006464 -0.058080687287100245 -0.053349970315884378 -0.052061242737815039 -0.050145177027524281 -0.050839912863049765 -0.050109899015683017 -0.050189763026434311 -0.050233369539605568 -0.050125548682731891 -0.050119883202164983 -0.050127532604586814 -0.050097441877033813 -0.050114754835335652 -0.050093009260963453 -0.050104709177196241 -0.050098449048780025 -0.050092526201598743
leaf_weight=0.15425045415759076 0.39283451857045293 0.72847571410238721 0.27553088217973698 0.15952953603118647 0.40766602987423539 0.46345508750528097 0.10372692625969648 0.38448100909590721 0.1236316899303348 0.58407745230942942 0.18824023986235261 0.63686135411262512 0.18858492374420155 0.23460283875465393 0.22950993035919964 0.067562455311417469 0.094622102566063293 0.045131501276046038 0.042174714617431164 0.12184740230441093 0.087383821606636047 0.04521435871720314 0.06961825129110355 0.043968182289972901 0.054141699336469062 0.046164110419341542 0.046267165918834507 0.038099773344583809 0.04272193880751729 0.29821493884082884
leaf_count=2 14 33 14 12 21 19 16 15 27 34 19 4 1 2 5 2 36 5 20 39 27 21 31 19 28 22 25 19 22 162
internal_value=0 -0.0174041 -0.0321035 -0.0382907 0.0435566 0.0297313 -0.042585 -0.0304939 0.0102072 0.0617205 -0.0414201 -0.0592624 -0.0528071 -0.0534748 -0.0515253 -0.0503568 -0.0502432 -0.0501581 -0.0502358 -0.0501201 -0.0501584 -0.0501966 -0.0501077 -0.0501017 -0.0500997 -0.0500967 -0.0501011 -0.0500948 -0.0500938 -0.0500933
internal_weight=0 5.01401 3.82208 3.54655 1.38458 1.19193 3.3923 1.96656 0.696353 0.976912 0.311872 1.42574 1.27021 0.78888 0.554277 1.08162 1.01406 0.85453 0.324767 0.809398 0.22104 0.132598 0.687551 0.592929 0.548961 0.479342 0.0884419 0.433178 0.395079 0.352357
internal_count=716 647 595 581 69 52 579 459 61 48 46 120 398 116 114 397 395 383 109 378 93 48 339 303 284 253 45 231 212 190
is_linear=0
shrinkage=0.05


Tree=96
num_leaves=31
num_cat=0
split_feature=13 15 19 10 16 10 11 17 13 11 9 15 16 3 13 0 13 14 3 7 3 11 17 0 9 7 2 14 13 16
split_gain=1.50777 1.00841 0.897854 0.712377 0.478385 0.20949 0.18825 0.201774 0.0551646 0.0377431 0.00878469 0.000546312 0.000389482 6.12064e-06 4.19304e-06 2.35319e-06 3.94959e-07 1.59304e-07 7.61118e-08 6.64953e-08 3.37398e-08 1.80886e-08 1.30455e-08 3.3745e-09 1.1423e-09 3.98547e-10 5.83759e-10 8.80534e-11 5.77848e-11 2.3997e-11
threshold=1.0815494656562807 -1.8736845254898069 1.3729216456413271 -2.2047477960586543 0.35195650160312658 1.3933728337287905 1.0307204723358157 -1.6903951764106748 1.3759211897850039 0.51953673362731945 0.28917995095252996 0.73730605840682995 -1.0000000180025095e-35 1.1981186270713808 0.053857475519180305 -0.029088826850056645 -0.69360104203224171 -0.041094543412327759 0.21645942330360415 -0.10371747240424155 -0.98948547244071949 -0.26914680004119867 -0.72687143087387074 -0.19411435723304746 -0.069214545190334306 -0.10359106585383414 -0.48581542074680323 -0.28095513582229609 -0.44085769355297083 -0.13215453922748563
decision_type=2 2 2 2 2 2 2 2 2 2 2 2 2 2 2 2 2 2 2 2 2 2 2 2 2 2 2 2 2 2
left_child=1 5 4 -2 6 -1 7 -3 -5 10 11 13 -10 14 16 -14 -9 18 19 -18 -21 -20 -22 -24 25 26 28 29 -25 -27
right_child=3 2 -4 8 -6 -7 -8 9 12 -11 -12 -13 15 -15 -16 -17 17 -19 21 20 22 -23 23 24 -26 27 -28 -29 -30 -31
leaf_value=0.05272224223392255 -0.014387902881268417 0.052475030527199443 0.053387045456805775 0.075123870249710706 0.0067160276726982203 0.003806164009263572 -0.021922911640483315 -0.050247443463303378 0.052948397740791735 -0.063819789654156842 -0.030387765361171184 -0.052697543064881849 0.050725419251492591 -0.050716932911009219 -0.050471231552789979 0.050500500647066307 -0.050142477140087821 -0.050196685934655476 -0.050126371255621083 -0.050133605171354005 -0.050118826108025642 -0.05016648629628101 -0.050103345879911054 -0.050090596926079506 -0.050097420768386428 -0.050087338435941042 -0.050095624667366091 -0.050089765628859931 -0.050088111947838548 -0.050088407147741515
leaf_weight=0.45953417243435968 0.4644785365089773 0.044941272586584868 0.29551847651600827 0.36641928274184443 0.51885504578240205 0.41794509347528219 0.65672546345740546 0.057620237697847965 0.29242549929767836 0.73073664121329773 0.055590165546163806 0.26548672700300802 0.2578718066215514 0.049972129054367431 0.093275557737797499 0.21180946100503228 0.088379942812026324 0.052996612270362231 0.058094233507290483 0.055687675485388222 0.045170977013186397 0.054431055090390146 0.049789669690654459 0.036039859987795353 0.044073044904504588 0.19318011740688312 0.048822960117832603 0.058931625913827834 0.0666732182726264 0.072141509037464857
leaf_count=22 21 1 13 8 24 23 18 20 11 7 6 11 21 7 21 24 37 16 24 24 21 19 25 20 23 111 26 33 38 41
internal_value=0 -0.0187582 -0.030206 0.0377303 -0.0374768 0.0294234 -0.0454419 -0.052393 0.0591811 -0.0545577 -0.0498783 -0.0506573 0.0515159 -0.050176 -0.0501509 0.050624 -0.0501204 -0.0501125 -0.0501074 -0.0501017 -0.0500963 -0.0501458 -0.050093 -0.0500909 -0.0500897 -0.050089 -0.0500911 -0.050088 -0.050089 -0.0500876
internal_weight=0 4.57061 3.69313 1.593 3.39762 0.877479 2.87876 2.22204 1.12853 2.17709 1.44636 1.39077 0.762107 1.12528 1.07531 0.469681 0.982033 0.924413 0.871416 0.758891 0.670511 0.112525 0.614823 0.569652 0.519862 0.475789 0.151536 0.324253 0.102713 0.265322
internal_count=716 631 586 85 573 45 549 531 64 530 523 517 56 506 499 45 478 458 442 399 362 43 338 317 292 269 84 185 58 152
is_linear=0
shrinkage=0.05


Tree=97
num_leaves=31
num_cat=0
split_feature=19 14 3 0 2 5 13 17 20 11 10 2 3 14 4 3 10 13 3 14 4 13 4 9 4 10 1 19 5 11
split_gain=1.40896 1.24291 0.694618 0.538092 0.453773 0.417292 0.388721 0.151146 0.150524 0.0395508 0.0350038 0.000452421 0.000303067 6.16045e-05 1.40556e-05 6.13136e-06 1.66727e-06 1.56705e-06 2.74014e-07 1.99298e-07 3.08247e-08 1.59339e-08 8.51581e-09 4.62713e-09 2.32852e-09 8.54116e-10 1.09045e-09 7.71329e-10 1.74025e-10 7.77453e-11
threshold=1.3019194006919863 0.74542510509490978 1.5898265838623049 -0.19799613952636716 0.10145434737205507 0.28887721896171575 1.0815494656562807 1.2378700971603396 0.80580085515975963 0.51953673362731945 -2.0569251775741573 1.2111750245094302 0.31959420442581182 0.35216529667377477 -1.0886315107345579 1.0538238286972048 0.77936199307441723 -0.2921850830316543 0.28066459298133856 -0.013203775510191916 -0.89667263627052296 -0.066202796995639787 -1.0000000180025095e-35 -0.057982252910733216 -0.38478237390518183 0.31729701161384588 1.0000000180025095e-35 -0.22275992482900617 -0.48677569627761835 -0.65931564569473255
decision_type=2 2 2 2 2 2 2 2 2 2 2 2 2 2 2 2 2 2 2 2 2 2 2 2 2 2 2 2 2 2
left_child=1 2 3 -1 -3 10 7 8 9 11 -2 13 -6 14 -5 16 18 -14 19 20 -16 23 -23 24 27 28 -27 -22 -26 -30
right_child=5 4 -4 6 12 -7 -8 -9 -10 -11 -12 -13 17 -15 15 -17 -18 -19 -20 -21 21 22 -24 -25 25 26 -28 -29 29 -31
leaf_value=0.055802716467292159 0.07222067388600184 -0.015382361287257718 0.047120003325892272 -0.050602840685793384 0.05272308126716059 -0.00089469859169454241 0.015749881745444873 -0.018432759764447814 -0.013755144734088835 -0.06430114216921981 0.052298560000655241 -0.052986272404309379 0.050740182185320629 -0.051858780138234077 -0.050129199789447958 -0.050749585790695655 -0.050448224709571401 0.050555585646562554 -0.050193105014163408 -0.050205767276805896 -0.050096253370360305 -0.050126485515967559 -0.050095320815132564 -0.050104292055439363 -0.050087250398640641 -0.050083352071272104 -0.050095826904730946 -0.050088133011853046 -0.05008570745090949 -0.050083231479591553
leaf_weight=0.14711789414286602 0.37741718487814069 0.38475544750690438 0.26077875494956959 0.21191527112387232 0.28654866479337215 0.39665329782292247 0.2663598097860812 0.38958697137422849 0.23393088916782279 0.86295497743412841 0.53027390781789996 0.18302343739196647 0.24174869805574417 0.061579277738928684 0.05705324187874905 0.040993180591613054 0.038000702392309904 0.219221958424896 0.088347017881460488 0.04216070310212694 0.069023523246869445 0.04345016076695174 0.044236833346075199 0.040010517928749323 0.034632099093870439 0.033215252333320677 0.037066715653054416 0.050741304527037956 0.03580376785248629 0.27692332153673993
leaf_count=2 14 3 14 27 8 21 10 39 32 7 34 9 18 2 24 6 7 23 28 11 37 19 24 20 20 20 20 29 21 167
internal_value=0 -0.0168752 -0.0314278 -0.0376573 0.0287373 0.0418869 -0.0420348 -0.047389 -0.0519285 -0.0558954 0.0605822 -0.05067 0.0514462 -0.0503183 -0.0502353 -0.0501517 -0.0501242 0.0506524 -0.0501097 -0.0501001 -0.0500939 -0.0500909 -0.0501108 -0.0500879 -0.0500867 -0.0500849 -0.0500899 -0.0500928 -0.0500839 -0.0500835
internal_weight=0 4.68118 3.54891 3.28813 1.13227 1.30434 3.14101 2.87465 2.48506 2.25113 0.907691 1.38818 0.747519 1.20515 1.14357 0.931658 0.890665 0.460971 0.852664 0.764317 0.722157 0.665103 0.087687 0.577417 0.537406 0.417641 0.070282 0.119765 0.347359 0.312727
internal_count=716 647 595 581 52 69 579 569 530 498 48 491 49 482 480 453 447 41 440 412 401 377 43 334 314 248 40 66 208 188
is_linear=0
shrinkage=0.05


Tree=98
num_leaves=31
num_cat=0
split_feature=19 14 3 0 18 11 6 18 26 10 20 14 7 11 17 3 2 14 7 3 19 14 3 14 4 18 16 5 7 17
split_gain=1.31388 1.16294 0.650443 0.504227 0.437011 0.40662 0.239775 0.656076 0.549489 0.0374913 0.0246292 0.0139013 0.0117726 0.00201598 0.000458778 0.000457384 0.000343206 5.37117e-05 1.18715e-05 5.79908e-06 1.27208e-06 1.33577e-07 9.80869e-08 6.87591e-08 4.29221e-08 3.48012e-08 1.63455e-08 9.20245e-09 4.51859e-09 1.28908e-09
threshold=1.3019194006919863 0.74542510509490978 1.5898265838623049 -0.19799613952636716 -0.84593385457992543 0.58213061094284069 1.0000000180025095e-35 0.10751835629343988 1.0000000180025095e-35 -2.0569251775741573 0.51207703351974498 0.31311821937561041 0.65208876132965099 0.98273175954818737 0.64902496337890636 0.38573276996612554 1.2111750245094302 0.35216529667377477 -0.10380247235298155 1.1981186270713808 -0.67119503021240223 -0.25306437909603113 0.21645942330360415 -0.046672698110342019 -0.89667263627052296 -0.23109085112810132 0.14448035508394244 -0.67664906382560719 -0.09101546928286551 0.14677467197179797
decision_type=2 2 2 2 2 2 2 2 2 2 2 2 2 2 2 2 2 2 2 2 2 2 2 2 2 2 2 2 2 2
left_child=1 2 3 -1 -3 9 7 12 -9 -2 -10 13 17 16 -11 -6 20 18 -5 22 -8 25 23 24 -20 29 27 -26 -29 -22
right_child=5 4 -4 6 15 -7 11 8 10 14 -12 -13 -14 -15 -16 -17 -18 -19 19 -21 21 -23 -24 -25 26 -27 -28 28 -30 -31
leaf_value=0.055496224658633186 0.073021496048052789 -0.013531005035041802 0.046616380992950235 -0.050632278041280503 0.053177961681263763 -0.0015450433868079505 -0.050362866784459226 0.05196604686511707 -0.023252265412353246 0.050497232701855868 -0.053221024934187913 -0.063586380106385967 -0.064467655533425386 -0.057152726909270063 0.053435801436659325 0.050598013232486763 -0.052900456905011176 -0.051769942041522549 -0.050127726147165708 -0.050743889231845918 -0.050094396074646046 -0.050208835267384337 -0.05015325632918171 -0.050165645392719643 -0.050104012301972978 -0.050137527854419661 -0.050122214536894485 -0.050081090810854816 -0.050098825673394735 -0.050080634725334666
leaf_weight=0.1406961791217326 0.33501291275024414 0.39915672969073057 0.25067357532680024 0.14450605679303419 0.39376394683495142 0.38893670681864023 0.094123184797354043 0.35915257874876261 0.11532101896591496 0.31118648732081033 0.16906397906132042 0.57473067939281464 0.17405414581298828 0.21363905072212219 0.23173101525753736 0.30474256072193384 0.20327604445628822 0.059484731405973434 0.078041861299425475 0.037349827820435166 0.036223319708369672 0.049761235946789384 0.089990834589116275 0.034763678326271918 0.058551939786411933 0.073334924643859267 0.03236937359906733 0.36886900442186754 0.039790267939679103 0.032096435083076358
leaf_count=2 7 11 14 12 12 18 16 15 30 36 16 4 1 2 8 29 5 2 34 5 20 18 35 13 30 35 15 229 22 20
internal_value=0 -0.0165907 -0.0309262 -0.0370403 0.0282035 0.0410138 -0.0413251 -0.0293646 0.0108533 0.059868 -0.0410684 -0.0578194 -0.0525193 -0.053101 0.0517515 0.0520524 -0.0513302 -0.0503156 -0.0502178 -0.0501368 -0.0502124 -0.0501384 -0.0501045 -0.0500974 -0.0500932 -0.0501136 -0.0500879 -0.0500855 -0.0500828 -0.0500879
internal_weight=0 4.52753 3.42986 3.17919 1.09766 1.26687 3.03849 1.76131 0.643538 0.87793 0.284385 1.27718 1.11777 0.702454 0.542918 0.698507 0.488815 0.943718 0.884233 0.739727 0.285539 0.191416 0.702377 0.612386 0.577622 0.141655 0.499581 0.467211 0.408659 0.0683198
internal_count=716 647 595 581 52 69 579 459 61 51 46 120 398 116 44 41 114 397 395 383 109 93 378 343 330 75 296 281 251 40
is_linear=0
shrinkage=0.05


Tree=99
num_leaves=31
num_cat=0
split_feature=13 4 0 10 8 16 0 14 11 13 11 15 9 14 2 0 5 3 4 13 16 3 0 4 14 19 17 5 13 8
split_gain=1.24177 1.19551 0.72547 0.67185 0.468687 0.372938 0.150013 0.104396 0.0623098 0.0417629 0.0125132 0.000354543 0.000324764 8.32077e-06 1.45215e-06 1.07272e-06 4.88689e-07 1.37901e-07 4.96362e-08 2.08831e-08 2.0491e-08 2.76868e-09 1.86457e-09 9.72028e-10 8.24544e-10 2.05992e-10 2.53484e-10 1.91072e-10 9.55764e-11 4.18829e-11
threshold=1.0815494656562807 -1.0886315107345579 -0.18453065305948255 -2.2047477960586543 -0.19633366167545316 -0.30505137145519251 0.711773842573166 0.72869068384170543 -0.82623282074928273 1.304558336734772 0.51953673362731945 0.73730605840682995 -0.088660042732954011 0.034210531972348697 1.1946403980255129 0.067404597997665419 -0.89884129166603077 0.30880722403526312 -0.96065890789031971 0.011456758715212347 0.25686328113079077 -0.78452321887016285 -0.097276192158460603 -0.76870006322860707 -0.15265762060880658 -0.30123609304428095 -0.034112418070435517 -0.36557991802692408 -0.53600811958312977 -0.18879155814647672
decision_type=2 2 2 2 2 2 2 2 2 2 2 2 2 2 2 2 2 2 2 2 2 2 2 2 2 2 2 2 2 2
left_child=1 2 4 -2 -1 -4 7 8 -3 -5 11 13 -11 15 -14 16 -10 18 -18 20 21 -20 23 -23 25 28 -27 -28 -25 -29
right_child=3 6 5 9 -6 -7 -8 -9 10 12 -12 -13 14 -15 -16 -17 17 -19 19 -21 -22 22 -24 24 -26 26 27 29 -30 -31
leaf_value=0.0085132832856552737 -0.015701554068475149 0.0064470435082939663 -0.0061482861345263859 0.0736611322889794 -0.065685192660369859 0.051798784209918292 0.0075449922751103351 -0.00022862081894069937 -0.050258991528288735 0.052656456871001935 -0.059699644352210514 -0.052347015959418201 0.050414489402565446 -0.050697665052674368 0.050599375026473416 -0.050357313480994238 -0.050139461497716822 -0.050153315688042682 -0.050092131212666105 -0.050115637025369954 -0.050120601828742811 -0.050085558780798768 -0.050090286150669842 -0.050078107317009228 -0.050085134708637305 -0.050082061434020025 -0.050079802452202171 -0.050075418455169857 -0.050075322457622209 -0.050077246527909638
leaf_weight=0.44126822159159929 0.44566828617826093 0.04449089104309667 0.4159133266657592 0.29684680514037587 0.41111920028924975 0.83530074730515402 0.12438879860565055 0.10308987414464343 0.048471913789398524 0.30050540668889869 0.55143555672839273 0.22933333099354059 0.20807030983269226 0.066403291886672378 0.21693492913618684 0.04428319982253015 0.0439092909218739 0.091223028604872525 0.042505501187406036 0.049980596057139337 0.032581316540017724 0.040301079628988656 0.033549840212802051 0.037164680892601165 0.032548746909015325 0.032376966788433492 0.052236488088965416 0.072161612566560507 0.18017040228005499 0.055376020725816488
leaf_count=37 21 9 19 5 4 36 8 6 17 11 7 9 27 9 21 9 18 35 24 25 15 24 19 24 20 20 33 48 120 36
internal_value=0 -0.0180402 0.00830129 0.0355297 -0.0272738 0.0325367 -0.0456361 -0.0491481 -0.0519805 0.0578625 -0.0534779 -0.0505816 0.0513984 -0.0501578 0.0505089 -0.0501174 -0.0501049 -0.0500955 -0.050088 -0.0500846 -0.050082 -0.0500798 -0.0500789 -0.0500781 -0.0500775 -0.0500769 -0.050078 -0.0500773 -0.0500758 -0.0500762
internal_weight=0 4.11158 2.1036 1.46803 0.852387 1.25121 2.00798 1.88359 1.7805 1.02236 1.73601 1.18458 0.725511 0.955244 0.425005 0.888841 0.844557 0.796086 0.704863 0.660953 0.610973 0.578391 0.535886 0.502336 0.462035 0.429486 0.212151 0.179774 0.217335 0.127538
internal_count=716 631 96 85 41 55 535 527 521 64 512 505 59 496 48 487 478 461 426 408 383 368 344 325 301 281 137 117 144 84
is_linear=0
shrinkage=0.05


end of trees

feature_importances:
Column_14=338
Column_13=291
Column_3=214
Column_17=176
Column_0=168
Column_19=157
Column_5=137
Column_7=128
Column_4=125
Column_11=115
Column_2=109
Column_15=109
Column_16=108
Column_12=100
Column_20=93
Column_10=89
Column_9=82
Column_18=82
Column_26=71
Column_8=68
Column_6=39
Column_28=31
Column_1=26
Column_27=5

parameters:
[boosting: gbdt]
[objective: binary]
[metric: binary_logloss]
[tree_learner: serial]
[device_type: cpu]
[data: ]
[valid: ]
[num_iterations: 100]
[learning_rate: 0.05]
[num_leaves: 31]
[num_threads: 6]
[deterministic: 0]
[force_col_wise: 0]
[force_row_wise: 0]
[histogram_pool_size: -1]
[max_depth: -1]
[min_data_in_leaf: 20]
[min_sum_hessian_in_leaf: 0.001]
[bagging_fraction: 0.8]
[pos_bagging_fraction: 1]
[neg_bagging_fraction: 1]
[bagging_freq: 5]
[bagging_seed: 400]
[feature_fraction: 0.9]
[feature_fraction_bynode: 1]
[feature_fraction_seed: 30056]
[extra_trees: 0]
[extra_seed: 12879]
[early_stopping_round: 0]
[first_metric_only: 0]
[max_delta_step: 0]
[lambda_l1: 0]
[lambda_l2: 0]
[linear_lambda: 0]
[min_gain_to_split: 0]
[drop_rate: 0.1]
[max_drop: 50]
[skip_drop: 0.5]
[xgboost_dart_mode: 0]
[uniform_drop: 0]
[drop_seed: 17869]
[top_rate: 0.2]
[other_rate: 0.1]
[min_data_per_group: 100]
[max_cat_threshold: 32]
[cat_l2: 10]
[cat_smooth: 10]
[max_cat_to_onehot: 4]
[top_k: 20]
[monotone_constraints: ]
[monotone_constraints_method: basic]
[monotone_penalty: 0]
[feature_contri: ]
[forcedsplits_filename: ]
[refit_decay_rate: 0.9]
[cegb_tradeoff: 1]
[cegb_penalty_split: 0]
[cegb_penalty_feature_lazy: ]
[cegb_penalty_feature_coupled: ]
[path_smooth: 0]
[interaction_constraints: ]
[verbosity: -1]
[saved_feature_importance_type: 0]
[linear_tree: 0]
[max_bin: 255]
[max_bin_by_feature: ]
[min_data_in_bin: 3]
[bin_construct_sample_cnt: 200000]
[data_random_seed: 175]
[is_enable_sparse: 1]
[enable_bundle: 1]
[use_missing: 1]
[zero_as_missing: 0]
[feature_pre_filter: 1]
[pre_partition: 0]
[two_round: 0]
[header: 0]
[label_column: ]
[weight_column: ]
[group_column: ]
[ignore_column: ]
[categorical_feature: ]
[forcedbins_filename: ]
[precise_float_parser: 0]
[parser_config_file: ]
[objective_seed: 16083]
[num_class: 1]
[is_unbalance: 0]
[scale_pos_weight: 1]
[sigmoid: 1]
[boost_from_average: 1]
[reg_sqrt: 0]
[alpha: 0.9]
[fair_c: 1]
[poisson_max_delta_step: 0.7]
[tweedie_variance_power: 1.5]
[lambdarank_truncation_level: 30]
[lambdarank_norm: 1]
[label_gain: ]
[lambdarank_position_bias_regularization: 0]
[eval_at: ]
[multi_error_top_k: 1]
[auc_mu_weights: ]
[num_machines: 1]
[local_listen_port: 12400]
[time_out: 120]
[machine_list_filename: ]
[machines: ]
[gpu_platform_id: -1]
[gpu_device_id: -1]
[gpu_use_dp: 0]
[num_gpu: 1]

end of parameters

pandas_categorical:null
